Label,10kHz,40kHz,80kHz
Aluminium,401.4,400.3,400.5
Aluminium,401.2,400.2,400.3
Aluminium,401.1,400.1,400.2
Aluminium,400.9,399.9,399.9
Aluminium,400.7,399.7,399.7
Aluminium,400.5,399.5,399.6
Aluminium,400.3,399.4,399.5
Aluminium,400.1,399.3,399.4
Aluminium,400.1,399.3,399.2
Aluminium,400.0,399.2,399.1
Aluminium,399.9,399.2,399.1
Aluminium,399.8,399.1,399.0
Aluminium,399.7,399.0,398.8
Aluminium,399.8,399.0,398.9
Aluminium,399.8,399.1,398.9
Aluminium,399.8,399.0,398.8
Aluminium,399.7,398.9,398.8
Aluminium,399.7,398.8,398.7
Aluminium,399.7,398.8,398.7
Aluminium,399.6,398.7,398.6
Aluminium,399.5,398.7,398.6
Aluminium,399.4,398.7,398.6
Aluminium,399.5,398.7,398.5
Aluminium,399.4,398.7,398.5
Aluminium,399.4,398.6,398.4
Aluminium,399.5,398.7,398.6
Aluminium,399.3,398.6,398.4
Aluminium,399.1,398.3,398.1
Aluminium,398.9,398.1,397.8
Aluminium,398.6,397.8,397.5
Aluminium,398.2,397.3,397.0
Aluminium,397.7,396.7,396.3
Aluminium,397.4,396.3,396.1
Aluminium,397.9,396.9,396.8
Aluminium,399.0,397.8,397.7
Aluminium,399.2,397.9,397.7
Aluminium,398.5,397.3,397.1
Aluminium,397.4,396.2,395.8
Aluminium,396.2,395.0,394.6
Aluminium,395.0,393.8,393.5
Aluminium,394.5,393.4,393.1
Aluminium,394.0,393.0,392.6
Aluminium,393.5,392.4,392.1
Aluminium,393.0,391.9,391.6
Aluminium,392.5,391.4,391.1
Aluminium,392.0,391.0,390.7
Aluminium,391.6,390.6,390.3
Aluminium,391.3,390.1,389.9
Aluminium,390.9,389.7,389.5
Aluminium,390.5,389.4,389.2
Aluminium,390.2,389.0,388.9
Aluminium,389.9,388.6,388.5
Aluminium,389.5,388.3,388.3
Aluminium,389.2,388.0,388.0
Aluminium,388.9,387.7,387.8
Aluminium,388.6,387.5,387.4
Aluminium,388.4,387.3,387.1
Aluminium,388.2,387.1,386.9
Aluminium,387.9,386.9,386.6
Aluminium,387.6,386.7,386.4
Aluminium,387.4,386.5,386.3
Aluminium,387.1,386.3,386.1
Aluminium,387.0,386.1,385.9
Aluminium,386.7,385.8,385.6
Aluminium,386.4,385.6,385.4
Aluminium,386.2,385.4,385.2
Aluminium,385.9,385.2,385.0
Aluminium,385.6,385.0,384.7
Aluminium,385.3,384.6,384.4
Aluminium,385.0,384.2,384.1
Aluminium,384.9,383.9,383.9
Aluminium,384.6,383.8,383.8
Aluminium,384.5,383.6,383.6
Aluminium,384.4,383.4,383.4
Aluminium,384.2,383.2,383.3
Aluminium,384.2,383.2,383.2
Aluminium,384.2,383.2,383.2
Aluminium,384.1,383.1,383.1
Aluminium,384.2,383.1,383.0
Aluminium,384.2,382.9,382.9
Aluminium,384.1,382.9,382.9
Aluminium,384.2,383.0,382.8
Aluminium,384.2,383.1,382.9
Aluminium,384.3,383.1,382.8
Aluminium,384.2,383.1,382.8
Aluminium,384.2,383.1,382.8
Aluminium,384.1,383.0,382.8
Aluminium,384.1,383.0,382.8
Aluminium,384.2,382.9,382.7
Aluminium,384.2,383.0,382.7
Aluminium,384.2,383.0,382.8
Aluminium,384.3,383.1,382.9
Aluminium,384.2,383.0,382.9
Aluminium,384.2,382.9,382.8
Aluminium,384.0,382.8,382.7
Aluminium,383.9,382.7,382.5
Aluminium,383.9,382.6,382.5
Aluminium,383.8,382.5,382.4
Aluminium,383.8,382.5,382.4
Aluminium,383.8,382.6,382.6
Aluminium,369.2,368.3,368.3
Aluminium,369.2,368.3,368.2
Aluminium,369.1,368.2,368.2
Aluminium,369.1,368.2,368.2
Aluminium,369.1,368.2,368.2
Aluminium,369.1,368.1,368.2
Aluminium,369.1,368.1,368.2
Aluminium,369.1,368.1,368.1
Aluminium,369.1,368.1,368.1
Aluminium,369.2,368.1,368.2
Aluminium,369.6,368.6,368.5
Aluminium,369.6,368.6,368.6
Aluminium,369.6,368.6,368.6
Aluminium,369.6,368.6,368.7
Aluminium,369.7,368.7,368.8
Aluminium,369.7,368.7,368.8
Aluminium,369.8,368.8,368.8
Aluminium,369.8,368.8,368.8
Aluminium,369.8,368.8,368.8
Aluminium,369.8,368.8,368.8
Aluminium,369.8,368.8,368.8
Aluminium,369.8,368.9,368.8
Aluminium,369.8,368.8,368.8
Aluminium,369.8,368.9,368.9
Aluminium,369.8,368.8,368.9
Aluminium,369.8,368.8,368.9
Aluminium,369.8,368.9,368.9
Aluminium,369.8,368.9,368.9
Aluminium,369.9,368.9,368.9
Aluminium,369.8,368.9,369.0
Aluminium,369.9,368.9,369.0
Aluminium,369.9,369.0,368.9
Aluminium,369.9,369.1,368.9
Aluminium,370.0,369.1,368.9
Aluminium,370.0,369.1,369.0
Aluminium,369.9,369.1,369.0
Aluminium,369.9,369.2,369.0
Aluminium,370.0,369.2,369.0
Aluminium,370.0,369.2,369.1
Aluminium,370.0,369.2,369.1
Aluminium,370.1,369.2,369.1
Aluminium,370.1,369.2,369.1
Aluminium,370.0,369.2,369.2
Aluminium,370.0,369.2,369.2
Aluminium,370.1,369.2,369.2
Aluminium,370.2,369.2,369.3
Aluminium,370.2,369.3,369.2
Aluminium,370.1,369.4,369.2
Aluminium,370.1,369.4,369.2
Aluminium,370.1,369.4,369.2
Aluminium,370.1,369.4,369.2
Aluminium,370.0,369.4,369.2
Aluminium,370.0,369.4,369.2
Aluminium,370.2,369.4,369.2
Aluminium,370.2,369.4,369.2
Aluminium,370.2,369.4,369.2
Aluminium,370.2,369.3,369.2
Aluminium,370.2,369.3,369.3
Aluminium,370.2,369.4,369.3
Aluminium,370.2,369.4,369.3
Aluminium,370.2,369.4,369.3
Aluminium,370.2,369.4,369.3
Aluminium,370.2,369.4,369.3
Aluminium,370.2,369.4,369.3
Aluminium,370.2,369.4,369.3
Aluminium,370.2,369.3,369.4
Aluminium,370.2,369.3,369.3
Aluminium,370.2,369.3,369.3
Aluminium,370.2,369.3,369.4
Aluminium,370.2,369.3,369.4
Aluminium,370.2,369.3,369.4
Aluminium,370.3,369.3,369.3
Aluminium,370.2,369.3,369.4
Aluminium,370.2,369.3,369.4
Aluminium,370.2,369.3,369.4
Aluminium,370.2,369.4,369.3
Aluminium,370.3,369.3,369.4
Aluminium,370.3,369.4,369.3
Aluminium,370.3,369.4,369.4
Aluminium,370.3,369.4,369.4
Aluminium,370.3,369.4,369.5
Aluminium,370.3,369.4,369.5
Aluminium,370.2,369.3,369.5
Aluminium,370.3,369.3,369.4
Aluminium,370.3,369.4,369.4
Aluminium,370.3,369.4,369.4
Aluminium,370.3,369.4,369.3
Aluminium,370.3,369.5,369.4
Aluminium,370.2,369.5,369.3
Aluminium,370.2,369.5,369.3
Aluminium,370.8,370.2,370.1
Aluminium,372.2,371.6,371.6
Aluminium,376.4,376.1,376.4
Aluminium,383.3,382.9,383.5
Aluminium,389.9,389.4,390.1
Aluminium,395.9,395.2,395.8
Aluminium,401.2,400.6,401.1
Aluminium,406.3,405.6,406.1
Aluminium,410.9,410.3,410.8
Aluminium,415.4,414.7,415.2
Aluminium,464.2,463.0,462.9
Aluminium,464.1,462.9,462.8
Aluminium,463.9,462.7,462.6
Aluminium,463.8,462.7,462.7
Aluminium,463.9,462.9,462.8
Aluminium,464.1,463.1,463.1
Aluminium,464.5,463.7,463.5
Aluminium,465.0,464.2,464.0
Aluminium,465.5,464.6,464.5
Aluminium,465.8,465.0,464.7
Aluminium,466.2,465.3,465.0
Aluminium,466.6,465.8,465.6
Aluminium,467.0,466.2,466.0
Aluminium,467.5,466.6,466.5
Aluminium,468.0,467.0,467.0
Aluminium,468.6,467.6,467.5
Aluminium,469.2,468.1,468.2
Aluminium,469.9,468.8,468.8
Aluminium,470.3,469.1,469.1
Aluminium,470.7,469.5,469.4
Aluminium,471.0,469.9,470.0
Aluminium,471.5,470.3,470.4
Aluminium,471.8,470.8,470.8
Aluminium,472.1,471.0,471.0
Aluminium,471.8,470.9,470.8
Aluminium,471.6,470.8,470.6
Aluminium,471.6,470.8,470.6
Aluminium,471.5,470.6,470.3
Aluminium,470.8,469.9,469.6
Aluminium,469.8,468.8,468.4
Aluminium,468.1,467.2,466.7
Aluminium,466.1,465.2,464.7
Aluminium,464.4,463.5,463.1
Aluminium,463.3,462.3,461.9
Aluminium,461.9,460.9,460.4
Aluminium,460.2,459.3,458.8
Aluminium,458.9,457.9,457.4
Aluminium,457.1,456.0,455.4
Aluminium,454.3,453.3,452.8
Aluminium,451.4,450.5,449.8
Aluminium,448.0,447.2,446.6
Aluminium,444.4,443.5,442.9
Aluminium,441.1,440.3,439.7
Aluminium,438.1,437.2,436.6
Aluminium,435.2,434.2,433.6
Aluminium,432.5,431.4,430.9
Aluminium,430.0,428.9,428.2
Aluminium,427.7,426.7,425.9
Aluminium,425.6,424.7,424.0
Aluminium,424.1,423.0,422.3
Aluminium,422.5,421.5,420.7
Aluminium,420.7,419.6,419.0
Aluminium,418.5,417.4,416.8
Aluminium,417.2,416.1,415.5
Aluminium,416.2,415.2,414.8
Aluminium,417.0,416.1,415.7
Aluminium,416.9,416.1,415.7
Aluminium,416.9,416.1,416.0
Aluminium,417.5,416.6,416.5
Aluminium,418.2,417.5,417.4
Aluminium,419.9,419.1,419.1
Aluminium,421.2,420.3,420.4
Aluminium,422.0,421.0,421.0
Aluminium,422.4,421.5,421.4
Aluminium,422.9,422.0,421.8
Aluminium,423.4,422.5,422.2
Aluminium,423.7,422.8,422.6
Aluminium,424.3,423.4,423.2
Aluminium,424.7,423.9,423.6
Aluminium,424.9,423.9,423.8
Aluminium,425.2,424.4,424.3
Aluminium,426.3,425.5,425.4
Aluminium,428.1,427.4,427.3
Aluminium,430.7,430.0,430.0
Aluminium,434.4,433.9,434.0
Aluminium,438.6,437.9,437.9
Aluminium,442.7,441.8,442.0
Aluminium,446.8,445.9,446.2
Aluminium,450.6,449.6,450.2
Aluminium,454.4,453.4,453.9
Aluminium,458.1,457.2,457.7
Aluminium,461.9,461.0,461.5
Aluminium,465.4,464.5,465.0
Aluminium,468.9,468.0,468.4
Aluminium,471.9,471.2,471.6
Aluminium,474.8,474.0,474.4
Aluminium,477.3,476.4,476.8
Aluminium,479.6,478.6,479.0
Aluminium,480.8,479.8,480.1
Aluminium,482.0,481.0,481.2
Aluminium,482.3,481.1,481.2
Aluminium,481.4,480.1,480.2
Aluminium,480.3,479.2,479.2
Aluminium,479.4,478.1,478.1
Aluminium,477.4,476.2,476.3
Aluminium,475.5,474.3,474.3
Aluminium,473.7,472.5,472.6
Aluminium,471.6,470.3,470.4
Aluminium,469.2,468.0,468.1
Aluminium,467.1,466.0,465.8
Aluminium,556.6,555.7,555.6
Aluminium,556.7,555.9,555.8
Aluminium,556.9,556.0,556.0
Aluminium,556.9,556.0,556.0
Aluminium,556.6,555.8,555.8
Aluminium,556.4,555.4,555.3
Aluminium,556.0,554.9,554.8
Aluminium,555.6,554.4,554.3
Aluminium,555.3,554.0,553.9
Aluminium,554.9,553.6,553.5
Aluminium,554.6,553.1,553.3
Aluminium,554.6,553.1,553.2
Aluminium,554.5,553.1,553.1
Aluminium,554.7,553.4,553.5
Aluminium,554.7,553.5,553.5
Aluminium,554.9,553.8,553.8
Aluminium,555.2,554.1,554.1
Aluminium,555.6,554.5,554.5
Aluminium,556.1,555.0,555.1
Aluminium,556.7,555.8,555.8
Aluminium,557.7,556.8,556.9
Aluminium,559.2,558.4,558.4
Aluminium,560.7,560.0,560.0
Aluminium,562.1,561.3,561.2
Aluminium,561.9,561.0,560.8
Aluminium,561.1,560.1,559.7
Aluminium,558.8,557.7,557.6
Aluminium,556.5,555.3,555.3
Aluminium,553.7,552.4,552.3
Aluminium,549.6,548.3,548.0
Aluminium,545.1,543.7,543.4
Aluminium,540.8,539.4,539.2
Aluminium,536.5,535.0,534.7
Aluminium,532.8,531.5,531.3
Aluminium,530.1,528.8,528.7
Aluminium,527.7,526.3,526.2
Aluminium,523.9,522.4,522.2
Aluminium,520.2,518.7,518.6
Aluminium,516.0,514.5,514.4
Aluminium,511.6,510.1,510.2
Aluminium,507.3,505.8,505.7
Aluminium,502.9,501.4,501.3
Aluminium,498.7,497.2,497.0
Aluminium,494.5,493.0,492.9
Aluminium,490.0,488.5,488.4
Aluminium,485.8,484.2,484.1
Aluminium,481.5,479.9,479.7
Aluminium,477.2,475.7,475.5
Aluminium,472.9,471.5,471.3
Aluminium,469.0,467.4,467.2
Aluminium,465.0,463.3,463.2
Aluminium,461.1,459.4,459.2
Aluminium,457.3,455.6,455.4
Aluminium,453.7,452.0,452.0
Aluminium,450.8,449.0,449.0
Aluminium,448.1,446.5,446.5
Aluminium,445.8,444.3,444.3
Aluminium,443.8,442.1,442.1
Aluminium,441.6,440.0,440.1
Aluminium,439.5,437.9,438.0
Aluminium,437.4,435.9,436.0
Aluminium,435.3,433.9,433.9
Aluminium,433.3,431.9,431.9
Aluminium,431.4,429.9,430.0
Aluminium,429.6,428.1,428.3
Aluminium,427.9,426.5,426.7
Aluminium,426.5,425.1,425.1
Aluminium,425.0,423.7,423.7
Aluminium,423.7,422.4,422.4
Aluminium,422.5,421.3,421.3
Aluminium,421.3,420.2,420.2
Aluminium,420.2,419.0,419.0
Aluminium,419.3,418.0,418.0
Aluminium,418.3,417.2,417.1
Aluminium,417.5,416.4,416.4
Aluminium,416.8,415.8,415.7
Aluminium,416.1,415.1,415.0
Aluminium,415.6,414.6,414.4
Aluminium,415.1,413.9,413.8
Aluminium,414.5,413.3,413.2
Aluminium,413.9,412.7,412.5
Aluminium,413.3,412.0,411.9
Aluminium,412.6,411.4,411.3
Aluminium,412.0,410.9,410.8
Aluminium,411.5,410.4,410.3
Aluminium,410.8,409.8,409.7
Aluminium,410.3,409.2,409.1
Aluminium,409.8,408.8,408.6
Aluminium,409.3,408.2,408.1
Aluminium,408.8,407.8,407.7
Aluminium,408.4,407.4,407.2
Aluminium,407.9,407.0,406.8
Aluminium,407.5,406.6,406.4
Aluminium,407.1,406.1,406.0
Aluminium,406.6,405.7,405.5
Aluminium,406.2,405.3,405.0
Aluminium,405.8,404.9,404.7
Aluminium,405.5,404.6,404.4
Aluminium,405.3,404.2,404.1
Aluminium,405.0,403.9,403.6
Aluminium,435.3,433.7,433.8
Aluminium,435.0,433.5,433.5
Aluminium,434.7,433.2,433.1
Aluminium,433.8,432.3,432.2
Aluminium,432.8,431.4,431.3
Aluminium,431.9,430.5,430.4
Aluminium,431.0,429.7,429.6
Aluminium,430.3,429.0,428.8
Aluminium,429.6,428.3,428.1
Aluminium,428.8,427.5,427.2
Aluminium,428.8,427.5,427.3
Aluminium,428.6,427.5,427.4
Aluminium,428.0,426.8,426.7
Aluminium,426.8,425.6,425.5
Aluminium,426.0,424.7,424.6
Aluminium,425.5,424.4,424.5
Aluminium,425.7,424.5,424.7
Aluminium,425.8,424.7,424.8
Aluminium,425.1,423.8,423.7
Aluminium,423.7,422.4,422.4
Aluminium,422.3,421.1,420.9
Aluminium,420.9,419.7,419.5
Aluminium,419.5,418.2,418.1
Aluminium,418.1,416.9,416.9
Aluminium,416.8,415.6,415.6
Aluminium,415.7,414.4,414.4
Aluminium,414.6,413.5,413.3
Aluminium,413.4,412.4,412.2
Aluminium,412.5,411.4,411.3
Aluminium,411.8,410.8,410.6
Aluminium,411.2,410.3,410.0
Aluminium,410.5,409.7,409.3
Aluminium,409.8,409.0,408.6
Aluminium,409.2,408.3,407.9
Aluminium,408.7,407.9,407.6
Aluminium,408.6,407.7,407.4
Aluminium,408.5,407.6,407.3
Aluminium,408.3,407.3,407.0
Aluminium,408.1,407.1,406.7
Aluminium,407.8,406.8,406.5
Aluminium,407.6,406.5,406.2
Aluminium,407.3,406.4,405.9
Aluminium,406.9,406.1,405.7
Aluminium,406.7,405.7,405.4
Aluminium,406.3,405.5,405.1
Aluminium,406.1,405.2,404.9
Aluminium,405.9,405.0,404.7
Aluminium,405.6,404.8,404.5
Aluminium,405.3,404.5,404.2
Aluminium,405.0,404.2,403.9
Aluminium,404.8,404.1,403.7
Aluminium,404.6,403.8,403.4
Aluminium,404.2,403.5,403.2
Aluminium,404.0,403.2,402.9
Aluminium,403.7,402.9,402.7
Aluminium,403.4,402.4,402.3
Aluminium,403.1,402.2,402.0
Aluminium,402.8,401.9,401.6
Aluminium,402.6,401.6,401.4
Aluminium,402.2,401.4,401.1
Aluminium,402.0,401.0,400.8
Aluminium,401.7,400.8,400.6
Aluminium,401.4,400.5,400.3
Aluminium,401.1,400.2,400.0
Aluminium,400.9,399.9,399.7
Aluminium,400.6,399.5,399.5
Aluminium,400.5,399.3,399.3
Aluminium,400.3,399.1,399.0
Aluminium,400.0,398.8,398.7
Aluminium,399.7,398.6,398.5
Aluminium,399.6,398.4,398.2
Aluminium,399.4,398.2,398.0
Aluminium,399.3,397.9,397.9
Aluminium,399.0,397.8,397.7
Aluminium,398.8,397.7,397.4
Aluminium,398.6,397.5,397.3
Aluminium,398.5,397.5,397.2
Aluminium,398.5,397.6,397.1
Aluminium,398.4,397.6,397.0
Aluminium,398.3,397.6,397.0
Aluminium,398.3,397.6,397.0
Aluminium,398.3,397.5,397.0
Aluminium,398.3,397.5,397.0
Aluminium,398.4,397.6,397.0
Aluminium,398.4,397.6,397.0
Aluminium,398.4,397.6,397.2
Aluminium,398.5,397.6,397.2
Aluminium,398.5,397.5,397.4
Aluminium,398.5,397.6,397.4
Aluminium,398.5,397.6,397.5
Aluminium,398.6,397.6,397.6
Aluminium,398.7,397.6,397.7
Aluminium,398.8,397.7,397.8
Aluminium,398.8,397.7,397.8
Aluminium,398.9,397.8,397.9
Aluminium,399.1,398.0,398.1
Aluminium,399.3,398.2,398.3
Aluminium,399.5,398.3,398.3
Aluminium,399.4,398.3,398.3
Aluminium,399.3,398.2,398.3
Aluminium,501.8,501.1,501.1
Aluminium,501.5,500.8,500.8
Aluminium,501.4,500.7,500.8
Aluminium,501.4,500.6,500.7
Aluminium,501.2,500.4,500.5
Aluminium,500.9,500.1,500.2
Aluminium,500.8,500.0,500.0
Aluminium,500.2,499.4,499.3
Aluminium,499.4,498.6,498.4
Aluminium,497.7,496.9,496.7
Aluminium,495.9,495.0,494.9
Aluminium,493.5,492.5,492.3
Aluminium,490.6,489.6,489.4
Aluminium,487.5,486.4,486.3
Aluminium,484.6,483.5,483.3
Aluminium,481.6,480.5,480.4
Aluminium,478.6,477.5,477.5
Aluminium,475.8,474.5,474.6
Aluminium,472.9,471.8,471.7
Aluminium,470.2,469.1,468.9
Aluminium,467.4,466.3,466.2
Aluminium,464.6,463.5,463.3
Aluminium,461.8,460.8,460.6
Aluminium,459.0,458.0,458.0
Aluminium,456.5,455.6,455.5
Aluminium,454.1,453.2,453.1
Aluminium,451.8,450.8,450.8
Aluminium,449.7,448.6,448.7
Aluminium,447.8,446.7,446.7
Aluminium,445.9,444.8,444.9
Aluminium,444.4,443.2,443.4
Aluminium,443.1,442.0,442.0
Aluminium,441.9,440.8,440.9
Aluminium,440.8,439.6,439.7
Aluminium,439.8,438.6,438.8
Aluminium,438.8,437.7,437.9
Aluminium,437.9,436.8,436.9
Aluminium,436.9,435.8,435.9
Aluminium,435.7,434.8,434.7
Aluminium,434.6,433.7,433.7
Aluminium,433.4,432.5,432.6
Aluminium,432.4,431.5,431.6
Aluminium,431.6,430.5,430.7
Aluminium,430.7,429.5,429.6
Aluminium,429.8,428.6,428.7
Aluminium,428.9,427.6,427.7
Aluminium,428.1,426.8,426.9
Aluminium,427.2,425.9,425.9
Aluminium,426.5,425.1,425.2
Aluminium,425.8,424.6,424.6
Aluminium,425.5,424.3,424.4
Aluminium,425.2,424.1,424.1
Aluminium,425.3,424.1,424.2
Aluminium,425.4,424.2,424.4
Aluminium,425.5,424.3,424.5
Aluminium,425.8,424.4,424.6
Aluminium,425.7,424.3,424.5
Aluminium,425.7,424.3,424.5
Aluminium,425.5,424.2,424.5
Aluminium,425.4,424.1,424.4
Aluminium,425.3,424.0,424.3
Aluminium,425.4,424.0,424.2
Aluminium,425.4,424.1,424.3
Aluminium,425.5,424.3,424.5
Aluminium,425.7,424.4,424.7
Aluminium,425.9,424.6,424.8
Aluminium,426.0,424.8,424.9
Aluminium,426.2,424.9,425.1
Aluminium,426.4,425.2,425.4
Aluminium,426.7,425.6,425.7
Aluminium,426.9,425.8,425.9
Aluminium,427.2,426.1,426.2
Aluminium,427.4,426.2,426.4
Aluminium,427.6,426.4,426.6
Aluminium,427.8,426.6,426.8
Aluminium,428.0,426.8,427.0
Aluminium,428.1,427.0,427.2
Aluminium,428.2,427.2,427.4
Aluminium,428.4,427.4,427.6
Aluminium,428.5,427.6,427.7
Aluminium,428.6,427.7,427.8
Aluminium,428.8,428.0,428.0
Aluminium,428.9,428.2,428.3
Aluminium,429.2,428.5,428.6
Aluminium,429.6,428.8,429.0
Aluminium,430.0,429.3,429.3
Aluminium,430.4,429.5,429.6
Aluminium,430.6,429.8,429.9
Aluminium,431.5,430.8,430.9
Aluminium,432.6,431.9,431.9
Aluminium,434.0,433.4,433.4
Aluminium,435.6,434.9,434.9
Aluminium,437.1,436.6,436.6
Aluminium,438.8,438.2,438.3
Aluminium,440.6,439.9,440.0
Aluminium,442.3,441.6,441.8
Aluminium,443.9,443.1,443.2
Aluminium,445.2,444.3,444.5
Aluminium,446.6,445.7,446.0
Aluminium,414.9,413.2,413.6
Aluminium,414.8,413.1,413.5
Aluminium,414.7,412.9,413.5
Aluminium,414.7,412.9,413.4
Aluminium,414.6,412.8,413.3
Aluminium,414.5,412.8,413.2
Aluminium,414.4,412.8,413.1
Aluminium,414.3,412.7,413.0
Aluminium,414.2,412.6,413.0
Aluminium,414.0,412.5,412.9
Aluminium,414.0,412.4,412.8
Aluminium,413.8,412.3,412.7
Aluminium,413.8,412.2,412.7
Aluminium,413.7,412.2,412.7
Aluminium,413.6,412.1,412.6
Aluminium,413.5,412.1,412.6
Aluminium,413.5,412.0,412.5
Aluminium,413.4,412.1,412.4
Aluminium,413.4,412.0,412.4
Aluminium,413.4,411.9,412.3
Aluminium,413.3,411.8,412.2
Aluminium,413.3,411.8,412.2
Aluminium,413.2,411.8,412.2
Aluminium,413.1,411.8,412.1
Aluminium,413.1,411.6,412.1
Aluminium,413.0,411.7,412.0
Aluminium,413.0,411.6,412.0
Aluminium,413.0,411.6,411.9
Aluminium,413.0,411.6,411.9
Aluminium,413.0,411.6,411.9
Aluminium,413.0,411.6,411.8
Aluminium,413.0,411.6,411.9
Aluminium,412.9,411.6,411.8
Aluminium,412.9,411.6,411.7
Aluminium,412.9,411.5,411.7
Aluminium,412.9,411.4,411.7
Aluminium,412.9,411.4,411.7
Aluminium,412.9,411.4,411.7
Aluminium,412.9,411.4,411.7
Aluminium,412.8,411.4,411.7
Aluminium,412.8,411.3,411.6
Aluminium,412.8,411.3,411.7
Aluminium,412.8,411.3,411.7
Aluminium,412.8,411.2,411.7
Aluminium,412.8,411.3,411.8
Aluminium,412.7,411.3,411.7
Aluminium,412.7,411.2,411.7
Aluminium,412.7,411.2,411.6
Aluminium,412.7,411.2,411.6
Aluminium,412.7,411.2,411.6
Aluminium,412.7,411.3,411.6
Aluminium,412.8,411.3,411.6
Aluminium,412.9,411.2,411.5
Aluminium,412.8,411.3,411.5
Aluminium,412.7,411.3,411.6
Aluminium,412.6,411.4,411.6
Aluminium,412.6,411.4,411.6
Aluminium,412.6,411.4,411.6
Aluminium,412.6,411.4,411.5
Aluminium,412.6,411.4,411.5
Aluminium,412.5,411.5,411.4
Aluminium,412.5,411.4,411.5
Aluminium,412.5,411.4,411.5
Aluminium,412.5,411.4,411.6
Aluminium,412.5,411.3,411.5
Aluminium,412.5,411.3,411.6
Aluminium,412.5,411.3,411.6
Aluminium,412.5,411.2,411.6
Aluminium,412.5,411.2,411.6
Aluminium,412.4,411.2,411.6
Aluminium,412.5,411.2,411.6
Aluminium,412.5,411.2,411.6
Aluminium,412.5,411.2,411.6
Aluminium,412.5,411.2,411.6
Aluminium,412.6,411.3,411.6
Aluminium,412.6,411.3,411.5
Aluminium,412.6,411.3,411.5
Aluminium,412.6,411.3,411.4
Aluminium,412.6,411.3,411.5
Aluminium,412.6,411.3,411.5
Aluminium,412.6,411.3,411.5
Aluminium,412.6,411.3,411.5
Aluminium,412.6,411.3,411.6
Aluminium,412.6,411.2,411.5
Aluminium,412.7,411.3,411.5
Aluminium,412.7,411.3,411.6
Aluminium,412.8,411.3,411.6
Aluminium,412.7,411.4,411.6
Aluminium,412.7,411.4,411.6
Aluminium,412.7,411.5,411.6
Aluminium,412.6,411.5,411.5
Aluminium,412.7,411.4,411.5
Aluminium,412.7,411.4,411.5
Aluminium,412.8,411.4,411.5
Aluminium,412.8,411.4,411.5
Aluminium,412.8,411.5,411.5
Aluminium,412.9,411.5,411.5
Aluminium,412.9,411.4,411.5
Aluminium,413.0,411.4,411.5
Aluminium,413.0,411.4,411.5
Aluminium,378.5,377.2,376.9
Aluminium,378.4,377.2,376.9
Aluminium,378.4,377.1,376.9
Aluminium,378.3,377.0,376.9
Aluminium,378.3,377.0,376.9
Aluminium,378.2,377.0,376.9
Aluminium,378.2,377.0,376.9
Aluminium,378.2,377.0,376.9
Aluminium,378.2,377.0,376.8
Aluminium,378.1,377.0,376.9
Aluminium,378.1,376.9,376.8
Aluminium,378.1,376.9,376.7
Aluminium,378.1,376.9,376.7
Aluminium,378.1,376.9,376.7
Aluminium,378.1,377.0,376.7
Aluminium,378.1,376.9,376.7
Aluminium,378.2,376.9,376.7
Aluminium,378.2,376.9,376.8
Aluminium,378.2,377.0,376.7
Aluminium,378.2,376.9,376.7
Aluminium,378.3,376.9,376.8
Aluminium,378.2,377.0,376.9
Aluminium,378.2,376.9,376.8
Aluminium,378.2,376.9,376.9
Aluminium,378.3,376.9,376.9
Aluminium,378.4,377.0,376.9
Aluminium,378.3,377.1,376.9
Aluminium,378.4,377.1,376.9
Aluminium,378.4,377.2,377.0
Aluminium,378.5,377.2,377.0
Aluminium,378.5,377.2,377.0
Aluminium,378.5,377.3,377.1
Aluminium,378.6,377.3,377.2
Aluminium,378.6,377.4,377.2
Aluminium,378.6,377.5,377.3
Aluminium,378.7,377.5,377.3
Aluminium,378.8,377.4,377.3
Aluminium,378.9,377.4,377.3
Aluminium,378.9,377.4,377.3
Aluminium,378.9,377.4,377.3
Aluminium,378.9,377.4,377.3
Aluminium,378.9,377.5,377.3
Aluminium,378.9,377.5,377.3
Aluminium,378.9,377.4,377.4
Aluminium,378.9,377.4,377.4
Aluminium,378.9,377.4,377.5
Aluminium,378.8,377.4,377.4
Aluminium,378.7,377.3,377.3
Aluminium,378.7,377.4,377.3
Aluminium,378.6,377.4,377.3
Aluminium,378.6,377.4,377.3
Aluminium,378.5,377.4,377.3
Aluminium,378.5,377.4,377.3
Aluminium,378.6,377.4,377.2
Aluminium,378.6,377.5,377.2
Aluminium,378.5,377.5,377.1
Aluminium,378.5,377.5,377.1
Aluminium,378.5,377.6,377.1
Aluminium,378.6,377.6,377.1
Aluminium,378.5,377.5,377.1
Aluminium,378.6,377.5,377.1
Aluminium,378.6,377.5,377.1
Aluminium,378.7,377.6,377.0
Aluminium,378.7,377.5,377.0
Aluminium,378.7,377.5,377.1
Aluminium,378.7,377.6,377.1
Aluminium,378.7,377.5,377.1
Aluminium,378.7,377.4,377.1
Aluminium,378.6,377.4,377.1
Aluminium,378.6,377.2,377.1
Aluminium,378.6,377.2,377.0
Aluminium,378.5,377.1,376.9
Aluminium,378.5,377.2,376.9
Aluminium,378.4,377.3,376.7
Aluminium,378.5,377.2,376.7
Aluminium,378.5,377.1,376.7
Aluminium,378.5,377.1,376.7
Aluminium,378.5,377.1,376.7
Aluminium,378.4,377.1,376.7
Aluminium,378.3,377.1,376.8
Aluminium,378.3,377.1,376.8
Aluminium,378.3,377.1,376.8
Aluminium,378.2,377.1,376.8
Aluminium,378.3,377.0,376.8
Aluminium,378.3,377.0,376.8
Aluminium,378.3,377.0,376.9
Aluminium,378.3,377.1,376.9
Aluminium,378.2,377.0,376.9
Aluminium,378.3,377.0,376.9
Aluminium,378.3,377.0,376.9
Aluminium,378.3,377.0,376.9
Aluminium,378.4,377.0,376.9
Aluminium,378.3,377.0,376.8
Aluminium,378.3,377.0,376.9
Aluminium,378.3,377.0,377.0
Aluminium,378.3,377.0,376.9
Aluminium,378.3,377.0,376.9
Aluminium,378.3,377.1,376.8
Aluminium,378.3,377.1,376.8
Aluminium,378.4,377.1,376.8
Aluminium,376.9,375.6,375.4
Aluminium,376.8,375.6,375.4
Aluminium,376.8,375.6,375.4
Aluminium,376.8,375.7,375.5
Aluminium,376.8,375.7,375.5
Aluminium,376.8,375.6,375.5
Aluminium,376.7,375.6,375.5
Aluminium,376.7,375.6,375.5
Aluminium,376.7,375.6,375.4
Aluminium,376.7,375.6,375.6
Aluminium,376.8,375.6,375.5
Aluminium,376.9,375.6,375.6
Aluminium,376.8,375.6,375.6
Aluminium,376.8,375.6,375.7
Aluminium,376.8,375.6,375.5
Aluminium,376.8,375.6,375.6
Aluminium,376.7,375.6,375.6
Aluminium,376.8,375.5,375.6
Aluminium,376.7,375.6,375.5
Aluminium,376.9,375.5,375.4
Aluminium,376.8,375.5,375.4
Aluminium,376.8,375.5,375.4
Aluminium,376.7,375.6,375.4
Aluminium,376.7,375.5,375.4
Aluminium,376.8,375.5,375.5
Aluminium,376.7,375.5,375.4
Aluminium,376.6,375.5,375.3
Aluminium,376.6,375.4,375.3
Aluminium,376.6,375.3,375.3
Aluminium,376.6,375.3,375.3
Aluminium,376.6,375.3,375.3
Aluminium,376.6,375.3,375.3
Aluminium,376.6,375.3,375.2
Aluminium,376.6,375.3,375.2
Aluminium,376.7,375.3,375.3
Aluminium,376.7,375.3,375.3
Aluminium,376.7,375.4,375.2
Aluminium,376.7,375.3,375.3
Aluminium,376.7,375.4,375.3
Aluminium,376.7,375.5,375.3
Aluminium,376.8,375.4,375.4
Aluminium,376.8,375.4,375.4
Aluminium,376.7,375.4,375.4
Aluminium,376.7,375.4,375.4
Aluminium,376.8,375.5,375.3
Aluminium,376.8,375.4,375.3
Aluminium,376.8,375.4,375.4
Aluminium,376.8,375.4,375.3
Aluminium,376.8,375.5,375.4
Aluminium,376.8,375.5,375.4
Aluminium,376.8,375.5,375.5
Aluminium,376.8,375.5,375.4
Aluminium,376.8,375.5,375.4
Aluminium,376.8,375.5,375.4
Aluminium,376.8,375.5,375.4
Aluminium,376.8,375.4,375.5
Aluminium,376.8,375.5,375.4
Aluminium,376.8,375.4,375.4
Aluminium,376.9,375.4,375.4
Aluminium,376.9,375.3,375.4
Aluminium,377.0,375.3,375.5
Aluminium,377.0,375.4,375.5
Aluminium,377.0,375.5,375.6
Aluminium,377.1,375.6,375.5
Aluminium,377.1,375.7,375.6
Aluminium,377.1,375.8,375.6
Aluminium,377.1,375.7,375.7
Aluminium,377.2,375.7,375.8
Aluminium,377.2,375.6,375.8
Aluminium,377.3,375.6,375.8
Aluminium,377.3,375.7,375.8
Aluminium,377.3,375.7,375.9
Aluminium,377.4,375.7,375.9
Aluminium,377.3,375.7,375.9
Aluminium,377.4,375.8,375.9
Aluminium,377.3,375.8,375.9
Aluminium,377.3,375.8,375.9
Aluminium,377.3,375.8,375.9
Aluminium,377.3,375.8,375.9
Aluminium,377.3,375.8,375.9
Aluminium,377.4,375.8,375.9
Aluminium,377.3,375.8,375.9
Aluminium,377.3,375.8,375.9
Aluminium,377.4,375.9,376.0
Aluminium,377.5,375.8,375.9
Aluminium,377.4,375.8,376.0
Aluminium,377.4,375.8,376.0
Aluminium,377.3,375.8,376.0
Aluminium,377.3,375.8,376.1
Aluminium,377.4,375.8,376.1
Aluminium,377.4,375.8,376.2
Aluminium,377.3,375.8,376.2
Aluminium,377.4,375.9,376.2
Aluminium,377.3,375.8,376.2
Aluminium,377.3,375.9,376.1
Aluminium,377.3,375.9,376.1
Aluminium,377.3,376.0,376.1
Aluminium,377.3,376.0,376.2
Aluminium,377.3,376.1,376.1
Aluminium,377.3,376.1,376.2
Aluminium,376.9,375.3,375.1
Aluminium,376.9,375.2,375.2
Aluminium,376.8,375.3,375.1
Aluminium,376.8,375.3,375.1
Aluminium,376.9,375.2,375.1
Aluminium,376.8,375.3,375.0
Aluminium,376.9,375.3,375.1
Aluminium,376.9,375.3,375.1
Aluminium,376.9,375.2,375.1
Aluminium,376.8,375.2,375.1
Aluminium,376.9,375.2,375.1
Aluminium,376.8,375.3,375.0
Aluminium,376.8,375.3,375.1
Aluminium,376.8,375.3,375.1
Aluminium,376.8,375.4,375.1
Aluminium,376.9,375.4,375.2
Aluminium,377.0,375.4,375.3
Aluminium,377.0,375.5,375.3
Aluminium,377.1,375.5,375.3
Aluminium,377.0,375.6,375.3
Aluminium,377.1,375.6,375.4
Aluminium,377.1,375.7,375.5
Aluminium,377.2,375.7,375.5
Aluminium,377.2,375.7,375.5
Aluminium,377.2,375.7,375.5
Aluminium,377.3,375.8,375.5
Aluminium,377.4,375.8,375.6
Aluminium,377.3,375.8,375.6
Aluminium,377.4,375.7,375.6
Aluminium,377.4,375.8,375.7
Aluminium,377.3,375.8,375.8
Aluminium,377.3,375.9,375.8
Aluminium,377.4,375.9,375.7
Aluminium,377.3,375.9,375.7
Aluminium,377.4,375.8,375.7
Aluminium,377.4,375.8,375.7
Aluminium,377.4,375.8,375.7
Aluminium,377.4,375.8,375.7
Aluminium,377.5,375.8,375.8
Aluminium,377.6,375.9,375.7
Aluminium,377.5,375.9,375.7
Aluminium,377.5,375.9,375.7
Aluminium,377.6,375.9,375.7
Aluminium,377.5,375.8,375.7
Aluminium,377.6,375.8,375.7
Aluminium,377.6,375.8,375.6
Aluminium,377.6,375.9,375.7
Aluminium,377.6,375.9,375.7
Aluminium,377.6,375.9,375.7
Aluminium,377.6,375.9,375.7
Aluminium,377.6,375.9,375.7
Aluminium,377.5,376.0,375.7
Aluminium,377.6,376.0,375.7
Aluminium,377.6,376.0,375.7
Aluminium,377.7,376.1,375.6
Aluminium,377.7,376.1,375.6
Aluminium,377.7,376.1,375.7
Aluminium,377.7,376.2,375.8
Aluminium,377.6,376.3,375.8
Aluminium,377.7,376.3,375.8
Aluminium,377.7,376.3,375.8
Aluminium,377.7,376.2,375.9
Aluminium,377.7,376.2,375.9
Aluminium,377.6,376.2,375.9
Aluminium,377.6,376.2,375.9
Aluminium,377.7,376.2,375.9
Aluminium,377.8,376.2,376.1
Aluminium,377.7,376.2,376.0
Aluminium,377.7,376.1,375.9
Aluminium,377.7,376.1,376.0
Aluminium,377.6,376.2,375.9
Aluminium,377.6,376.1,376.0
Aluminium,377.6,376.2,376.0
Aluminium,377.6,376.1,376.0
Aluminium,377.5,376.2,376.1
Aluminium,377.5,376.1,376.1
Aluminium,377.5,376.0,376.1
Aluminium,377.4,376.0,376.1
Aluminium,377.5,376.0,376.2
Aluminium,377.5,376.1,376.2
Aluminium,377.5,376.1,376.2
Aluminium,377.4,376.0,376.2
Aluminium,377.5,376.0,376.2
Aluminium,377.5,376.1,376.3
Aluminium,377.4,376.1,376.3
Aluminium,377.4,376.1,376.2
Aluminium,377.4,376.2,376.3
Aluminium,377.4,376.1,376.3
Aluminium,377.4,376.1,376.2
Aluminium,377.4,376.1,376.2
Aluminium,377.4,376.1,376.2
Aluminium,377.5,376.2,376.2
Aluminium,377.5,376.2,376.2
Aluminium,377.5,376.2,376.2
Aluminium,377.6,376.2,376.1
Aluminium,377.6,376.1,376.2
Aluminium,377.6,376.1,376.2
Aluminium,377.6,376.2,376.2
Aluminium,377.6,376.2,376.2
Aluminium,377.7,376.2,376.2
Aluminium,377.1,375.4,375.5
Aluminium,377.2,375.4,375.5
Aluminium,377.2,375.4,375.4
Aluminium,377.2,375.4,375.5
Aluminium,377.2,375.4,375.5
Aluminium,377.2,375.5,375.5
Aluminium,377.2,375.4,375.6
Aluminium,377.2,375.5,375.6
Aluminium,377.2,375.5,375.5
Aluminium,377.2,375.5,375.4
Aluminium,377.2,375.5,375.5
Aluminium,377.1,375.5,375.6
Aluminium,377.2,375.6,375.5
Aluminium,377.1,375.7,375.6
Aluminium,377.2,375.7,375.6
Aluminium,377.1,375.7,375.5
Aluminium,377.1,375.8,375.6
Aluminium,377.2,375.8,375.7
Aluminium,377.3,375.8,375.8
Aluminium,377.2,375.9,375.8
Aluminium,377.3,376.0,375.8
Aluminium,377.2,376.0,375.8
Aluminium,377.3,376.0,375.9
Aluminium,377.3,376.0,375.8
Aluminium,377.2,376.1,375.8
Aluminium,377.2,376.0,375.8
Aluminium,377.1,376.1,375.7
Aluminium,377.1,376.0,375.8
Aluminium,377.2,376.0,375.7
Aluminium,377.3,375.9,375.6
Aluminium,377.2,376.0,375.7
Aluminium,377.1,376.0,375.7
Aluminium,377.1,376.0,375.7
Aluminium,377.1,375.9,375.6
Aluminium,377.2,375.9,375.6
Aluminium,377.1,375.7,375.6
Aluminium,377.0,375.7,375.5
Aluminium,376.9,375.6,375.4
Aluminium,376.9,375.5,375.4
Aluminium,376.9,375.4,375.4
Aluminium,376.8,375.3,375.3
Aluminium,376.8,375.2,375.2
Aluminium,376.7,375.1,375.1
Aluminium,376.7,375.0,375.1
Aluminium,376.8,374.9,375.0
Aluminium,376.7,375.0,374.9
Aluminium,376.6,374.9,374.9
Aluminium,376.6,374.9,374.8
Aluminium,376.5,374.8,374.8
Aluminium,376.4,374.7,374.9
Aluminium,376.4,374.6,374.8
Aluminium,376.5,374.6,374.8
Aluminium,376.4,374.5,374.8
Aluminium,376.3,374.5,374.7
Aluminium,376.5,374.4,374.6
Aluminium,376.4,374.3,374.6
Aluminium,376.4,374.4,374.5
Aluminium,376.4,374.3,374.5
Aluminium,376.4,374.3,374.4
Aluminium,376.4,374.3,374.4
Aluminium,376.3,374.2,374.4
Aluminium,376.3,374.2,374.4
Aluminium,376.2,374.2,374.4
Aluminium,376.2,374.2,374.3
Aluminium,376.1,374.2,374.3
Aluminium,376.1,374.2,374.3
Aluminium,376.0,374.1,374.3
Aluminium,375.9,374.1,374.3
Aluminium,375.9,374.1,374.3
Aluminium,375.9,374.1,374.4
Aluminium,375.9,374.2,374.4
Aluminium,375.9,374.2,374.3
Aluminium,375.9,374.2,374.3
Aluminium,375.9,374.2,374.3
Aluminium,375.9,374.2,374.3
Aluminium,375.8,374.1,374.2
Aluminium,375.8,374.1,374.3
Aluminium,375.8,374.1,374.2
Aluminium,375.8,374.1,374.2
Aluminium,375.7,374.1,374.2
Aluminium,375.7,374.1,374.2
Aluminium,375.7,374.1,374.1
Aluminium,375.7,374.0,374.0
Aluminium,375.7,374.0,374.0
Aluminium,375.7,374.1,374.0
Aluminium,375.7,374.2,374.1
Aluminium,375.7,374.2,374.0
Aluminium,375.7,374.1,374.0
Aluminium,375.6,374.2,374.0
Aluminium,375.6,374.2,374.0
Aluminium,375.5,374.1,374.0
Aluminium,375.5,374.1,374.0
Aluminium,375.5,374.0,374.0
Aluminium,375.4,374.0,374.0
Aluminium,375.4,374.1,373.9
Aluminium,375.4,374.1,374.0
Aluminium,375.4,374.0,374.0
Aluminium,375.4,374.0,374.0
Aluminium,375.4,374.0,374.0
Aluminium,375.3,374.0,374.0
Aluminium,401.4,400.3,400.5
Aluminium,401.2,400.2,400.3
Aluminium,401.1,400.1,400.2
Aluminium,400.9,399.9,399.9
Aluminium,400.7,399.7,399.7
Aluminium,400.5,399.5,399.6
Aluminium,400.3,399.4,399.5
Aluminium,400.1,399.3,399.4
Aluminium,400.1,399.3,399.2
Aluminium,400.0,399.2,399.1
Aluminium,399.9,399.2,399.1
Aluminium,399.8,399.1,399.0
Aluminium,399.7,399.0,398.8
Aluminium,399.8,399.0,398.9
Aluminium,399.8,399.1,398.9
Aluminium,399.8,399.0,398.8
Aluminium,399.7,398.9,398.8
Aluminium,399.7,398.8,398.7
Aluminium,399.7,398.8,398.7
Aluminium,399.6,398.7,398.6
Aluminium,399.5,398.7,398.6
Aluminium,399.4,398.7,398.6
Aluminium,399.5,398.7,398.5
Aluminium,399.4,398.7,398.5
Aluminium,399.4,398.6,398.4
Aluminium,399.5,398.7,398.6
Aluminium,399.3,398.6,398.4
Aluminium,399.1,398.3,398.1
Aluminium,398.9,398.1,397.8
Aluminium,398.6,397.8,397.5
Aluminium,398.2,397.3,397.0
Aluminium,397.7,396.7,396.3
Aluminium,397.4,396.3,396.1
Aluminium,397.9,396.9,396.8
Aluminium,399.0,397.8,397.7
Aluminium,399.2,397.9,397.7
Aluminium,398.5,397.3,397.1
Aluminium,397.4,396.2,395.8
Aluminium,396.2,395.0,394.6
Aluminium,395.0,393.8,393.5
Aluminium,394.5,393.4,393.1
Aluminium,394.0,393.0,392.6
Aluminium,393.5,392.4,392.1
Aluminium,393.0,391.9,391.6
Aluminium,392.5,391.4,391.1
Aluminium,392.0,391.0,390.7
Aluminium,391.6,390.6,390.3
Aluminium,391.3,390.1,389.9
Aluminium,390.9,389.7,389.5
Aluminium,390.5,389.4,389.2
Aluminium,390.2,389.0,388.9
Aluminium,389.9,388.6,388.5
Aluminium,389.5,388.3,388.3
Aluminium,389.2,388.0,388.0
Aluminium,388.9,387.7,387.8
Aluminium,388.6,387.5,387.4
Aluminium,388.4,387.3,387.1
Aluminium,388.2,387.1,386.9
Aluminium,387.9,386.9,386.6
Aluminium,387.6,386.7,386.4
Aluminium,387.4,386.5,386.3
Aluminium,387.1,386.3,386.1
Aluminium,387.0,386.1,385.9
Aluminium,386.7,385.8,385.6
Aluminium,386.4,385.6,385.4
Aluminium,386.2,385.4,385.2
Aluminium,385.9,385.2,385.0
Aluminium,385.6,385.0,384.7
Aluminium,385.3,384.6,384.4
Aluminium,385.0,384.2,384.1
Aluminium,384.9,383.9,383.9
Aluminium,384.6,383.8,383.8
Aluminium,384.5,383.6,383.6
Aluminium,384.4,383.4,383.4
Aluminium,384.2,383.2,383.3
Aluminium,384.2,383.2,383.2
Aluminium,384.2,383.2,383.2
Aluminium,384.1,383.1,383.1
Aluminium,384.2,383.1,383.0
Aluminium,384.2,382.9,382.9
Aluminium,384.1,382.9,382.9
Aluminium,384.2,383.0,382.8
Aluminium,384.2,383.1,382.9
Aluminium,384.3,383.1,382.8
Aluminium,384.2,383.1,382.8
Aluminium,384.2,383.1,382.8
Aluminium,384.1,383.0,382.8
Aluminium,384.1,383.0,382.8
Aluminium,384.2,382.9,382.7
Aluminium,384.2,383.0,382.7
Aluminium,384.2,383.0,382.8
Aluminium,384.3,383.1,382.9
Aluminium,384.2,383.0,382.9
Aluminium,384.2,382.9,382.8
Aluminium,384.0,382.8,382.7
Aluminium,383.9,382.7,382.5
Aluminium,383.9,382.6,382.5
Aluminium,383.8,382.5,382.4
Aluminium,383.8,382.5,382.4
Aluminium,383.8,382.6,382.6
Aluminium,369.2,368.3,368.3
Aluminium,369.2,368.3,368.2
Aluminium,369.1,368.2,368.2
Aluminium,369.1,368.2,368.2
Aluminium,369.1,368.2,368.2
Aluminium,369.1,368.1,368.2
Aluminium,369.1,368.1,368.2
Aluminium,369.1,368.1,368.1
Aluminium,369.1,368.1,368.1
Aluminium,369.2,368.1,368.2
Aluminium,369.6,368.6,368.5
Aluminium,369.6,368.6,368.6
Aluminium,369.6,368.6,368.6
Aluminium,369.6,368.6,368.7
Aluminium,369.7,368.7,368.8
Aluminium,369.7,368.7,368.8
Aluminium,369.8,368.8,368.8
Aluminium,369.8,368.8,368.8
Aluminium,369.8,368.8,368.8
Aluminium,369.8,368.8,368.8
Aluminium,369.8,368.8,368.8
Aluminium,369.8,368.9,368.8
Aluminium,369.8,368.8,368.8
Aluminium,369.8,368.9,368.9
Aluminium,369.8,368.8,368.9
Aluminium,369.8,368.8,368.9
Aluminium,369.8,368.9,368.9
Aluminium,369.8,368.9,368.9
Aluminium,369.9,368.9,368.9
Aluminium,369.8,368.9,369.0
Aluminium,369.9,368.9,369.0
Aluminium,369.9,369.0,368.9
Aluminium,369.9,369.1,368.9
Aluminium,370.0,369.1,368.9
Aluminium,370.0,369.1,369.0
Aluminium,369.9,369.1,369.0
Aluminium,369.9,369.2,369.0
Aluminium,370.0,369.2,369.0
Aluminium,370.0,369.2,369.1
Aluminium,370.0,369.2,369.1
Aluminium,370.1,369.2,369.1
Aluminium,370.1,369.2,369.1
Aluminium,370.0,369.2,369.2
Aluminium,370.0,369.2,369.2
Aluminium,370.1,369.2,369.2
Aluminium,370.2,369.2,369.3
Aluminium,370.2,369.3,369.2
Aluminium,370.1,369.4,369.2
Aluminium,370.1,369.4,369.2
Aluminium,370.1,369.4,369.2
Aluminium,370.1,369.4,369.2
Aluminium,370.0,369.4,369.2
Aluminium,370.0,369.4,369.2
Aluminium,370.2,369.4,369.2
Aluminium,370.2,369.4,369.2
Aluminium,370.2,369.4,369.2
Aluminium,370.2,369.3,369.2
Aluminium,370.2,369.3,369.3
Aluminium,370.2,369.4,369.3
Aluminium,370.2,369.4,369.3
Aluminium,370.2,369.4,369.3
Aluminium,370.2,369.4,369.3
Aluminium,370.2,369.4,369.3
Aluminium,370.2,369.4,369.3
Aluminium,370.2,369.4,369.3
Aluminium,370.2,369.3,369.4
Aluminium,370.2,369.3,369.3
Aluminium,370.2,369.3,369.3
Aluminium,370.2,369.3,369.4
Aluminium,370.2,369.3,369.4
Aluminium,370.2,369.3,369.4
Aluminium,370.3,369.3,369.3
Aluminium,370.2,369.3,369.4
Aluminium,370.2,369.3,369.4
Aluminium,370.2,369.3,369.4
Aluminium,370.2,369.4,369.3
Aluminium,370.3,369.3,369.4
Aluminium,370.3,369.4,369.3
Aluminium,370.3,369.4,369.4
Aluminium,370.3,369.4,369.4
Aluminium,370.3,369.4,369.5
Aluminium,370.3,369.4,369.5
Aluminium,370.2,369.3,369.5
Aluminium,370.3,369.3,369.4
Aluminium,370.3,369.4,369.4
Aluminium,370.3,369.4,369.4
Aluminium,370.3,369.4,369.3
Aluminium,370.3,369.5,369.4
Aluminium,370.2,369.5,369.3
Aluminium,370.2,369.5,369.3
Aluminium,370.8,370.2,370.1
Aluminium,372.2,371.6,371.6
Aluminium,376.4,376.1,376.4
Aluminium,383.3,382.9,383.5
Aluminium,389.9,389.4,390.1
Aluminium,395.9,395.2,395.8
Aluminium,401.2,400.6,401.1
Aluminium,406.3,405.6,406.1
Aluminium,410.9,410.3,410.8
Aluminium,415.4,414.7,415.2
Aluminium,464.2,463.0,462.9
Aluminium,464.1,462.9,462.8
Aluminium,463.9,462.7,462.6
Aluminium,463.8,462.7,462.7
Aluminium,463.9,462.9,462.8
Aluminium,464.1,463.1,463.1
Aluminium,464.5,463.7,463.5
Aluminium,465.0,464.2,464.0
Aluminium,465.5,464.6,464.5
Aluminium,465.8,465.0,464.7
Aluminium,466.2,465.3,465.0
Aluminium,466.6,465.8,465.6
Aluminium,467.0,466.2,466.0
Aluminium,467.5,466.6,466.5
Aluminium,468.0,467.0,467.0
Aluminium,468.6,467.6,467.5
Aluminium,469.2,468.1,468.2
Aluminium,469.9,468.8,468.8
Aluminium,470.3,469.1,469.1
Aluminium,470.7,469.5,469.4
Aluminium,471.0,469.9,470.0
Aluminium,471.5,470.3,470.4
Aluminium,471.8,470.8,470.8
Aluminium,472.1,471.0,471.0
Aluminium,471.8,470.9,470.8
Aluminium,471.6,470.8,470.6
Aluminium,471.6,470.8,470.6
Aluminium,471.5,470.6,470.3
Aluminium,470.8,469.9,469.6
Aluminium,469.8,468.8,468.4
Aluminium,468.1,467.2,466.7
Aluminium,466.1,465.2,464.7
Aluminium,464.4,463.5,463.1
Aluminium,463.3,462.3,461.9
Aluminium,461.9,460.9,460.4
Aluminium,460.2,459.3,458.8
Aluminium,458.9,457.9,457.4
Aluminium,457.1,456.0,455.4
Aluminium,454.3,453.3,452.8
Aluminium,451.4,450.5,449.8
Aluminium,448.0,447.2,446.6
Aluminium,444.4,443.5,442.9
Aluminium,441.1,440.3,439.7
Aluminium,438.1,437.2,436.6
Aluminium,435.2,434.2,433.6
Aluminium,432.5,431.4,430.9
Aluminium,430.0,428.9,428.2
Aluminium,427.7,426.7,425.9
Aluminium,425.6,424.7,424.0
Aluminium,424.1,423.0,422.3
Aluminium,422.5,421.5,420.7
Aluminium,420.7,419.6,419.0
Aluminium,418.5,417.4,416.8
Aluminium,417.2,416.1,415.5
Aluminium,416.2,415.2,414.8
Aluminium,417.0,416.1,415.7
Aluminium,416.9,416.1,415.7
Aluminium,416.9,416.1,416.0
Aluminium,417.5,416.6,416.5
Aluminium,418.2,417.5,417.4
Aluminium,419.9,419.1,419.1
Aluminium,421.2,420.3,420.4
Aluminium,422.0,421.0,421.0
Aluminium,422.4,421.5,421.4
Aluminium,422.9,422.0,421.8
Aluminium,423.4,422.5,422.2
Aluminium,423.7,422.8,422.6
Aluminium,424.3,423.4,423.2
Aluminium,424.7,423.9,423.6
Aluminium,424.9,423.9,423.8
Aluminium,425.2,424.4,424.3
Aluminium,426.3,425.5,425.4
Aluminium,428.1,427.4,427.3
Aluminium,430.7,430.0,430.0
Aluminium,434.4,433.9,434.0
Aluminium,438.6,437.9,437.9
Aluminium,442.7,441.8,442.0
Aluminium,446.8,445.9,446.2
Aluminium,450.6,449.6,450.2
Aluminium,454.4,453.4,453.9
Aluminium,458.1,457.2,457.7
Aluminium,461.9,461.0,461.5
Aluminium,465.4,464.5,465.0
Aluminium,468.9,468.0,468.4
Aluminium,471.9,471.2,471.6
Aluminium,474.8,474.0,474.4
Aluminium,477.3,476.4,476.8
Aluminium,479.6,478.6,479.0
Aluminium,480.8,479.8,480.1
Aluminium,482.0,481.0,481.2
Aluminium,482.3,481.1,481.2
Aluminium,481.4,480.1,480.2
Aluminium,480.3,479.2,479.2
Aluminium,479.4,478.1,478.1
Aluminium,477.4,476.2,476.3
Aluminium,475.5,474.3,474.3
Aluminium,473.7,472.5,472.6
Aluminium,471.6,470.3,470.4
Aluminium,469.2,468.0,468.1
Aluminium,467.1,466.0,465.8
Aluminium,556.6,555.7,555.6
Aluminium,556.7,555.9,555.8
Aluminium,556.9,556.0,556.0
Aluminium,556.9,556.0,556.0
Aluminium,556.6,555.8,555.8
Aluminium,556.4,555.4,555.3
Aluminium,556.0,554.9,554.8
Aluminium,555.6,554.4,554.3
Aluminium,555.3,554.0,553.9
Aluminium,554.9,553.6,553.5
Aluminium,554.6,553.1,553.3
Aluminium,554.6,553.1,553.2
Aluminium,554.5,553.1,553.1
Aluminium,554.7,553.4,553.5
Aluminium,554.7,553.5,553.5
Aluminium,554.9,553.8,553.8
Aluminium,555.2,554.1,554.1
Aluminium,555.6,554.5,554.5
Aluminium,556.1,555.0,555.1
Aluminium,556.7,555.8,555.8
Aluminium,557.7,556.8,556.9
Aluminium,559.2,558.4,558.4
Aluminium,560.7,560.0,560.0
Aluminium,562.1,561.3,561.2
Aluminium,561.9,561.0,560.8
Aluminium,561.1,560.1,559.7
Aluminium,558.8,557.7,557.6
Aluminium,556.5,555.3,555.3
Aluminium,553.7,552.4,552.3
Aluminium,549.6,548.3,548.0
Aluminium,545.1,543.7,543.4
Aluminium,540.8,539.4,539.2
Aluminium,536.5,535.0,534.7
Aluminium,532.8,531.5,531.3
Aluminium,530.1,528.8,528.7
Aluminium,527.7,526.3,526.2
Aluminium,523.9,522.4,522.2
Aluminium,520.2,518.7,518.6
Aluminium,516.0,514.5,514.4
Aluminium,511.6,510.1,510.2
Aluminium,507.3,505.8,505.7
Aluminium,502.9,501.4,501.3
Aluminium,498.7,497.2,497.0
Aluminium,494.5,493.0,492.9
Aluminium,490.0,488.5,488.4
Aluminium,485.8,484.2,484.1
Aluminium,481.5,479.9,479.7
Aluminium,477.2,475.7,475.5
Aluminium,472.9,471.5,471.3
Aluminium,469.0,467.4,467.2
Aluminium,465.0,463.3,463.2
Aluminium,461.1,459.4,459.2
Aluminium,457.3,455.6,455.4
Aluminium,453.7,452.0,452.0
Aluminium,450.8,449.0,449.0
Aluminium,448.1,446.5,446.5
Aluminium,445.8,444.3,444.3
Aluminium,443.8,442.1,442.1
Aluminium,441.6,440.0,440.1
Aluminium,439.5,437.9,438.0
Aluminium,437.4,435.9,436.0
Aluminium,435.3,433.9,433.9
Aluminium,433.3,431.9,431.9
Aluminium,431.4,429.9,430.0
Aluminium,429.6,428.1,428.3
Aluminium,427.9,426.5,426.7
Aluminium,426.5,425.1,425.1
Aluminium,425.0,423.7,423.7
Aluminium,423.7,422.4,422.4
Aluminium,422.5,421.3,421.3
Aluminium,421.3,420.2,420.2
Aluminium,420.2,419.0,419.0
Aluminium,419.3,418.0,418.0
Aluminium,418.3,417.2,417.1
Aluminium,417.5,416.4,416.4
Aluminium,416.8,415.8,415.7
Aluminium,416.1,415.1,415.0
Aluminium,415.6,414.6,414.4
Aluminium,415.1,413.9,413.8
Aluminium,414.5,413.3,413.2
Aluminium,413.9,412.7,412.5
Aluminium,413.3,412.0,411.9
Aluminium,412.6,411.4,411.3
Aluminium,412.0,410.9,410.8
Aluminium,411.5,410.4,410.3
Aluminium,410.8,409.8,409.7
Aluminium,410.3,409.2,409.1
Aluminium,409.8,408.8,408.6
Aluminium,409.3,408.2,408.1
Aluminium,408.8,407.8,407.7
Aluminium,408.4,407.4,407.2
Aluminium,407.9,407.0,406.8
Aluminium,407.5,406.6,406.4
Aluminium,407.1,406.1,406.0
Aluminium,406.6,405.7,405.5
Aluminium,406.2,405.3,405.0
Aluminium,405.8,404.9,404.7
Aluminium,405.5,404.6,404.4
Aluminium,405.3,404.2,404.1
Aluminium,405.0,403.9,403.6
Aluminium,435.3,433.7,433.8
Aluminium,435.0,433.5,433.5
Aluminium,434.7,433.2,433.1
Aluminium,433.8,432.3,432.2
Aluminium,432.8,431.4,431.3
Aluminium,431.9,430.5,430.4
Aluminium,431.0,429.7,429.6
Aluminium,430.3,429.0,428.8
Aluminium,429.6,428.3,428.1
Aluminium,428.8,427.5,427.2
Aluminium,428.8,427.5,427.3
Aluminium,428.6,427.5,427.4
Aluminium,428.0,426.8,426.7
Aluminium,426.8,425.6,425.5
Aluminium,426.0,424.7,424.6
Aluminium,425.5,424.4,424.5
Aluminium,425.7,424.5,424.7
Aluminium,425.8,424.7,424.8
Aluminium,425.1,423.8,423.7
Aluminium,423.7,422.4,422.4
Aluminium,422.3,421.1,420.9
Aluminium,420.9,419.7,419.5
Aluminium,419.5,418.2,418.1
Aluminium,418.1,416.9,416.9
Aluminium,416.8,415.6,415.6
Aluminium,415.7,414.4,414.4
Aluminium,414.6,413.5,413.3
Aluminium,413.4,412.4,412.2
Aluminium,412.5,411.4,411.3
Aluminium,411.8,410.8,410.6
Aluminium,411.2,410.3,410.0
Aluminium,410.5,409.7,409.3
Aluminium,409.8,409.0,408.6
Aluminium,409.2,408.3,407.9
Aluminium,408.7,407.9,407.6
Aluminium,408.6,407.7,407.4
Aluminium,408.5,407.6,407.3
Aluminium,408.3,407.3,407.0
Aluminium,408.1,407.1,406.7
Aluminium,407.8,406.8,406.5
Aluminium,407.6,406.5,406.2
Aluminium,407.3,406.4,405.9
Aluminium,406.9,406.1,405.7
Aluminium,406.7,405.7,405.4
Aluminium,406.3,405.5,405.1
Aluminium,406.1,405.2,404.9
Aluminium,405.9,405.0,404.7
Aluminium,405.6,404.8,404.5
Aluminium,405.3,404.5,404.2
Aluminium,405.0,404.2,403.9
Aluminium,404.8,404.1,403.7
Aluminium,404.6,403.8,403.4
Aluminium,404.2,403.5,403.2
Aluminium,404.0,403.2,402.9
Aluminium,403.7,402.9,402.7
Aluminium,403.4,402.4,402.3
Aluminium,403.1,402.2,402.0
Aluminium,402.8,401.9,401.6
Aluminium,402.6,401.6,401.4
Aluminium,402.2,401.4,401.1
Aluminium,402.0,401.0,400.8
Aluminium,401.7,400.8,400.6
Aluminium,401.4,400.5,400.3
Aluminium,401.1,400.2,400.0
Aluminium,400.9,399.9,399.7
Aluminium,400.6,399.5,399.5
Aluminium,400.5,399.3,399.3
Aluminium,400.3,399.1,399.0
Aluminium,400.0,398.8,398.7
Aluminium,399.7,398.6,398.5
Aluminium,399.6,398.4,398.2
Aluminium,399.4,398.2,398.0
Aluminium,399.3,397.9,397.9
Aluminium,399.0,397.8,397.7
Aluminium,398.8,397.7,397.4
Aluminium,398.6,397.5,397.3
Aluminium,398.5,397.5,397.2
Aluminium,398.5,397.6,397.1
Aluminium,398.4,397.6,397.0
Aluminium,398.3,397.6,397.0
Aluminium,398.3,397.6,397.0
Aluminium,398.3,397.5,397.0
Aluminium,398.3,397.5,397.0
Aluminium,398.4,397.6,397.0
Aluminium,398.4,397.6,397.0
Aluminium,398.4,397.6,397.2
Aluminium,398.5,397.6,397.2
Aluminium,398.5,397.5,397.4
Aluminium,398.5,397.6,397.4
Aluminium,398.5,397.6,397.5
Aluminium,398.6,397.6,397.6
Aluminium,398.7,397.6,397.7
Aluminium,398.8,397.7,397.8
Aluminium,398.8,397.7,397.8
Aluminium,398.9,397.8,397.9
Aluminium,399.1,398.0,398.1
Aluminium,399.3,398.2,398.3
Aluminium,399.5,398.3,398.3
Aluminium,399.4,398.3,398.3
Aluminium,399.3,398.2,398.3
Aluminium,501.8,501.1,501.1
Aluminium,501.5,500.8,500.8
Aluminium,501.4,500.7,500.8
Aluminium,501.4,500.6,500.7
Aluminium,501.2,500.4,500.5
Aluminium,500.9,500.1,500.2
Aluminium,500.8,500.0,500.0
Aluminium,500.2,499.4,499.3
Aluminium,499.4,498.6,498.4
Aluminium,497.7,496.9,496.7
Aluminium,495.9,495.0,494.9
Aluminium,493.5,492.5,492.3
Aluminium,490.6,489.6,489.4
Aluminium,487.5,486.4,486.3
Aluminium,484.6,483.5,483.3
Aluminium,481.6,480.5,480.4
Aluminium,478.6,477.5,477.5
Aluminium,475.8,474.5,474.6
Aluminium,472.9,471.8,471.7
Aluminium,470.2,469.1,468.9
Aluminium,467.4,466.3,466.2
Aluminium,464.6,463.5,463.3
Aluminium,461.8,460.8,460.6
Aluminium,459.0,458.0,458.0
Aluminium,456.5,455.6,455.5
Aluminium,454.1,453.2,453.1
Aluminium,451.8,450.8,450.8
Aluminium,449.7,448.6,448.7
Aluminium,447.8,446.7,446.7
Aluminium,445.9,444.8,444.9
Aluminium,444.4,443.2,443.4
Aluminium,443.1,442.0,442.0
Aluminium,441.9,440.8,440.9
Aluminium,440.8,439.6,439.7
Aluminium,439.8,438.6,438.8
Aluminium,438.8,437.7,437.9
Aluminium,437.9,436.8,436.9
Aluminium,436.9,435.8,435.9
Aluminium,435.7,434.8,434.7
Aluminium,434.6,433.7,433.7
Aluminium,433.4,432.5,432.6
Aluminium,432.4,431.5,431.6
Aluminium,431.6,430.5,430.7
Aluminium,430.7,429.5,429.6
Aluminium,429.8,428.6,428.7
Aluminium,428.9,427.6,427.7
Aluminium,428.1,426.8,426.9
Aluminium,427.2,425.9,425.9
Aluminium,426.5,425.1,425.2
Aluminium,425.8,424.6,424.6
Aluminium,425.5,424.3,424.4
Aluminium,425.2,424.1,424.1
Aluminium,425.3,424.1,424.2
Aluminium,425.4,424.2,424.4
Aluminium,425.5,424.3,424.5
Aluminium,425.8,424.4,424.6
Aluminium,425.7,424.3,424.5
Aluminium,425.7,424.3,424.5
Aluminium,425.5,424.2,424.5
Aluminium,425.4,424.1,424.4
Aluminium,425.3,424.0,424.3
Aluminium,425.4,424.0,424.2
Aluminium,425.4,424.1,424.3
Aluminium,425.5,424.3,424.5
Aluminium,425.7,424.4,424.7
Aluminium,425.9,424.6,424.8
Aluminium,426.0,424.8,424.9
Aluminium,426.2,424.9,425.1
Aluminium,426.4,425.2,425.4
Aluminium,426.7,425.6,425.7
Aluminium,426.9,425.8,425.9
Aluminium,427.2,426.1,426.2
Aluminium,427.4,426.2,426.4
Aluminium,427.6,426.4,426.6
Aluminium,427.8,426.6,426.8
Aluminium,428.0,426.8,427.0
Aluminium,428.1,427.0,427.2
Aluminium,428.2,427.2,427.4
Aluminium,428.4,427.4,427.6
Aluminium,428.5,427.6,427.7
Aluminium,428.6,427.7,427.8
Aluminium,428.8,428.0,428.0
Aluminium,428.9,428.2,428.3
Aluminium,429.2,428.5,428.6
Aluminium,429.6,428.8,429.0
Aluminium,430.0,429.3,429.3
Aluminium,430.4,429.5,429.6
Aluminium,430.6,429.8,429.9
Aluminium,431.5,430.8,430.9
Aluminium,432.6,431.9,431.9
Aluminium,434.0,433.4,433.4
Aluminium,435.6,434.9,434.9
Aluminium,437.1,436.6,436.6
Aluminium,438.8,438.2,438.3
Aluminium,440.6,439.9,440.0
Aluminium,442.3,441.6,441.8
Aluminium,443.9,443.1,443.2
Aluminium,445.2,444.3,444.5
Aluminium,446.6,445.7,446.0
Aluminium,372.3,371.6,371.6
Aluminium,372.4,371.7,371.6
Aluminium,372.3,371.7,371.8
Aluminium,372.4,371.8,371.8
Aluminium,372.3,371.8,371.8
Aluminium,372.4,371.8,371.8
Aluminium,372.5,371.7,371.8
Aluminium,372.5,371.7,371.8
Aluminium,372.5,371.7,371.7
Aluminium,372.6,371.7,371.7
Aluminium,372.6,371.7,371.8
Aluminium,372.7,371.6,371.7
Aluminium,372.7,371.7,371.8
Aluminium,372.6,371.7,371.8
Aluminium,372.6,371.7,371.7
Aluminium,372.6,371.8,371.7
Aluminium,372.6,371.7,371.6
Aluminium,372.7,371.7,371.5
Aluminium,372.7,371.7,371.4
Aluminium,372.8,371.7,371.5
Aluminium,372.7,371.7,371.5
Aluminium,372.8,371.7,371.6
Aluminium,372.8,371.6,371.6
Aluminium,372.7,371.5,371.6
Aluminium,372.6,371.5,371.7
Aluminium,372.7,371.6,371.6
Aluminium,372.8,371.5,371.7
Aluminium,372.7,371.5,371.7
Aluminium,372.7,371.6,371.7
Aluminium,372.8,371.6,371.7
Aluminium,372.9,371.6,371.7
Aluminium,373.0,371.7,371.7
Aluminium,372.9,371.8,371.7
Aluminium,373.0,371.8,371.7
Aluminium,372.9,371.7,371.6
Aluminium,372.8,371.6,371.6
Aluminium,372.8,371.7,371.7
Aluminium,372.8,371.7,371.7
Aluminium,372.8,371.6,371.7
Aluminium,372.8,371.6,371.7
Aluminium,372.9,371.6,371.7
Aluminium,372.8,371.7,371.8
Aluminium,372.9,371.6,371.8
Aluminium,372.9,371.6,371.7
Aluminium,372.9,371.7,371.7
Aluminium,372.9,371.8,371.7
Aluminium,372.8,371.6,371.7
Aluminium,372.7,371.6,371.8
Aluminium,372.8,371.6,371.8
Aluminium,372.8,371.6,371.9
Aluminium,372.9,371.6,371.9
Aluminium,372.8,371.6,371.8
Aluminium,372.9,371.8,371.8
Aluminium,372.9,371.8,371.8
Aluminium,372.9,371.8,371.7
Aluminium,372.9,371.8,371.8
Aluminium,372.9,371.8,371.7
Aluminium,372.9,371.8,371.8
Aluminium,372.8,371.7,371.7
Aluminium,372.9,371.8,371.8
Aluminium,372.9,371.7,371.7
Aluminium,372.8,371.8,371.8
Aluminium,372.8,371.8,371.8
Aluminium,372.8,371.8,371.8
Aluminium,372.9,371.9,371.8
Aluminium,372.9,371.9,371.8
Aluminium,372.9,371.9,371.8
Aluminium,373.0,371.9,371.7
Aluminium,373.1,371.9,371.7
Aluminium,373.1,372.0,371.6
Aluminium,373.1,372.0,371.7
Aluminium,373.2,372.0,371.7
Aluminium,373.2,372.0,371.8
Aluminium,373.2,372.0,371.8
Aluminium,373.3,372.0,371.8
Aluminium,373.3,372.0,371.9
Aluminium,373.3,372.0,371.9
Aluminium,373.2,372.0,372.0
Aluminium,373.2,372.1,372.2
Aluminium,373.2,372.1,372.2
Aluminium,373.2,372.0,372.1
Aluminium,373.2,372.0,372.1
Aluminium,373.2,372.0,372.1
Aluminium,373.2,371.9,372.1
Aluminium,373.2,371.9,372.2
Aluminium,373.2,372.0,372.2
Aluminium,373.2,372.0,372.2
Aluminium,373.2,372.0,372.2
Aluminium,373.3,372.0,372.2
Aluminium,373.4,372.0,372.2
Aluminium,373.5,372.1,372.3
Aluminium,373.4,371.9,372.3
Aluminium,373.4,372.1,372.3
Aluminium,373.4,372.0,372.2
Aluminium,373.4,372.0,372.3
Aluminium,373.4,372.0,372.2
Aluminium,373.4,371.9,372.1
Aluminium,373.4,371.9,372.1
Aluminium,373.4,371.9,372.0
Aluminium,373.4,372.0,372.1
Aluminium,375.2,373.8,373.5
Aluminium,375.2,373.9,373.6
Aluminium,375.3,373.9,373.7
Aluminium,375.3,374.0,373.7
Aluminium,375.4,374.1,373.7
Aluminium,375.4,374.1,373.7
Aluminium,375.5,374.2,373.8
Aluminium,375.5,374.3,373.9
Aluminium,375.7,374.4,374.0
Aluminium,375.7,374.5,374.0
Aluminium,375.8,374.5,374.1
Aluminium,375.8,374.7,374.2
Aluminium,375.8,374.7,374.3
Aluminium,375.7,374.7,374.3
Aluminium,375.6,374.6,374.1
Aluminium,375.6,374.3,373.9
Aluminium,375.4,374.3,373.9
Aluminium,375.5,374.4,373.8
Aluminium,375.5,374.5,373.9
Aluminium,375.5,374.5,374.0
Aluminium,375.5,374.5,373.9
Aluminium,375.5,374.6,374.0
Aluminium,375.5,374.6,374.0
Aluminium,375.6,374.6,374.1
Aluminium,375.7,374.6,374.2
Aluminium,376.0,374.9,374.6
Aluminium,376.3,375.2,375.0
Aluminium,376.9,375.6,375.5
Aluminium,377.4,376.1,376.1
Aluminium,378.4,377.1,377.0
Aluminium,379.3,377.9,377.9
Aluminium,380.2,378.9,378.9
Aluminium,381.2,379.8,379.8
Aluminium,382.0,380.8,380.8
Aluminium,382.9,381.7,381.7
Aluminium,383.7,382.5,382.5
Aluminium,384.5,383.3,383.4
Aluminium,385.3,384.1,384.3
Aluminium,386.1,384.8,385.1
Aluminium,386.9,385.6,385.9
Aluminium,387.5,386.3,386.6
Aluminium,388.1,387.1,387.4
Aluminium,388.8,387.7,388.1
Aluminium,389.4,388.4,388.7
Aluminium,390.0,389.0,389.1
Aluminium,390.2,389.1,389.4
Aluminium,390.3,389.1,389.4
Aluminium,390.2,389.1,389.2
Aluminium,389.9,388.7,388.9
Aluminium,389.6,388.4,388.6
Aluminium,389.4,388.2,388.4
Aluminium,389.2,388.0,388.1
Aluminium,388.8,387.6,387.8
Aluminium,388.6,387.3,387.5
Aluminium,388.2,386.9,387.2
Aluminium,387.8,386.6,386.8
Aluminium,387.3,386.3,386.4
Aluminium,387.0,385.9,386.0
Aluminium,386.6,385.5,385.5
Aluminium,386.3,385.1,385.1
Aluminium,385.9,384.8,384.7
Aluminium,385.6,384.6,384.4
Aluminium,385.3,384.3,384.0
Aluminium,384.9,384.0,383.6
Aluminium,384.6,383.7,383.2
Aluminium,384.2,383.3,382.8
Aluminium,383.9,383.0,382.5
Aluminium,383.7,382.8,382.3
Aluminium,383.3,382.4,382.0
Aluminium,382.9,382.0,381.7
Aluminium,382.7,381.8,381.5
Aluminium,382.6,381.6,381.3
Aluminium,382.4,381.4,381.2
Aluminium,382.3,381.3,381.1
Aluminium,382.3,381.2,380.9
Aluminium,382.3,381.1,380.9
Aluminium,382.2,381.0,380.8
Aluminium,382.2,381.1,380.7
Aluminium,382.1,381.0,380.7
Aluminium,382.0,380.9,380.6
Aluminium,381.9,380.9,380.7
Aluminium,382.1,381.0,380.7
Aluminium,382.1,381.1,380.8
Aluminium,382.1,381.2,381.0
Aluminium,382.2,381.3,381.3
Aluminium,383.3,382.3,382.3
Aluminium,385.8,384.9,384.8
Aluminium,389.4,388.6,388.6
Aluminium,393.1,392.4,392.4
Aluminium,397.1,396.2,396.3
Aluminium,400.9,400.1,400.3
Aluminium,405.3,404.4,404.8
Aluminium,410.0,409.2,409.6
Aluminium,415.2,414.9,415.3
Aluminium,420.9,420.5,421.0
Aluminium,426.2,425.9,426.2
Aluminium,431.6,431.3,431.7
Aluminium,437.4,437.1,437.6
Aluminium,441.9,441.2,441.6
Aluminium,447.1,446.6,447.1
Aluminium,549.5,548.5,548.3
Aluminium,548.7,547.9,547.8
Aluminium,548.4,547.6,547.4
Aluminium,548.5,547.7,547.6
Aluminium,548.5,547.8,547.6
Aluminium,548.7,547.9,547.9
Aluminium,549.0,548.0,548.1
Aluminium,549.0,548.0,548.1
Aluminium,548.8,547.6,547.8
Aluminium,548.5,547.4,547.5
Aluminium,548.0,547.1,547.1
Aluminium,547.6,546.6,546.5
Aluminium,547.1,546.0,546.0
Aluminium,546.3,545.2,545.1
Aluminium,545.3,544.2,544.0
Aluminium,544.0,542.9,542.9
Aluminium,542.4,541.2,541.1
Aluminium,540.8,539.6,539.7
Aluminium,539.2,538.0,538.1
Aluminium,537.7,536.4,536.5
Aluminium,536.0,534.7,534.7
Aluminium,534.1,532.9,532.8
Aluminium,532.2,531.1,531.0
Aluminium,530.5,529.3,529.3
Aluminium,528.7,527.6,527.6
Aluminium,526.7,525.7,525.6
Aluminium,524.7,523.7,523.7
Aluminium,522.7,521.8,521.5
Aluminium,520.6,519.8,519.6
Aluminium,518.5,517.8,517.6
Aluminium,516.4,515.7,515.5
Aluminium,514.3,513.5,513.4
Aluminium,512.1,511.3,511.1
Aluminium,510.0,509.1,508.9
Aluminium,507.7,506.6,506.5
Aluminium,504.7,503.7,503.5
Aluminium,501.5,500.5,500.3
Aluminium,498.1,497.1,496.9
Aluminium,494.6,493.6,493.3
Aluminium,491.0,489.8,489.5
Aluminium,487.1,485.9,485.7
Aluminium,483.5,482.1,481.9
Aluminium,479.8,478.5,478.2
Aluminium,476.2,474.9,474.7
Aluminium,472.7,471.3,471.1
Aluminium,469.4,467.9,467.7
Aluminium,466.2,464.7,464.4
Aluminium,463.2,461.6,461.3
Aluminium,460.1,458.6,458.3
Aluminium,457.2,455.7,455.3
Aluminium,454.4,452.9,452.6
Aluminium,451.8,450.3,450.0
Aluminium,449.3,447.8,447.5
Aluminium,446.8,445.5,445.1
Aluminium,444.5,443.2,442.8
Aluminium,442.3,441.1,440.8
Aluminium,440.2,439.0,438.7
Aluminium,438.2,436.9,436.7
Aluminium,436.3,435.0,434.9
Aluminium,434.3,433.1,433.0
Aluminium,432.6,431.4,431.3
Aluminium,431.0,429.7,429.6
Aluminium,429.3,428.1,428.0
Aluminium,427.8,426.5,426.4
Aluminium,426.3,425.0,425.0
Aluminium,424.8,423.6,423.5
Aluminium,423.5,422.1,422.1
Aluminium,422.2,420.9,420.8
Aluminium,421.0,419.6,419.5
Aluminium,419.8,418.4,418.3
Aluminium,418.7,417.3,417.2
Aluminium,417.6,416.2,416.1
Aluminium,416.5,415.1,415.1
Aluminium,415.5,414.2,414.2
Aluminium,414.6,413.2,413.3
Aluminium,413.7,412.4,412.3
Aluminium,412.8,411.5,411.3
Aluminium,412.0,410.7,410.4
Aluminium,411.2,409.9,409.6
Aluminium,410.5,409.1,408.8
Aluminium,409.8,408.2,408.1
Aluminium,409.1,407.6,407.4
Aluminium,408.4,407.0,406.7
Aluminium,407.8,406.3,406.2
Aluminium,407.2,405.7,405.5
Aluminium,406.7,405.2,404.9
Aluminium,406.2,404.8,404.3
Aluminium,405.7,404.3,403.7
Aluminium,405.1,403.8,403.3
Aluminium,404.7,403.3,402.8
Aluminium,404.2,402.7,402.3
Aluminium,403.6,402.2,401.9
Aluminium,403.2,401.6,401.4
Aluminium,402.9,401.5,401.3
Aluminium,403.6,402.3,402.2
Aluminium,404.9,403.6,403.5
Aluminium,406.1,405.0,404.8
Aluminium,407.3,406.2,406.0
Aluminium,408.5,407.3,407.1
Aluminium,409.2,408.0,407.6
Aluminium,383.2,381.8,381.9
Aluminium,383.0,381.8,382.0
Aluminium,383.0,381.8,381.9
Aluminium,383.0,381.9,381.9
Aluminium,383.0,381.8,381.7
Aluminium,383.0,381.8,381.8
Aluminium,383.0,381.8,381.8
Aluminium,383.1,381.8,381.7
Aluminium,382.9,381.7,381.7
Aluminium,383.0,381.7,381.6
Aluminium,382.9,381.6,381.6
Aluminium,382.9,381.6,381.6
Aluminium,382.8,381.3,381.5
Aluminium,382.9,381.3,381.4
Aluminium,382.7,381.3,381.4
Aluminium,382.7,381.3,381.4
Aluminium,382.6,381.2,381.3
Aluminium,382.5,381.2,381.3
Aluminium,382.4,381.0,381.2
Aluminium,382.1,380.7,380.9
Aluminium,381.6,380.3,380.4
Aluminium,381.2,379.8,380.0
Aluminium,380.7,379.4,379.6
Aluminium,380.2,379.0,379.2
Aluminium,379.8,378.6,378.8
Aluminium,379.3,378.1,378.4
Aluminium,379.1,377.8,378.1
Aluminium,378.7,377.6,377.7
Aluminium,378.3,377.1,377.4
Aluminium,378.0,376.7,377.1
Aluminium,377.8,376.5,376.8
Aluminium,377.6,376.3,376.7
Aluminium,377.8,376.6,376.9
Aluminium,378.7,377.4,377.7
Aluminium,379.8,378.6,378.9
Aluminium,380.7,379.5,379.7
Aluminium,381.2,380.0,380.1
Aluminium,381.6,380.4,380.4
Aluminium,381.8,380.8,380.7
Aluminium,382.1,381.1,381.1
Aluminium,382.3,381.3,381.3
Aluminium,382.4,381.4,381.4
Aluminium,382.6,381.5,381.4
Aluminium,382.8,381.5,381.6
Aluminium,382.8,381.5,381.5
Aluminium,382.7,381.5,381.6
Aluminium,382.8,381.6,381.7
Aluminium,382.8,381.5,381.6
Aluminium,382.8,381.6,381.8
Aluminium,382.8,381.6,381.9
Aluminium,382.8,381.6,381.9
Aluminium,382.8,381.7,382.0
Aluminium,382.8,381.7,382.0
Aluminium,382.8,381.8,382.1
Aluminium,382.9,381.8,382.2
Aluminium,383.0,381.9,382.3
Aluminium,383.0,382.0,382.3
Aluminium,383.1,382.0,382.4
Aluminium,383.0,382.1,382.4
Aluminium,383.0,382.0,382.4
Aluminium,382.9,382.1,382.5
Aluminium,382.9,382.1,382.6
Aluminium,382.9,382.1,382.5
Aluminium,382.9,382.0,382.4
Aluminium,383.0,382.0,382.4
Aluminium,382.8,381.8,382.1
Aluminium,382.5,381.4,381.7
Aluminium,382.1,381.1,381.2
Aluminium,381.7,380.7,380.8
Aluminium,381.4,380.4,380.5
Aluminium,381.1,380.1,380.2
Aluminium,380.7,379.7,379.9
Aluminium,380.4,379.4,379.6
Aluminium,380.0,379.2,379.3
Aluminium,379.7,378.8,379.1
Aluminium,379.5,378.5,378.8
Aluminium,379.3,378.4,378.6
Aluminium,379.1,378.3,378.3
Aluminium,378.9,378.0,378.1
Aluminium,378.7,377.7,378.0
Aluminium,378.5,377.6,377.9
Aluminium,378.6,377.7,377.8
Aluminium,378.8,377.9,378.1
Aluminium,379.2,378.3,378.7
Aluminium,380.2,379.3,379.7
Aluminium,381.2,380.5,380.8
Aluminium,382.4,381.7,382.1
Aluminium,383.7,383.0,383.4
Aluminium,385.0,384.3,384.7
Aluminium,386.5,385.8,386.3
Aluminium,388.1,387.1,387.7
Aluminium,389.7,388.7,389.2
Aluminium,391.1,390.0,390.4
Aluminium,392.2,391.2,391.6
Aluminium,393.3,392.3,392.7
Aluminium,394.4,393.3,393.7
Aluminium,395.4,394.3,394.7
Aluminium,396.4,395.2,395.7
Aluminium,397.3,396.1,396.5
Aluminium,398.2,396.9,397.3
Aluminium,585.1,584.2,583.8
Aluminium,584.6,583.7,583.3
Aluminium,584.0,583.0,582.6
Aluminium,583.1,582.2,581.8
Aluminium,582.3,581.5,581.2
Aluminium,581.7,580.7,580.4
Aluminium,581.1,580.2,579.9
Aluminium,580.5,579.6,579.3
Aluminium,580.0,579.1,578.8
Aluminium,579.7,578.6,578.5
Aluminium,579.5,578.4,578.4
Aluminium,579.9,578.8,578.9
Aluminium,580.8,579.8,579.9
Aluminium,581.9,580.9,581.1
Aluminium,582.9,581.8,582.0
Aluminium,583.5,582.3,582.5
Aluminium,583.6,582.3,582.5
Aluminium,583.3,582.1,582.3
Aluminium,582.9,581.8,581.7
Aluminium,581.8,580.7,580.6
Aluminium,579.7,578.7,578.6
Aluminium,577.6,576.6,576.5
Aluminium,575.4,574.4,574.3
Aluminium,572.4,571.2,571.2
Aluminium,569.2,568.0,568.0
Aluminium,566.0,564.8,564.9
Aluminium,562.9,561.7,561.8
Aluminium,559.9,558.9,558.9
Aluminium,557.2,556.1,556.1
Aluminium,554.5,553.4,553.3
Aluminium,551.8,550.8,550.8
Aluminium,549.3,548.2,548.2
Aluminium,546.7,545.7,545.7
Aluminium,544.2,543.1,543.2
Aluminium,541.6,540.6,540.6
Aluminium,538.9,538.1,537.9
Aluminium,536.4,535.5,535.4
Aluminium,533.7,532.9,532.6
Aluminium,531.0,530.2,529.9
Aluminium,528.4,527.3,527.1
Aluminium,525.9,524.7,524.6
Aluminium,523.3,522.1,522.0
Aluminium,520.7,519.5,519.4
Aluminium,518.0,516.9,516.8
Aluminium,515.2,514.1,514.1
Aluminium,512.6,511.5,511.5
Aluminium,510.1,508.9,509.1
Aluminium,507.7,506.6,506.7
Aluminium,505.4,504.3,504.4
Aluminium,503.1,502.1,502.3
Aluminium,501.0,500.0,500.2
Aluminium,499.1,498.2,498.4
Aluminium,497.3,496.4,496.6
Aluminium,495.6,494.6,494.9
Aluminium,494.0,492.9,493.3
Aluminium,492.5,491.4,491.8
Aluminium,491.0,489.9,490.3
Aluminium,489.5,488.5,489.0
Aluminium,488.2,487.2,487.7
Aluminium,486.9,485.9,486.3
Aluminium,485.7,484.7,485.2
Aluminium,484.6,483.6,484.1
Aluminium,483.6,482.5,483.0
Aluminium,482.6,481.5,482.1
Aluminium,481.7,480.7,481.1
Aluminium,480.8,479.8,480.2
Aluminium,479.9,478.9,479.3
Aluminium,479.1,478.1,478.4
Aluminium,478.3,477.4,477.7
Aluminium,477.5,476.7,476.9
Aluminium,476.7,475.9,476.3
Aluminium,476.1,475.3,475.6
Aluminium,475.5,474.6,475.0
Aluminium,474.8,473.9,474.4
Aluminium,474.3,473.4,473.9
Aluminium,473.8,472.9,473.4
Aluminium,473.3,472.4,472.9
Aluminium,472.8,471.9,472.5
Aluminium,472.4,471.5,472.0
Aluminium,471.9,471.1,471.6
Aluminium,471.5,470.7,471.2
Aluminium,471.1,470.3,470.7
Aluminium,470.6,469.9,470.2
Aluminium,470.2,469.5,469.7
Aluminium,469.8,469.0,469.3
Aluminium,469.4,468.7,468.9
Aluminium,469.0,468.4,468.5
Aluminium,468.6,468.0,468.2
Aluminium,468.2,467.7,467.8
Aluminium,467.8,467.3,467.4
Aluminium,467.5,466.9,467.1
Aluminium,467.2,466.7,466.7
Aluminium,466.9,466.3,466.4
Aluminium,466.7,466.0,466.1
Aluminium,466.4,465.8,465.9
Aluminium,466.1,465.5,465.5
Aluminium,465.8,465.3,465.3
Aluminium,465.6,465.1,465.2
Aluminium,465.4,464.9,464.8
Aluminium,465.3,464.7,464.6
Aluminium,551.2,549.9,550.1
Aluminium,550.6,549.3,549.5
Aluminium,549.8,548.6,548.8
Aluminium,549.2,547.9,548.0
Aluminium,548.2,547.0,547.1
Aluminium,546.7,545.6,545.8
Aluminium,545.3,544.0,544.2
Aluminium,543.3,541.9,542.0
Aluminium,541.3,539.9,539.9
Aluminium,539.1,537.8,538.1
Aluminium,537.2,535.8,536.1
Aluminium,535.1,533.8,534.1
Aluminium,532.5,531.3,531.5
Aluminium,529.5,528.3,528.5
Aluminium,526.5,525.3,525.4
Aluminium,523.4,522.2,522.3
Aluminium,520.3,519.2,519.3
Aluminium,517.3,516.2,516.3
Aluminium,514.3,513.2,513.2
Aluminium,511.2,510.3,510.1
Aluminium,507.9,506.9,506.8
Aluminium,504.4,503.3,503.2
Aluminium,500.8,499.6,499.5
Aluminium,497.2,496.0,495.9
Aluminium,493.6,492.5,492.4
Aluminium,490.2,489.1,489.1
Aluminium,487.1,485.9,486.0
Aluminium,484.1,482.9,482.8
Aluminium,481.2,480.1,480.0
Aluminium,478.5,477.4,477.2
Aluminium,476.0,474.9,474.6
Aluminium,473.4,472.4,472.2
Aluminium,471.1,469.9,469.8
Aluminium,468.8,467.7,467.5
Aluminium,466.5,465.4,465.2
Aluminium,464.1,463.1,462.7
Aluminium,461.6,460.6,460.3
Aluminium,459.5,458.5,458.1
Aluminium,457.4,456.5,456.1
Aluminium,455.5,454.7,454.1
Aluminium,453.8,453.0,452.4
Aluminium,451.8,451.3,450.6
Aluminium,450.1,449.6,449.0
Aluminium,448.5,448.0,447.5
Aluminium,446.9,446.4,446.1
Aluminium,445.5,445.0,444.7
Aluminium,444.1,443.6,443.3
Aluminium,442.7,442.1,441.9
Aluminium,441.4,440.7,440.5
Aluminium,440.0,439.2,439.1
Aluminium,438.3,437.6,437.4
Aluminium,437.0,436.1,436.0
Aluminium,435.6,434.6,434.7
Aluminium,434.3,433.3,433.4
Aluminium,433.0,432.0,432.1
Aluminium,431.7,430.7,430.6
Aluminium,430.5,429.5,429.5
Aluminium,429.5,428.5,428.4
Aluminium,428.5,427.5,427.3
Aluminium,427.6,426.5,426.2
Aluminium,426.7,425.5,425.4
Aluminium,425.8,424.6,424.6
Aluminium,425.0,423.7,423.8
Aluminium,424.4,423.0,423.2
Aluminium,423.5,422.2,422.5
Aluminium,423.0,421.8,422.1
Aluminium,423.0,421.6,421.9
Aluminium,423.0,421.7,421.9
Aluminium,423.0,421.7,421.9
Aluminium,423.2,421.8,422.1
Aluminium,423.3,422.2,422.4
Aluminium,424.1,422.9,423.0
Aluminium,425.7,424.5,424.8
Aluminium,428.3,427.0,427.5
Aluminium,430.1,428.9,429.1
Aluminium,430.9,429.7,429.8
Aluminium,432.1,430.8,431.0
Aluminium,432.8,431.5,431.8
Aluminium,433.0,431.6,432.0
Aluminium,433.1,431.7,432.1
Aluminium,433.6,432.3,432.5
Aluminium,434.1,432.6,433.0
Aluminium,434.3,432.9,433.3
Aluminium,434.6,433.2,433.4
Aluminium,434.7,433.3,433.5
Aluminium,434.7,433.4,433.6
Aluminium,434.9,433.4,433.7
Aluminium,435.0,433.5,433.7
Aluminium,435.0,433.6,433.6
Aluminium,435.1,433.6,433.6
Aluminium,435.0,433.6,433.5
Aluminium,434.9,433.5,433.5
Aluminium,435.0,433.5,433.4
Aluminium,435.0,433.6,433.4
Aluminium,435.0,433.7,433.4
Aluminium,435.0,433.8,433.6
Aluminium,435.9,434.8,434.7
Aluminium,437.2,436.0,435.9
Aluminium,438.2,437.0,436.8
Aluminium,439.0,437.6,437.6
Aluminium,464.5,462.8,462.6
Aluminium,463.8,462.2,462.1
Aluminium,463.1,461.6,461.3
Aluminium,462.2,460.9,460.7
Aluminium,461.5,460.2,460.2
Aluminium,460.8,459.5,459.5
Aluminium,460.0,458.8,458.8
Aluminium,459.3,458.0,458.1
Aluminium,458.5,457.3,457.3
Aluminium,457.8,456.6,456.6
Aluminium,457.0,455.8,455.8
Aluminium,456.3,455.1,455.0
Aluminium,455.5,454.4,454.4
Aluminium,454.9,453.6,453.6
Aluminium,454.1,452.8,452.8
Aluminium,453.4,451.9,451.9
Aluminium,452.5,451.1,451.1
Aluminium,451.6,450.1,450.2
Aluminium,450.8,449.3,449.3
Aluminium,449.9,448.4,448.5
Aluminium,449.1,447.6,447.7
Aluminium,448.3,446.9,446.9
Aluminium,447.5,446.0,446.2
Aluminium,446.8,445.2,445.5
Aluminium,446.1,444.5,444.8
Aluminium,445.3,443.7,444.2
Aluminium,444.5,443.0,443.5
Aluminium,443.8,442.4,442.8
Aluminium,443.1,441.8,442.1
Aluminium,442.5,441.3,441.4
Aluminium,441.9,440.7,440.8
Aluminium,441.4,440.4,440.4
Aluminium,441.3,440.3,440.3
Aluminium,442.1,441.2,441.1
Aluminium,442.6,441.5,441.5
Aluminium,443.3,442.4,442.3
Aluminium,444.4,443.5,443.4
Aluminium,446.1,445.3,445.3
Aluminium,447.7,446.9,446.7
Aluminium,448.1,447.2,446.9
Aluminium,448.1,447.1,446.8
Aluminium,447.8,446.8,446.5
Aluminium,446.8,445.6,445.5
Aluminium,445.7,444.4,444.3
Aluminium,444.7,443.4,443.4
Aluminium,444.1,443.0,443.0
Aluminium,443.9,442.8,442.8
Aluminium,443.6,442.5,442.3
Aluminium,443.1,442.1,441.9
Aluminium,442.5,441.4,441.3
Aluminium,441.4,440.3,440.1
Aluminium,440.1,439.1,438.8
Aluminium,438.9,437.8,437.4
Aluminium,437.6,436.5,436.1
Aluminium,436.9,435.9,435.6
Aluminium,436.3,435.3,435.0
Aluminium,435.4,434.6,434.3
Aluminium,434.8,433.9,433.5
Aluminium,434.3,433.4,433.1
Aluminium,433.9,433.0,432.7
Aluminium,433.8,432.9,432.6
Aluminium,433.6,432.7,432.5
Aluminium,433.5,432.6,432.4
Aluminium,433.2,432.2,432.1
Aluminium,433.0,432.0,431.9
Aluminium,432.8,431.9,431.7
Aluminium,432.3,431.3,431.1
Aluminium,431.7,430.7,430.6
Aluminium,431.3,430.1,430.0
Aluminium,430.9,429.8,429.8
Aluminium,430.8,429.5,429.5
Aluminium,430.4,429.3,429.3
Aluminium,430.2,429.2,429.0
Aluminium,430.0,429.1,428.8
Aluminium,429.9,428.7,428.5
Aluminium,429.6,428.4,428.3
Aluminium,429.3,428.1,428.0
Aluminium,428.9,427.8,427.8
Aluminium,428.7,427.6,427.5
Aluminium,428.6,427.4,427.4
Aluminium,428.6,427.2,427.3
Aluminium,428.4,427.0,427.2
Aluminium,428.4,427.0,427.0
Aluminium,428.3,426.9,426.9
Aluminium,428.1,426.8,426.9
Aluminium,428.0,426.7,426.8
Aluminium,427.9,426.6,426.6
Aluminium,427.8,426.5,426.4
Aluminium,427.5,426.3,426.2
Aluminium,427.1,426.0,426.0
Aluminium,427.0,425.9,425.8
Aluminium,426.6,425.6,425.4
Aluminium,425.9,424.9,424.5
Aluminium,425.2,424.3,424.0
Aluminium,424.7,423.8,423.5
Aluminium,424.3,423.4,423.1
Aluminium,423.9,423.1,422.8
Aluminium,423.7,422.9,422.5
Aluminium,423.4,422.6,422.2
Aluminium,423.1,422.3,422.0
Aluminium,436.5,434.7,434.6
Aluminium,435.4,433.4,433.5
Aluminium,434.3,432.5,432.7
Aluminium,433.6,431.7,431.8
Aluminium,432.8,431.1,431.0
Aluminium,431.8,430.1,430.1
Aluminium,430.7,429.1,429.1
Aluminium,429.5,427.9,427.9
Aluminium,428.4,426.8,426.9
Aluminium,427.3,425.8,425.9
Aluminium,426.5,425.0,425.1
Aluminium,425.3,423.7,423.7
Aluminium,423.9,422.4,422.4
Aluminium,422.7,421.3,421.2
Aluminium,421.7,420.4,420.4
Aluminium,420.7,419.3,419.3
Aluminium,419.4,417.8,417.9
Aluminium,418.3,416.6,416.7
Aluminium,417.2,415.5,415.7
Aluminium,416.3,414.6,414.7
Aluminium,415.4,413.6,413.8
Aluminium,414.4,412.6,412.8
Aluminium,413.4,411.7,411.7
Aluminium,412.4,410.6,410.7
Aluminium,411.3,409.6,409.8
Aluminium,410.4,408.7,408.7
Aluminium,409.3,407.7,407.7
Aluminium,408.4,406.8,406.7
Aluminium,407.5,405.8,405.8
Aluminium,406.5,404.8,404.7
Aluminium,405.5,404.0,403.8
Aluminium,404.6,403.0,402.8
Aluminium,403.8,402.3,402.0
Aluminium,403.1,401.5,401.4
Aluminium,402.3,400.8,400.7
Aluminium,401.6,400.1,399.8
Aluminium,400.9,399.5,399.3
Aluminium,400.3,398.9,398.8
Aluminium,399.8,398.4,398.2
Aluminium,399.3,397.7,397.6
Aluminium,398.8,397.2,397.1
Aluminium,398.2,396.7,396.5
Aluminium,397.7,396.0,396.0
Aluminium,397.1,395.4,395.3
Aluminium,396.7,394.8,394.8
Aluminium,396.1,394.3,394.3
Aluminium,395.6,393.9,393.8
Aluminium,395.0,393.3,393.2
Aluminium,394.5,392.9,392.7
Aluminium,394.0,392.6,392.3
Aluminium,393.5,392.2,391.8
Aluminium,393.3,392.0,391.6
Aluminium,393.2,392.0,391.6
Aluminium,393.0,391.7,391.5
Aluminium,392.5,391.3,391.0
Aluminium,392.0,390.7,390.4
Aluminium,391.3,390.0,389.7
Aluminium,391.0,389.6,389.3
Aluminium,390.8,389.4,389.1
Aluminium,390.5,389.2,388.8
Aluminium,390.3,388.9,388.6
Aluminium,390.0,388.6,388.4
Aluminium,389.7,388.3,388.1
Aluminium,389.3,388.0,387.8
Aluminium,389.2,387.9,387.7
Aluminium,389.0,387.6,387.4
Aluminium,388.8,387.4,387.3
Aluminium,388.7,387.2,387.2
Aluminium,388.6,387.2,387.0
Aluminium,388.5,387.1,386.9
Aluminium,388.4,387.0,386.8
Aluminium,388.3,387.0,386.7
Aluminium,388.2,387.0,386.7
Aluminium,388.1,386.8,386.5
Aluminium,387.6,386.3,385.9
Aluminium,386.8,385.5,385.1
Aluminium,386.3,384.8,384.4
Aluminium,385.3,383.9,383.5
Aluminium,384.4,383.0,382.6
Aluminium,383.5,382.2,381.8
Aluminium,382.8,381.5,381.2
Aluminium,382.3,381.0,380.7
Aluminium,381.9,380.5,380.2
Aluminium,381.9,380.4,380.4
Aluminium,381.9,380.6,380.5
Aluminium,382.1,380.8,380.8
Aluminium,382.3,381.1,381.0
Aluminium,382.5,381.4,381.2
Aluminium,382.6,381.4,381.2
Aluminium,382.5,381.3,381.1
Aluminium,382.2,381.1,380.9
Aluminium,382.2,381.0,381.0
Aluminium,382.2,381.0,380.9
Aluminium,382.3,380.9,380.9
Aluminium,382.2,380.9,380.8
Aluminium,382.2,380.9,380.8
Aluminium,382.1,380.8,380.9
Aluminium,382.0,380.8,380.8
Aluminium,382.0,380.8,380.7
Aluminium,382.0,380.7,380.8
Aluminium,502.0,500.3,500.3
Aluminium,500.8,499.0,499.2
Aluminium,499.4,497.7,497.9
Aluminium,498.0,496.3,496.5
Aluminium,496.6,494.9,495.1
Aluminium,495.5,493.7,493.8
Aluminium,494.4,492.5,492.7
Aluminium,493.2,491.6,491.9
Aluminium,492.3,490.7,490.9
Aluminium,491.3,489.8,489.9
Aluminium,490.3,488.8,489.0
Aluminium,489.2,487.8,487.8
Aluminium,488.1,486.7,486.7
Aluminium,486.7,485.3,485.4
Aluminium,485.0,483.5,483.5
Aluminium,483.2,481.6,481.5
Aluminium,481.0,479.4,479.2
Aluminium,478.7,477.1,476.9
Aluminium,476.4,474.8,474.6
Aluminium,474.2,472.7,472.3
Aluminium,472.0,470.4,470.3
Aluminium,469.9,468.4,468.3
Aluminium,468.3,466.8,466.8
Aluminium,467.5,466.1,466.0
Aluminium,467.1,465.9,465.8
Aluminium,466.9,465.8,465.6
Aluminium,467.0,466.0,465.7
Aluminium,467.2,466.2,465.8
Aluminium,467.4,466.5,466.0
Aluminium,467.6,466.6,466.2
Aluminium,467.7,466.7,466.5
Aluminium,467.9,466.8,466.6
Aluminium,468.0,466.8,466.7
Aluminium,468.2,467.0,466.9
Aluminium,468.5,467.5,467.3
Aluminium,468.9,467.9,467.6
Aluminium,469.4,468.5,468.3
Aluminium,470.4,469.5,469.3
Aluminium,471.4,470.4,470.2
Aluminium,472.3,471.3,471.3
Aluminium,473.2,472.3,472.0
Aluminium,474.0,473.0,472.7
Aluminium,474.6,473.7,473.3
Aluminium,475.0,474.2,473.7
Aluminium,475.4,474.6,474.2
Aluminium,475.7,474.8,474.6
Aluminium,476.0,475.0,474.9
Aluminium,476.2,475.2,475.1
Aluminium,476.4,475.3,475.4
Aluminium,476.5,475.4,475.4
Aluminium,476.6,475.5,475.5
Aluminium,476.6,475.5,475.6
Aluminium,477.0,475.8,476.0
Aluminium,477.4,476.2,476.4
Aluminium,477.8,476.7,477.0
Aluminium,478.4,477.3,477.6
Aluminium,479.1,478.0,478.3
Aluminium,479.9,479.0,479.3
Aluminium,481.3,480.4,480.6
Aluminium,482.7,481.8,482.1
Aluminium,484.2,483.2,483.5
Aluminium,485.8,484.6,484.9
Aluminium,487.1,485.8,486.0
Aluminium,487.9,486.6,486.8
Aluminium,488.4,487.0,487.2
Aluminium,488.8,487.5,487.7
Aluminium,489.2,487.9,488.2
Aluminium,489.6,488.3,488.5
Aluminium,489.8,488.5,488.6
Aluminium,489.9,488.6,488.6
Aluminium,490.1,488.9,488.8
Aluminium,490.4,489.3,489.1
Aluminium,490.5,489.4,489.1
Aluminium,490.3,489.4,489.0
Aluminium,489.9,488.9,488.7
Aluminium,489.3,488.3,488.2
Aluminium,488.7,487.7,487.5
Aluminium,487.7,486.6,486.5
Aluminium,486.6,485.6,485.5
Aluminium,485.6,484.6,484.7
Aluminium,484.6,483.6,483.6
Aluminium,483.7,482.5,482.6
Aluminium,482.6,481.6,481.6
Aluminium,481.8,480.7,480.7
Aluminium,480.8,479.7,479.7
Aluminium,479.7,478.6,478.6
Aluminium,478.4,477.4,477.4
Aluminium,477.1,476.0,476.1
Aluminium,475.6,474.6,474.6
Aluminium,474.4,473.4,473.5
Aluminium,473.4,472.4,472.7
Aluminium,472.6,471.6,471.8
Aluminium,472.0,471.0,471.2
Aluminium,471.5,470.4,470.6
Aluminium,471.0,469.9,470.1
Aluminium,470.4,469.3,469.5
Aluminium,469.6,468.7,468.8
Aluminium,469.0,468.0,468.1
Aluminium,468.3,467.4,467.4
Aluminium,467.7,466.7,466.7
Aluminium,423.9,422.4,422.5
Aluminium,424.3,422.8,422.8
Aluminium,424.4,423.0,423.0
Aluminium,424.5,423.0,423.0
Aluminium,424.5,422.8,422.9
Aluminium,424.6,423.1,423.1
Aluminium,424.7,423.3,423.4
Aluminium,424.9,423.3,423.4
Aluminium,424.8,423.3,423.4
Aluminium,424.6,423.2,423.3
Aluminium,424.4,422.9,423.1
Aluminium,424.1,422.5,422.8
Aluminium,423.7,422.2,422.5
Aluminium,423.5,422.0,422.3
Aluminium,423.2,421.7,422.0
Aluminium,423.1,421.5,421.8
Aluminium,422.9,421.2,421.7
Aluminium,422.6,420.9,421.6
Aluminium,422.4,420.6,421.2
Aluminium,422.0,420.2,420.7
Aluminium,421.6,419.8,420.3
Aluminium,421.3,419.5,420.0
Aluminium,421.1,419.5,419.8
Aluminium,420.9,419.1,419.7
Aluminium,420.8,419.0,419.5
Aluminium,420.8,419.0,419.5
Aluminium,420.6,419.0,419.5
Aluminium,420.5,418.8,419.4
Aluminium,420.2,418.7,419.2
Aluminium,420.2,418.7,419.0
Aluminium,420.1,418.5,418.8
Aluminium,419.9,418.3,418.8
Aluminium,419.7,418.1,418.6
Aluminium,419.7,417.9,418.3
Aluminium,419.6,417.8,418.1
Aluminium,419.5,417.6,417.9
Aluminium,419.3,417.6,417.7
Aluminium,419.2,417.6,417.5
Aluminium,419.0,417.4,417.4
Aluminium,418.9,417.3,417.4
Aluminium,418.8,417.2,417.2
Aluminium,418.6,417.1,417.2
Aluminium,418.3,417.0,417.2
Aluminium,418.2,417.1,417.1
Aluminium,418.2,417.0,417.2
Aluminium,418.2,417.1,417.1
Aluminium,418.3,417.1,417.1
Aluminium,418.3,417.1,417.0
Aluminium,418.4,417.2,417.0
Aluminium,418.4,417.2,417.0
Aluminium,418.3,417.2,417.1
Aluminium,418.4,417.2,417.1
Aluminium,418.4,417.3,417.1
Aluminium,418.5,417.4,417.3
Aluminium,418.8,417.6,417.6
Aluminium,419.1,418.0,417.8
Aluminium,419.3,418.3,418.2
Aluminium,419.7,418.8,418.6
Aluminium,420.0,419.1,418.9
Aluminium,420.3,419.3,419.1
Aluminium,420.6,419.8,419.6
Aluminium,421.4,420.5,420.2
Aluminium,422.0,421.1,420.8
Aluminium,422.5,421.5,421.3
Aluminium,423.1,421.9,421.7
Aluminium,423.5,422.5,422.1
Aluminium,424.0,422.9,422.6
Aluminium,424.3,423.1,422.8
Aluminium,424.4,423.4,423.0
Aluminium,424.6,423.5,423.4
Aluminium,424.9,423.8,423.7
Aluminium,425.1,424.2,424.1
Aluminium,425.3,424.4,424.3
Aluminium,425.7,424.9,424.7
Aluminium,426.2,425.4,425.2
Aluminium,426.6,425.7,425.7
Aluminium,427.0,426.2,426.0
Aluminium,427.4,426.5,426.4
Aluminium,427.7,426.9,426.7
Aluminium,428.0,427.2,427.0
Aluminium,428.4,427.7,427.4
Aluminium,428.8,428.1,427.9
Aluminium,429.1,428.5,428.4
Aluminium,429.6,428.8,428.8
Aluminium,429.8,429.2,429.1
Aluminium,430.0,429.5,429.4
Aluminium,430.3,429.6,429.5
Aluminium,430.4,429.8,429.8
Aluminium,430.5,429.9,429.9
Aluminium,430.7,430.1,430.1
Aluminium,430.9,430.2,430.2
Aluminium,431.0,430.2,430.2
Aluminium,430.9,430.2,430.2
Aluminium,430.9,430.3,430.4
Aluminium,431.1,430.4,430.6
Aluminium,431.2,430.5,430.7
Aluminium,431.5,430.9,431.0
Aluminium,431.9,431.3,431.4
Aluminium,432.3,431.7,431.8
Aluminium,432.9,432.0,432.3
Aluminium,439.5,437.9,438.2
Aluminium,439.5,437.9,438.2
Aluminium,439.7,438.0,438.4
Aluminium,440.1,438.3,438.7
Aluminium,440.4,438.7,439.1
Aluminium,440.7,439.0,439.4
Aluminium,441.1,439.4,439.7
Aluminium,441.4,439.7,440.1
Aluminium,441.7,440.0,440.4
Aluminium,442.0,440.3,440.8
Aluminium,442.3,440.7,441.1
Aluminium,442.5,441.0,441.4
Aluminium,442.7,441.1,441.5
Aluminium,442.5,440.9,441.3
Aluminium,442.0,440.3,440.7
Aluminium,441.4,439.7,440.0
Aluminium,440.6,438.9,439.1
Aluminium,439.4,437.9,437.9
Aluminium,438.1,436.7,436.5
Aluminium,437.0,435.5,435.4
Aluminium,435.9,434.3,434.3
Aluminium,434.7,433.2,433.2
Aluminium,433.8,432.1,432.2
Aluminium,433.4,431.8,432.1
Aluminium,433.5,432.0,432.3
Aluminium,433.7,432.3,432.5
Aluminium,434.0,432.6,432.7
Aluminium,434.1,432.7,432.8
Aluminium,434.2,432.7,432.7
Aluminium,434.1,432.6,432.6
Aluminium,433.9,432.5,432.5
Aluminium,433.8,432.3,432.3
Aluminium,433.5,432.2,432.2
Aluminium,433.2,432.0,432.0
Aluminium,433.0,431.7,431.8
Aluminium,432.8,431.5,431.6
Aluminium,432.6,431.4,431.5
Aluminium,432.4,431.3,431.3
Aluminium,432.2,431.0,431.2
Aluminium,432.2,430.9,431.1
Aluminium,432.0,430.7,430.9
Aluminium,431.9,430.5,430.8
Aluminium,431.7,430.3,430.6
Aluminium,431.5,430.0,430.4
Aluminium,431.3,429.7,430.3
Aluminium,431.0,429.6,430.1
Aluminium,430.8,429.4,429.7
Aluminium,430.3,429.0,429.2
Aluminium,429.9,428.5,428.8
Aluminium,429.5,428.2,428.3
Aluminium,429.1,427.7,427.9
Aluminium,428.8,427.2,427.4
Aluminium,428.4,426.8,427.0
Aluminium,427.9,426.2,426.5
Aluminium,427.3,425.8,425.8
Aluminium,426.7,425.2,425.2
Aluminium,426.1,424.5,424.6
Aluminium,425.5,423.8,423.8
Aluminium,424.8,423.1,423.2
Aluminium,424.1,422.3,422.3
Aluminium,423.4,421.7,421.7
Aluminium,422.8,421.2,421.2
Aluminium,422.2,420.6,420.6
Aluminium,421.6,419.9,420.1
Aluminium,421.1,419.4,419.6
Aluminium,420.8,419.0,419.2
Aluminium,420.5,418.7,418.8
Aluminium,420.1,418.4,418.7
Aluminium,419.8,418.1,418.4
Aluminium,419.5,418.0,418.2
Aluminium,419.3,417.7,418.0
Aluminium,419.0,417.4,417.8
Aluminium,418.8,417.1,417.6
Aluminium,418.6,417.0,417.4
Aluminium,418.5,416.8,417.1
Aluminium,418.2,416.6,416.9
Aluminium,418.0,416.5,416.8
Aluminium,417.9,416.3,416.6
Aluminium,417.8,416.2,416.5
Aluminium,417.7,416.0,416.4
Aluminium,417.6,415.8,416.3
Aluminium,417.4,415.6,416.0
Aluminium,417.3,415.6,416.0
Aluminium,417.3,415.5,415.7
Aluminium,417.1,415.3,415.6
Aluminium,417.1,415.3,415.5
Aluminium,416.9,415.2,415.5
Aluminium,416.8,415.3,415.3
Aluminium,416.7,415.3,415.4
Aluminium,416.7,415.4,415.3
Aluminium,416.6,415.4,415.2
Aluminium,416.6,415.3,415.2
Aluminium,416.5,415.2,415.0
Aluminium,416.4,415.1,415.0
Aluminium,416.3,415.0,415.1
Aluminium,416.3,415.0,415.0
Aluminium,416.4,415.1,415.0
Aluminium,416.5,415.3,415.0
Aluminium,416.6,415.3,415.1
Aluminium,416.7,415.4,415.2
Aluminium,483.1,481.8,481.4
Aluminium,482.7,481.5,481.2
Aluminium,482.6,481.4,481.1
Aluminium,482.2,481.0,480.7
Aluminium,481.6,480.4,480.2
Aluminium,480.8,479.7,479.4
Aluminium,479.9,478.8,478.4
Aluminium,479.1,478.0,477.6
Aluminium,478.3,477.2,476.8
Aluminium,477.3,476.2,475.8
Aluminium,476.2,475.1,474.7
Aluminium,475.2,474.0,473.7
Aluminium,474.0,472.8,472.7
Aluminium,472.9,471.8,471.6
Aluminium,471.6,470.5,470.3
Aluminium,470.0,468.9,468.6
Aluminium,468.6,467.4,467.1
Aluminium,467.3,466.1,465.7
Aluminium,465.8,464.7,464.3
Aluminium,464.2,463.2,462.8
Aluminium,462.6,461.6,461.1
Aluminium,460.9,459.7,459.0
Aluminium,459.0,457.9,457.4
Aluminium,457.2,456.1,455.7
Aluminium,455.7,454.6,454.2
Aluminium,454.5,453.3,452.9
Aluminium,453.3,452.0,451.8
Aluminium,452.0,450.8,450.5
Aluminium,451.0,449.8,449.5
Aluminium,450.1,448.9,448.7
Aluminium,449.2,448.1,447.8
Aluminium,448.3,447.2,447.0
Aluminium,447.5,446.4,446.2
Aluminium,446.9,445.8,445.5
Aluminium,446.0,445.0,444.8
Aluminium,445.3,444.4,444.2
Aluminium,444.8,443.9,443.6
Aluminium,444.5,443.5,443.3
Aluminium,444.0,443.1,443.0
Aluminium,443.6,442.6,442.6
Aluminium,443.3,442.2,442.2
Aluminium,443.0,441.9,441.8
Aluminium,442.6,441.4,441.4
Aluminium,442.3,441.2,441.1
Aluminium,442.0,440.8,440.8
Aluminium,441.6,440.5,440.6
Aluminium,441.3,440.1,440.2
Aluminium,441.1,440.0,440.1
Aluminium,441.0,440.0,440.1
Aluminium,440.9,439.9,440.1
Aluminium,440.6,439.7,439.9
Aluminium,440.3,439.4,439.6
Aluminium,439.6,438.7,438.8
Aluminium,438.5,437.6,437.8
Aluminium,437.6,436.6,436.8
Aluminium,436.4,435.4,435.6
Aluminium,435.2,434.0,434.3
Aluminium,434.2,433.1,433.3
Aluminium,433.6,432.3,432.5
Aluminium,433.0,431.8,431.9
Aluminium,432.5,431.3,431.4
Aluminium,432.1,431.0,431.1
Aluminium,431.9,430.9,430.9
Aluminium,431.6,430.6,430.7
Aluminium,431.3,430.2,430.2
Aluminium,430.5,429.5,429.5
Aluminium,429.7,428.8,428.8
Aluminium,429.1,428.2,428.3
Aluminium,428.7,427.9,427.9
Aluminium,428.6,427.7,427.6
Aluminium,428.4,427.6,427.3
Aluminium,428.3,427.3,427.2
Aluminium,428.1,427.1,427.0
Aluminium,427.8,427.0,426.8
Aluminium,427.7,426.8,426.5
Aluminium,427.6,426.7,426.4
Aluminium,427.5,426.7,426.3
Aluminium,427.4,426.5,426.1
Aluminium,427.3,426.4,426.1
Aluminium,427.3,426.4,426.1
Aluminium,427.2,426.2,426.0
Aluminium,427.1,426.1,425.9
Aluminium,426.9,425.8,425.7
Aluminium,426.9,425.7,425.6
Aluminium,426.6,425.4,425.4
Aluminium,426.6,425.3,425.3
Aluminium,426.6,425.5,425.4
Aluminium,426.7,425.7,425.5
Aluminium,426.8,425.7,425.5
Aluminium,426.9,425.9,425.8
Aluminium,427.1,426.0,426.1
Aluminium,427.3,426.2,426.3
Aluminium,427.6,426.6,426.6
Aluminium,428.4,427.4,427.5
Aluminium,429.3,428.3,428.4
Aluminium,430.3,429.3,429.3
Aluminium,431.3,430.4,430.2
Aluminium,432.4,431.4,431.3
Aluminium,433.3,432.3,432.3
Aluminium,434.1,433.1,433.0
Copper,620.4,619.4,619.8
Copper,620.3,619.4,619.8
Copper,620.3,619.3,619.6
Copper,620.1,619.1,619.5
Copper,619.9,619.0,619.3
Copper,619.7,618.8,619.2
Copper,619.5,618.7,619.1
Copper,619.4,618.6,618.9
Copper,619.4,618.6,618.8
Copper,619.2,618.5,618.7
Copper,619.2,618.4,618.6
Copper,619.0,618.3,618.4
Copper,618.9,618.1,618.3
Copper,618.7,618.0,618.2
Copper,618.6,617.8,618.0
Copper,618.5,617.8,618.0
Copper,618.5,617.7,617.9
Copper,618.5,617.6,617.9
Copper,618.4,617.5,617.8
Copper,618.4,617.4,617.7
Copper,618.3,617.4,617.6
Copper,618.1,617.2,617.5
Copper,618.0,617.2,617.5
Copper,617.9,617.1,617.4
Copper,617.9,617.1,617.4
Copper,618.0,617.1,617.5
Copper,618.1,617.2,617.6
Copper,618.2,617.4,617.8
Copper,618.4,617.6,618.0
Copper,618.5,617.7,618.1
Copper,618.6,617.9,618.2
Copper,618.9,618.1,618.4
Copper,619.0,618.3,618.5
Copper,619.1,618.6,618.7
Copper,619.3,618.7,618.9
Copper,619.5,618.9,619.1
Copper,619.7,619.1,619.2
Copper,619.8,619.3,619.4
Copper,620.0,619.5,619.6
Copper,620.2,619.7,619.7
Copper,620.4,619.8,619.9
Copper,620.5,620.0,620.1
Copper,620.6,620.1,620.3
Copper,620.8,620.2,620.4
Copper,620.9,620.3,620.6
Copper,621.1,620.4,620.7
Copper,621.2,620.5,620.8
Copper,621.3,620.6,620.9
Copper,621.4,620.6,621.0
Copper,621.4,620.7,621.1
Copper,621.6,620.8,621.2
Copper,621.6,620.9,621.3
Copper,621.7,621.0,621.3
Copper,621.8,621.1,621.4
Copper,621.9,621.1,621.5
Copper,622.1,621.2,621.6
Copper,622.1,621.3,621.6
Copper,622.2,621.4,621.7
Copper,622.2,621.5,621.7
Copper,622.2,621.5,621.7
Copper,622.2,621.5,621.7
Copper,622.3,621.6,621.8
Copper,622.3,621.6,621.9
Copper,622.3,621.7,621.9
Copper,622.4,621.7,621.9
Copper,622.4,621.7,622.0
Copper,622.4,621.7,622.0
Copper,622.4,621.7,622.0
Copper,622.4,621.7,622.0
Copper,622.4,621.7,622.0
Copper,622.5,621.7,622.0
Copper,622.5,621.8,622.0
Copper,622.6,621.9,622.1
Copper,622.6,622.0,622.1
Copper,622.7,622.0,622.2
Copper,622.7,622.1,622.2
Copper,622.8,622.1,622.3
Copper,622.8,622.1,622.4
Copper,622.9,622.2,622.5
Copper,623.0,622.3,622.6
Copper,623.0,622.3,622.6
Copper,623.1,622.4,622.7
Copper,623.1,622.4,622.7
Copper,623.1,622.5,622.8
Copper,623.2,622.5,622.9
Copper,623.2,622.6,622.9
Copper,623.3,622.6,622.9
Copper,623.3,622.8,623.0
Copper,623.4,622.9,623.1
Copper,623.4,622.9,623.2
Copper,623.5,623.0,623.2
Copper,623.6,623.1,623.3
Copper,623.7,623.1,623.4
Copper,623.8,623.2,623.4
Copper,623.9,623.3,623.5
Copper,623.9,623.3,623.6
Copper,624.0,623.3,623.7
Copper,624.0,623.4,623.8
Copper,624.1,623.5,623.9
Copper,624.2,623.5,623.9
Copper,628.3,627.9,627.8
Copper,628.1,627.7,627.6
Copper,627.8,627.5,627.4
Copper,627.6,627.2,627.2
Copper,627.4,627.1,626.9
Copper,627.2,626.9,626.8
Copper,627.0,626.7,626.6
Copper,626.7,626.5,626.3
Copper,626.5,626.3,626.1
Copper,626.3,626.1,626.0
Copper,626.2,625.9,625.9
Copper,626.1,625.8,625.7
Copper,626.0,625.7,625.6
Copper,625.9,625.6,625.5
Copper,625.8,625.4,625.4
Copper,625.7,625.3,625.2
Copper,625.6,625.2,625.0
Copper,625.5,625.1,625.0
Copper,625.4,625.0,624.9
Copper,625.3,624.9,624.9
Copper,625.2,624.8,624.8
Copper,625.1,624.7,624.7
Copper,625.1,624.6,624.6
Copper,625.0,624.5,624.6
Copper,624.9,624.5,624.4
Copper,624.7,624.3,624.3
Copper,624.6,624.2,624.2
Copper,624.3,624.0,624.0
Copper,624.1,623.7,623.8
Copper,623.9,623.5,623.4
Copper,623.5,623.2,623.1
Copper,623.3,622.8,622.7
Copper,623.0,622.4,622.3
Copper,622.6,622.0,622.0
Copper,622.2,621.6,621.5
Copper,621.7,621.2,621.2
Copper,621.3,620.9,620.7
Copper,620.9,620.4,620.4
Copper,620.6,620.1,620.0
Copper,620.2,619.7,619.5
Copper,619.9,619.3,619.2
Copper,619.6,619.0,619.0
Copper,619.5,618.8,618.8
Copper,619.6,618.9,618.9
Copper,619.7,619.0,619.0
Copper,619.7,619.1,619.0
Copper,619.8,619.2,619.1
Copper,619.9,619.2,619.2
Copper,619.9,619.3,619.2
Copper,620.0,619.5,619.3
Copper,620.0,619.5,619.4
Copper,620.0,619.6,619.5
Copper,620.0,619.6,619.5
Copper,620.0,619.6,619.6
Copper,619.9,619.6,619.5
Copper,619.9,619.5,619.5
Copper,619.9,619.5,619.5
Copper,619.9,619.5,619.5
Copper,619.9,619.5,619.5
Copper,619.9,619.5,619.5
Copper,619.9,619.5,619.4
Copper,619.7,619.5,619.4
Copper,619.8,619.6,619.5
Copper,619.8,619.5,619.5
Copper,619.8,619.6,619.5
Copper,619.8,619.6,619.6
Copper,619.8,619.5,619.5
Copper,619.8,619.5,619.6
Copper,619.8,619.4,619.5
Copper,619.8,619.3,619.5
Copper,619.9,619.3,619.5
Copper,619.9,619.3,619.6
Copper,619.9,619.4,619.6
Copper,619.9,619.4,619.6
Copper,620.0,619.4,619.7
Copper,620.0,619.4,619.7
Copper,620.1,619.5,619.7
Copper,620.2,619.6,619.8
Copper,620.3,619.6,619.9
Copper,620.2,619.6,619.8
Copper,620.2,619.6,619.8
Copper,620.1,619.6,619.8
Copper,620.2,619.6,619.8
Copper,620.2,619.6,619.8
Copper,620.1,619.5,619.8
Copper,620.0,619.4,619.7
Copper,619.9,619.3,619.5
Copper,619.8,619.2,619.4
Copper,619.8,619.1,619.4
Copper,619.7,619.1,619.3
Copper,619.6,619.0,619.1
Copper,619.6,618.8,618.9
Copper,619.4,618.7,618.7
Copper,619.2,618.5,618.6
Copper,619.0,618.4,618.4
Copper,618.9,618.2,618.3
Copper,618.7,618.0,618.2
Copper,618.6,618.0,617.9
Copper,618.4,617.7,617.8
Copper,618.1,617.5,617.6
Copper,629.3,628.6,628.7
Copper,629.1,628.5,628.6
Copper,629.1,628.5,628.5
Copper,628.9,628.4,628.4
Copper,628.8,628.3,628.4
Copper,628.8,628.3,628.3
Copper,628.7,628.2,628.1
Copper,628.6,628.1,628.1
Copper,628.5,628.1,628.0
Copper,628.5,628.0,627.9
Copper,628.4,627.9,627.9
Copper,628.3,627.9,627.7
Copper,628.2,627.8,627.7
Copper,628.1,627.6,627.6
Copper,628.1,627.5,627.6
Copper,628.0,627.4,627.5
Copper,628.0,627.3,627.4
Copper,627.9,627.3,627.4
Copper,627.8,627.2,627.4
Copper,627.7,627.2,627.4
Copper,627.7,627.1,627.4
Copper,627.8,627.0,627.4
Copper,627.7,627.0,627.4
Copper,627.7,627.0,627.3
Copper,627.7,626.9,627.3
Copper,627.7,626.9,627.3
Copper,627.6,626.9,627.2
Copper,627.6,626.8,627.1
Copper,627.5,626.8,627.0
Copper,627.4,626.8,627.0
Copper,627.3,626.8,626.9
Copper,627.3,626.7,626.9
Copper,627.2,626.6,626.8
Copper,627.1,626.6,626.7
Copper,627.0,626.6,626.7
Copper,627.0,626.5,626.6
Copper,626.9,626.4,626.5
Copper,626.8,626.3,626.5
Copper,626.8,626.3,626.4
Copper,626.7,626.2,626.3
Copper,626.6,626.2,626.3
Copper,626.6,626.1,626.2
Copper,626.5,626.1,626.1
Copper,626.5,626.0,626.0
Copper,626.4,625.9,626.0
Copper,626.4,625.8,626.0
Copper,626.3,625.8,625.9
Copper,626.3,625.8,625.9
Copper,626.2,625.8,625.9
Copper,626.2,625.7,625.9
Copper,626.2,625.8,625.9
Copper,626.2,625.8,625.9
Copper,626.3,625.8,625.9
Copper,626.4,625.8,625.9
Copper,626.4,625.9,625.9
Copper,626.5,625.9,626.0
Copper,626.5,625.9,626.1
Copper,626.5,625.9,626.1
Copper,626.4,625.9,626.1
Copper,626.4,626.0,626.1
Copper,626.5,626.0,626.2
Copper,626.5,626.0,626.3
Copper,626.5,626.0,626.3
Copper,626.5,626.1,626.3
Copper,626.6,626.1,626.3
Copper,626.6,626.1,626.3
Copper,626.6,626.2,626.4
Copper,626.6,626.2,626.4
Copper,626.6,626.2,626.4
Copper,626.7,626.2,626.4
Copper,626.7,626.2,626.4
Copper,626.7,626.2,626.4
Copper,626.7,626.2,626.4
Copper,626.7,626.2,626.3
Copper,626.7,626.2,626.3
Copper,626.7,626.2,626.3
Copper,626.8,626.2,626.3
Copper,626.8,626.2,626.3
Copper,626.8,626.2,626.3
Copper,626.7,626.2,626.3
Copper,626.8,626.1,626.4
Copper,626.7,626.2,626.4
Copper,626.7,626.2,626.4
Copper,626.8,626.1,626.4
Copper,626.7,626.1,626.4
Copper,626.7,626.1,626.4
Copper,626.7,626.0,626.4
Copper,626.8,626.0,626.3
Copper,626.8,626.0,626.3
Copper,626.7,626.1,626.3
Copper,626.7,626.1,626.3
Copper,626.7,626.1,626.2
Copper,626.7,626.1,626.2
Copper,626.7,626.0,626.2
Copper,626.6,626.1,626.2
Copper,626.6,626.0,626.2
Copper,626.6,626.0,626.2
Copper,626.7,625.9,626.2
Copper,626.6,625.9,626.2
Copper,626.6,625.9,626.1
Copper,640.0,639.3,639.1
Copper,639.9,639.2,639.0
Copper,639.8,639.1,638.9
Copper,639.6,639.0,638.8
Copper,639.5,638.9,638.6
Copper,639.5,638.9,638.6
Copper,639.4,638.8,638.5
Copper,639.4,638.7,638.5
Copper,639.4,638.7,638.4
Copper,639.2,638.6,638.4
Copper,639.1,638.5,638.2
Copper,639.0,638.4,638.1
Copper,638.9,638.2,637.9
Copper,638.7,638.1,637.8
Copper,638.4,637.9,637.6
Copper,638.2,637.7,637.4
Copper,637.9,637.5,637.2
Copper,637.7,637.2,637.0
Copper,637.5,637.0,636.8
Copper,637.3,636.8,636.7
Copper,637.1,636.7,636.5
Copper,637.0,636.5,636.3
Copper,636.8,636.4,636.2
Copper,636.6,636.2,636.0
Copper,636.5,636.0,635.8
Copper,636.4,636.0,635.8
Copper,636.4,636.0,635.8
Copper,636.4,636.1,635.9
Copper,636.4,636.1,635.9
Copper,636.4,636.1,635.8
Copper,636.4,636.1,635.8
Copper,636.4,636.0,635.8
Copper,636.5,636.0,635.8
Copper,636.5,635.9,635.8
Copper,636.5,636.0,635.9
Copper,636.5,635.9,635.8
Copper,636.4,635.7,635.8
Copper,636.3,635.6,635.6
Copper,636.3,635.5,635.6
Copper,636.3,635.7,635.7
Copper,636.4,635.8,635.9
Copper,636.6,636.0,636.1
Copper,636.7,636.1,636.2
Copper,636.8,636.1,636.1
Copper,636.8,636.1,636.1
Copper,636.8,636.1,636.1
Copper,636.8,636.1,636.2
Copper,636.8,636.2,636.2
Copper,636.8,636.2,636.2
Copper,636.8,636.2,636.3
Copper,636.9,636.2,636.3
Copper,636.8,636.2,636.4
Copper,636.9,636.3,636.5
Copper,636.9,636.3,636.6
Copper,637.0,636.4,636.7
Copper,637.1,636.6,636.8
Copper,637.3,636.7,637.0
Copper,637.4,636.8,637.1
Copper,637.5,636.9,637.2
Copper,637.7,637.0,637.4
Copper,637.8,637.1,637.5
Copper,638.0,637.3,637.6
Copper,638.2,637.5,637.8
Copper,638.4,637.8,638.0
Copper,638.6,638.0,638.2
Copper,638.7,638.2,638.4
Copper,638.8,638.3,638.5
Copper,638.9,638.4,638.6
Copper,638.9,638.4,638.6
Copper,638.9,638.4,638.6
Copper,639.0,638.4,638.6
Copper,639.0,638.4,638.6
Copper,639.1,638.5,638.7
Copper,639.1,638.5,638.7
Copper,639.2,638.5,638.7
Copper,639.1,638.6,638.7
Copper,639.1,638.6,638.8
Copper,639.1,638.7,638.8
Copper,639.0,638.6,638.7
Copper,638.9,638.4,638.5
Copper,638.9,638.4,638.6
Copper,638.9,638.4,638.6
Copper,639.1,638.6,638.7
Copper,639.3,638.8,638.9
Copper,639.6,639.0,639.1
Copper,639.6,639.0,639.2
Copper,639.7,639.1,639.2
Copper,639.7,639.1,639.3
Copper,639.9,639.2,639.4
Copper,640.0,639.3,639.6
Copper,640.1,639.4,639.6
Copper,640.0,639.4,639.6
Copper,639.9,639.3,639.5
Copper,639.9,639.2,639.4
Copper,639.8,639.1,639.4
Copper,639.7,639.0,639.3
Copper,639.7,639.0,639.3
Copper,639.7,639.0,639.2
Copper,639.6,638.9,639.2
Copper,639.4,638.7,639.0
Copper,630.7,630.0,630.3
Copper,630.7,630.1,630.4
Copper,630.7,630.2,630.4
Copper,630.9,630.3,630.5
Copper,631.2,630.6,630.7
Copper,631.4,630.7,630.9
Copper,631.5,630.9,631.0
Copper,631.7,631.1,631.2
Copper,631.9,631.3,631.4
Copper,632.1,631.3,631.5
Copper,632.2,631.4,631.7
Copper,632.3,631.6,631.8
Copper,632.5,631.8,632.1
Copper,632.7,632.0,632.3
Copper,632.9,632.1,632.3
Copper,633.0,632.1,632.4
Copper,633.1,632.2,632.5
Copper,633.1,632.3,632.6
Copper,633.1,632.3,632.7
Copper,633.0,632.3,632.6
Copper,633.1,632.3,632.6
Copper,632.9,632.2,632.5
Copper,632.7,632.0,632.3
Copper,632.6,632.1,632.4
Copper,632.7,632.2,632.5
Copper,632.7,632.2,632.5
Copper,632.6,632.1,632.4
Copper,632.6,632.0,632.3
Copper,632.6,632.0,632.4
Copper,632.5,632.0,632.2
Copper,632.5,631.9,632.1
Copper,632.5,631.8,632.0
Copper,632.5,631.8,632.0
Copper,632.6,632.0,632.1
Copper,632.6,632.0,632.1
Copper,632.5,631.9,632.1
Copper,632.5,631.9,632.1
Copper,632.5,632.0,632.1
Copper,632.5,631.9,632.0
Copper,632.5,631.9,632.0
Copper,632.3,631.8,631.8
Copper,632.2,631.8,631.7
Copper,632.1,631.6,631.6
Copper,632.0,631.5,631.5
Copper,632.0,631.5,631.4
Copper,632.0,631.5,631.4
Copper,632.0,631.5,631.4
Copper,632.1,631.6,631.4
Copper,632.2,631.7,631.6
Copper,632.3,631.7,631.7
Copper,632.3,631.7,631.6
Copper,632.2,631.6,631.6
Copper,632.2,631.6,631.6
Copper,632.4,631.7,631.7
Copper,632.6,631.9,632.0
Copper,632.8,632.2,632.2
Copper,632.9,632.3,632.4
Copper,633.0,632.4,632.4
Copper,632.9,632.3,632.3
Copper,632.8,632.2,632.3
Copper,632.8,632.2,632.3
Copper,632.8,632.2,632.3
Copper,632.9,632.3,632.3
Copper,633.0,632.3,632.4
Copper,633.0,632.4,632.5
Copper,633.1,632.4,632.6
Copper,633.2,632.5,632.6
Copper,633.3,632.6,632.7
Copper,633.4,632.7,632.8
Copper,633.5,632.7,632.8
Copper,633.5,632.8,632.9
Copper,633.6,632.8,632.9
Copper,633.6,632.8,632.9
Copper,633.6,632.8,632.9
Copper,633.7,633.0,633.0
Copper,633.9,633.0,633.1
Copper,633.9,633.0,633.0
Copper,633.9,633.0,633.1
Copper,633.9,633.0,633.1
Copper,633.8,632.9,633.0
Copper,633.8,632.9,633.0
Copper,633.7,632.7,632.9
Copper,633.7,632.7,632.8
Copper,633.6,632.7,632.8
Copper,633.6,632.6,632.7
Copper,633.4,632.4,632.5
Copper,633.2,632.2,632.3
Copper,633.1,632.0,632.2
Copper,632.8,631.9,632.0
Copper,632.6,631.7,631.7
Copper,632.4,631.5,631.5
Copper,632.1,631.3,631.3
Copper,631.9,631.0,631.0
Copper,631.7,630.8,630.8
Copper,631.5,630.6,630.6
Copper,631.2,630.4,630.5
Copper,631.0,630.2,630.2
Copper,630.8,629.9,630.0
Copper,630.6,629.8,629.9
Copper,630.4,629.6,629.7
Copper,647.3,646.8,646.6
Copper,647.1,646.6,646.4
Copper,646.9,646.5,646.3
Copper,646.7,646.3,646.1
Copper,646.5,646.0,645.9
Copper,646.1,645.7,645.6
Copper,645.9,645.5,645.3
Copper,645.6,645.2,645.1
Copper,645.4,645.1,645.0
Copper,645.3,644.9,644.8
Copper,645.1,644.7,644.6
Copper,645.0,644.5,644.5
Copper,644.8,644.3,644.3
Copper,644.6,644.2,644.1
Copper,644.4,644.0,644.0
Copper,644.3,643.9,643.8
Copper,644.0,643.6,643.5
Copper,643.8,643.3,643.2
Copper,643.4,642.9,642.9
Copper,643.0,642.5,642.4
Copper,642.5,642.0,641.9
Copper,642.0,641.5,641.5
Copper,641.5,641.0,641.0
Copper,641.0,640.5,640.4
Copper,640.7,640.1,640.1
Copper,640.4,639.8,639.7
Copper,640.0,639.4,639.3
Copper,639.4,638.8,638.8
Copper,638.8,638.2,638.2
Copper,638.2,637.6,637.5
Copper,637.5,637.0,636.9
Copper,636.8,636.2,636.2
Copper,636.0,635.5,635.4
Copper,635.3,634.9,634.7
Copper,634.7,634.3,634.1
Copper,634.1,633.7,633.6
Copper,633.5,633.2,633.1
Copper,633.0,632.6,632.5
Copper,632.6,632.1,632.0
Copper,632.1,631.6,631.5
Copper,631.6,631.2,631.0
Copper,631.2,630.7,630.6
Copper,630.7,630.3,630.2
Copper,630.4,630.0,630.0
Copper,630.2,629.8,629.7
Copper,630.0,629.5,629.5
Copper,629.8,629.3,629.3
Copper,629.6,629.1,629.0
Copper,629.4,628.9,628.8
Copper,629.2,628.7,628.6
Copper,628.9,628.4,628.4
Copper,628.7,628.2,628.2
Copper,628.5,628.1,628.0
Copper,628.3,627.9,627.9
Copper,628.2,627.7,627.7
Copper,628.0,627.5,627.6
Copper,627.8,627.4,627.4
Copper,627.7,627.2,627.2
Copper,627.6,627.0,627.1
Copper,627.4,626.9,626.9
Copper,627.2,626.8,626.8
Copper,627.1,626.6,626.7
Copper,627.0,626.5,626.6
Copper,626.9,626.4,626.5
Copper,626.8,626.3,626.4
Copper,626.7,626.2,626.3
Copper,626.7,626.2,626.2
Copper,626.7,626.1,626.3
Copper,626.7,626.1,626.2
Copper,626.7,626.2,626.2
Copper,626.7,626.2,626.3
Copper,626.8,626.3,626.4
Copper,626.8,626.2,626.4
Copper,626.9,626.3,626.5
Copper,626.9,626.2,626.4
Copper,626.9,626.2,626.3
Copper,626.8,626.1,626.2
Copper,626.7,625.9,626.2
Copper,626.6,625.8,626.1
Copper,626.5,625.8,626.0
Copper,626.4,625.7,626.0
Copper,626.4,625.7,626.0
Copper,626.4,625.8,626.0
Copper,626.4,625.8,626.0
Copper,626.4,625.8,626.1
Copper,626.5,625.8,626.1
Copper,626.5,625.9,626.2
Copper,626.6,625.9,626.2
Copper,626.7,626.0,626.3
Copper,626.9,626.0,626.4
Copper,626.9,626.1,626.5
Copper,626.9,626.1,626.5
Copper,626.9,626.1,626.4
Copper,627.0,626.2,626.6
Copper,627.1,626.4,626.7
Copper,627.1,626.4,626.7
Copper,627.1,626.4,626.6
Copper,627.1,626.4,626.6
Copper,627.1,626.4,626.6
Copper,627.2,626.5,626.6
Copper,652.3,651.3,651.6
Copper,652.1,651.1,651.4
Copper,652.0,651.0,651.2
Copper,651.9,650.9,651.0
Copper,651.7,650.7,650.9
Copper,651.5,650.6,650.8
Copper,651.5,650.5,650.7
Copper,651.4,650.4,650.6
Copper,651.3,650.3,650.6
Copper,651.1,650.2,650.5
Copper,651.0,650.0,650.4
Copper,650.9,649.9,650.3
Copper,650.8,649.8,650.2
Copper,650.6,649.6,650.0
Copper,650.4,649.5,649.8
Copper,650.3,649.4,649.7
Copper,650.2,649.4,649.6
Copper,650.2,649.2,649.5
Copper,650.1,649.1,649.4
Copper,650.0,649.1,649.3
Copper,649.8,648.9,649.1
Copper,649.7,648.7,648.9
Copper,649.4,648.5,648.7
Copper,649.3,648.3,648.5
Copper,649.0,648.1,648.3
Copper,648.7,647.8,648.1
Copper,648.4,647.6,647.8
Copper,648.3,647.4,647.6
Copper,648.1,647.2,647.4
Copper,647.8,646.9,647.2
Copper,647.5,646.7,646.9
Copper,647.3,646.4,646.6
Copper,647.1,646.2,646.4
Copper,646.8,645.9,646.1
Copper,646.6,645.7,645.8
Copper,646.4,645.4,645.6
Copper,646.2,645.2,645.4
Copper,646.0,644.9,645.2
Copper,645.8,644.7,645.1
Copper,645.6,644.6,644.9
Copper,645.5,644.5,644.7
Copper,645.2,644.2,644.4
Copper,644.8,643.8,644.0
Copper,644.4,643.4,643.6
Copper,643.9,642.9,643.1
Copper,643.4,642.4,642.6
Copper,642.7,641.7,641.9
Copper,642.0,641.0,641.2
Copper,641.1,640.3,640.5
Copper,640.4,639.6,639.7
Copper,639.6,638.7,638.8
Copper,638.6,637.7,637.8
Copper,637.4,636.6,636.6
Copper,636.3,635.4,635.5
Copper,635.3,634.3,634.4
Copper,634.2,633.3,633.4
Copper,633.2,632.4,632.5
Copper,632.3,631.5,631.6
Copper,631.5,630.6,630.8
Copper,630.7,629.9,630.0
Copper,629.9,629.1,629.3
Copper,629.2,628.4,628.7
Copper,628.5,627.8,628.1
Copper,627.8,627.1,627.4
Copper,627.2,626.5,626.7
Copper,626.6,625.9,626.1
Copper,626.0,625.4,625.6
Copper,625.6,625.0,625.1
Copper,625.2,624.5,624.7
Copper,624.9,624.2,624.4
Copper,624.5,623.9,624.1
Copper,624.2,623.7,623.8
Copper,624.0,623.5,623.5
Copper,623.8,623.2,623.3
Copper,623.7,623.1,623.2
Copper,623.6,623.0,623.1
Copper,623.5,623.0,623.1
Copper,623.5,623.0,623.1
Copper,623.4,622.9,623.0
Copper,623.4,622.9,623.0
Copper,623.3,622.9,623.0
Copper,623.3,622.9,623.0
Copper,623.3,622.9,623.0
Copper,623.3,623.0,623.0
Copper,623.3,623.0,623.0
Copper,623.3,623.0,623.0
Copper,623.4,623.1,623.1
Copper,623.4,623.1,623.1
Copper,623.4,623.1,623.1
Copper,623.5,623.1,623.1
Copper,623.5,623.1,623.1
Copper,623.5,623.1,623.1
Copper,623.5,623.1,623.1
Copper,623.5,623.1,623.1
Copper,623.6,623.2,623.2
Copper,623.6,623.2,623.2
Copper,623.6,623.3,623.3
Copper,623.6,623.4,623.4
Copper,623.7,623.4,623.4
Copper,623.8,623.5,623.5
Copper,640.5,639.9,639.9
Copper,640.4,639.8,639.8
Copper,640.4,639.8,639.9
Copper,640.4,639.8,639.9
Copper,640.4,639.8,639.9
Copper,640.4,639.8,639.8
Copper,640.4,639.7,639.8
Copper,640.3,639.7,639.8
Copper,640.3,639.7,639.8
Copper,640.2,639.6,639.6
Copper,640.1,639.5,639.5
Copper,640.0,639.4,639.4
Copper,639.9,639.3,639.2
Copper,639.8,639.1,639.1
Copper,639.6,638.9,639.0
Copper,639.5,638.7,638.8
Copper,639.3,638.7,638.8
Copper,639.3,638.6,638.7
Copper,639.2,638.4,638.5
Copper,638.9,638.1,638.2
Copper,638.5,637.6,637.8
Copper,638.0,637.2,637.5
Copper,637.7,636.9,637.0
Copper,637.2,636.5,636.7
Copper,636.8,636.1,636.3
Copper,636.4,635.7,635.9
Copper,636.0,635.3,635.4
Copper,635.6,634.9,635.0
Copper,635.1,634.5,634.7
Copper,634.8,634.1,634.4
Copper,634.4,633.7,634.0
Copper,634.0,633.3,633.6
Copper,633.6,633.0,633.3
Copper,633.3,632.7,633.0
Copper,633.0,632.4,632.7
Copper,632.7,632.1,632.4
Copper,632.5,631.8,632.1
Copper,632.1,631.6,631.8
Copper,631.9,631.3,631.6
Copper,631.6,631.0,631.3
Copper,631.3,630.8,631.0
Copper,631.1,630.5,630.8
Copper,630.9,630.4,630.6
Copper,630.7,630.2,630.4
Copper,630.6,630.0,630.2
Copper,630.4,629.8,630.0
Copper,630.2,629.7,629.8
Copper,630.1,629.5,629.6
Copper,629.9,629.4,629.4
Copper,629.7,629.2,629.3
Copper,629.5,629.1,629.1
Copper,629.4,628.9,628.9
Copper,629.2,628.7,628.8
Copper,629.0,628.6,628.7
Copper,628.9,628.4,628.5
Copper,628.7,628.2,628.4
Copper,628.6,628.1,628.2
Copper,628.5,628.0,628.1
Copper,628.4,627.8,628.0
Copper,628.3,627.8,627.9
Copper,628.2,627.7,627.8
Copper,628.1,627.6,627.8
Copper,628.2,627.7,627.8
Copper,628.4,627.8,628.0
Copper,628.4,627.9,628.0
Copper,628.5,628.0,628.1
Copper,628.6,628.1,628.2
Copper,628.9,628.3,628.5
Copper,629.3,628.6,628.8
Copper,629.6,629.0,629.1
Copper,629.8,629.3,629.4
Copper,630.1,629.5,629.6
Copper,630.4,629.8,629.8
Copper,630.5,629.9,630.0
Copper,630.6,630.0,630.2
Copper,630.7,630.1,630.2
Copper,630.8,630.2,630.3
Copper,630.9,630.2,630.5
Copper,631.0,630.3,630.6
Copper,631.2,630.4,630.7
Copper,631.3,630.5,630.7
Copper,631.4,630.8,630.8
Copper,631.5,630.9,630.9
Copper,631.6,631.0,631.0
Copper,631.7,631.1,631.1
Copper,631.8,631.1,631.2
Copper,631.9,631.2,631.3
Copper,632.0,631.3,631.4
Copper,632.0,631.3,631.4
Copper,632.1,631.3,631.4
Copper,632.1,631.3,631.4
Copper,632.2,631.4,631.5
Copper,632.3,631.6,631.6
Copper,632.4,631.7,631.8
Copper,632.5,631.8,631.8
Copper,632.5,631.8,631.9
Copper,632.6,631.9,631.9
Copper,632.6,631.9,632.0
Copper,632.7,632.0,632.1
Copper,632.7,632.1,632.1
Copper,639.2,638.4,638.3
Copper,638.9,638.2,638.0
Copper,638.7,637.9,637.7
Copper,638.3,637.6,637.3
Copper,637.9,637.2,636.9
Copper,637.5,636.7,636.5
Copper,637.1,636.3,636.1
Copper,636.6,635.9,635.8
Copper,636.3,635.5,635.3
Copper,636.0,635.1,635.0
Copper,635.6,634.9,634.8
Copper,635.5,634.6,634.6
Copper,635.4,634.5,634.4
Copper,635.1,634.3,634.2
Copper,635.0,634.2,634.0
Copper,634.9,634.1,633.9
Copper,634.7,633.9,633.8
Copper,634.5,633.8,633.7
Copper,634.5,633.7,633.6
Copper,634.3,633.6,633.4
Copper,634.2,633.4,633.3
Copper,634.0,633.3,633.1
Copper,633.7,633.1,632.9
Copper,633.5,632.8,632.6
Copper,633.4,632.8,632.6
Copper,633.3,632.7,632.5
Copper,633.3,632.8,632.6
Copper,633.4,632.8,632.6
Copper,633.5,632.9,632.7
Copper,633.6,633.0,632.9
Copper,633.8,633.1,633.0
Copper,633.7,633.1,632.8
Copper,633.8,633.2,633.0
Copper,634.0,633.4,633.3
Copper,634.2,633.5,633.5
Copper,634.3,633.6,633.6
Copper,634.3,633.7,633.6
Copper,634.4,633.7,633.7
Copper,634.4,633.8,633.7
Copper,634.4,633.7,633.7
Copper,634.4,633.7,633.7
Copper,634.4,633.6,633.5
Copper,634.3,633.6,633.6
Copper,634.3,633.6,633.5
Copper,634.1,633.4,633.4
Copper,634.0,633.2,633.2
Copper,633.9,633.1,633.1
Copper,633.6,632.9,632.8
Copper,633.4,632.7,632.7
Copper,633.1,632.4,632.5
Copper,632.9,632.2,632.3
Copper,632.6,632.0,631.9
Copper,632.4,631.8,631.7
Copper,632.2,631.7,631.6
Copper,632.1,631.6,631.4
Copper,631.9,631.4,631.3
Copper,631.7,631.2,631.1
Copper,631.6,631.0,630.9
Copper,631.3,630.8,630.7
Copper,631.2,630.6,630.5
Copper,631.1,630.4,630.4
Copper,631.0,630.3,630.3
Copper,630.9,630.1,630.2
Copper,630.9,630.0,630.1
Copper,630.9,630.0,630.1
Copper,630.8,630.0,630.1
Copper,630.7,629.9,630.1
Copper,630.6,629.9,630.0
Copper,630.5,629.8,629.9
Copper,630.4,629.7,629.8
Copper,630.3,629.6,629.8
Copper,630.2,629.5,629.7
Copper,630.2,629.4,629.5
Copper,630.1,629.3,629.4
Copper,630.0,629.2,629.3
Copper,629.9,629.1,629.2
Copper,629.8,629.0,629.1
Copper,629.8,628.9,629.0
Copper,629.7,628.9,629.0
Copper,629.7,628.8,629.1
Copper,629.6,628.8,629.1
Copper,629.7,628.9,629.1
Copper,629.7,628.9,629.2
Copper,629.8,628.9,629.1
Copper,629.8,629.0,629.1
Copper,629.9,629.0,629.1
Copper,629.9,629.0,629.1
Copper,629.8,628.9,629.1
Copper,629.8,628.8,628.9
Copper,629.6,628.6,628.7
Copper,629.3,628.4,628.5
Copper,629.2,628.3,628.4
Copper,629.3,628.4,628.5
Copper,629.3,628.4,628.5
Copper,629.4,628.5,628.6
Copper,629.4,628.5,628.7
Copper,629.4,628.4,628.6
Copper,629.3,628.4,628.6
Copper,629.4,628.5,628.7
Copper,629.4,628.6,628.8
Copper,642.4,641.7,642.0
Copper,642.4,641.7,642.0
Copper,642.3,641.6,641.9
Copper,642.2,641.5,641.8
Copper,642.1,641.5,641.7
Copper,641.9,641.3,641.5
Copper,641.7,641.0,641.3
Copper,641.3,640.7,640.9
Copper,640.9,640.3,640.4
Copper,640.3,639.7,639.8
Copper,639.6,638.9,639.0
Copper,639.0,638.3,638.5
Copper,638.4,637.8,637.9
Copper,637.9,637.1,637.3
Copper,637.3,636.5,636.7
Copper,636.7,636.0,636.2
Copper,636.0,635.3,635.5
Copper,635.4,634.7,634.8
Copper,634.7,634.1,634.2
Copper,634.0,633.3,633.4
Copper,633.2,632.4,632.5
Copper,632.2,631.6,631.6
Copper,631.4,630.7,630.8
Copper,630.5,629.9,629.9
Copper,629.8,629.1,629.1
Copper,629.0,628.3,628.3
Copper,628.3,627.6,627.5
Copper,627.6,626.9,626.8
Copper,626.9,626.3,626.2
Copper,626.3,625.7,625.5
Copper,625.6,625.2,624.8
Copper,625.1,624.5,624.3
Copper,624.5,624.0,623.8
Copper,624.0,623.4,623.3
Copper,623.5,622.9,622.8
Copper,623.0,622.4,622.3
Copper,622.6,621.8,621.8
Copper,622.1,621.4,621.4
Copper,621.7,621.0,621.0
Copper,621.3,620.6,620.6
Copper,620.9,620.3,620.2
Copper,620.6,620.0,619.9
Copper,620.3,619.7,619.7
Copper,620.5,619.9,619.9
Copper,620.8,620.2,620.2
Copper,621.2,620.7,620.7
Copper,621.9,621.4,621.4
Copper,622.7,622.2,622.1
Copper,623.4,622.8,622.8
Copper,623.9,623.3,623.2
Copper,624.3,623.7,623.7
Copper,624.8,624.1,624.1
Copper,625.2,624.5,624.5
Copper,625.8,625.1,625.0
Copper,626.2,625.5,625.5
Copper,626.6,625.9,625.9
Copper,626.9,626.3,626.3
Copper,627.2,626.6,626.6
Copper,627.5,626.9,626.9
Copper,627.7,627.1,627.1
Copper,627.9,627.3,627.2
Copper,628.1,627.4,627.3
Copper,628.1,627.4,627.4
Copper,628.1,627.5,627.5
Copper,628.2,627.5,627.5
Copper,628.2,627.6,627.5
Copper,628.5,627.8,627.8
Copper,628.6,628.0,627.9
Copper,628.7,628.1,628.0
Copper,628.7,628.1,628.0
Copper,628.7,628.2,628.0
Copper,628.8,628.2,628.0
Copper,628.7,628.0,627.9
Copper,628.5,627.9,627.8
Copper,628.4,627.7,627.6
Copper,628.2,627.5,627.5
Copper,628.0,627.4,627.3
Copper,627.9,627.2,627.2
Copper,627.7,627.0,627.0
Copper,627.5,626.9,626.9
Copper,627.3,626.7,626.8
Copper,627.4,626.8,626.9
Copper,627.5,626.9,627.0
Copper,627.5,627.0,627.0
Copper,627.6,627.0,627.1
Copper,627.6,627.0,627.1
Copper,627.5,626.9,627.0
Copper,627.3,626.8,626.8
Copper,627.1,626.5,626.5
Copper,626.9,626.3,626.3
Copper,626.8,626.2,626.3
Copper,626.9,626.4,626.5
Copper,627.2,626.7,626.9
Copper,627.6,627.1,627.2
Copper,627.9,627.4,627.5
Copper,628.2,627.7,627.8
Copper,628.6,628.0,628.1
Copper,628.9,628.4,628.5
Copper,629.1,628.5,628.7
Copper,629.3,628.8,628.8
Copper,624.2,623.1,623.3
Copper,623.9,622.8,623.0
Copper,623.6,622.7,622.7
Copper,623.4,622.4,622.5
Copper,623.2,622.3,622.3
Copper,622.9,622.0,622.1
Copper,622.7,621.9,621.9
Copper,622.5,621.7,621.7
Copper,622.3,621.5,621.6
Copper,622.3,621.5,621.5
Copper,622.3,621.4,621.6
Copper,622.2,621.4,621.6
Copper,621.9,621.1,621.2
Copper,621.6,620.8,620.8
Copper,621.5,620.7,620.8
Copper,621.5,620.7,620.8
Copper,621.4,620.7,620.8
Copper,621.5,620.8,620.9
Copper,621.6,620.9,621.1
Copper,621.6,621.1,621.1
Copper,621.8,621.1,621.3
Copper,621.9,621.3,621.3
Copper,622.0,621.3,621.5
Copper,622.1,621.4,621.6
Copper,622.1,621.5,621.6
Copper,622.1,621.6,621.7
Copper,622.2,621.6,621.7
Copper,622.2,621.6,621.8
Copper,622.3,621.6,621.8
Copper,622.3,621.6,621.8
Copper,622.2,621.5,621.7
Copper,622.1,621.4,621.6
Copper,622.0,621.3,621.5
Copper,621.9,621.3,621.4
Copper,621.9,621.1,621.4
Copper,621.8,621.1,621.4
Copper,621.7,621.0,621.3
Copper,621.7,621.0,621.1
Copper,621.6,621.0,621.1
Copper,621.6,621.0,621.1
Copper,621.6,621.0,621.1
Copper,621.6,620.9,621.1
Copper,621.6,620.9,621.0
Copper,621.6,620.9,621.0
Copper,621.5,620.9,621.0
Copper,621.5,620.9,621.0
Copper,621.5,620.9,621.0
Copper,621.4,620.8,621.0
Copper,621.4,620.7,620.9
Copper,621.3,620.8,620.9
Copper,621.3,620.7,620.8
Copper,621.3,620.7,620.9
Copper,621.4,620.7,620.8
Copper,621.4,620.6,620.8
Copper,621.3,620.6,620.8
Copper,621.3,620.6,620.8
Copper,621.3,620.5,620.7
Copper,621.3,620.6,620.7
Copper,621.3,620.6,620.7
Copper,621.3,620.6,620.7
Copper,621.3,620.6,620.6
Copper,621.2,620.5,620.6
Copper,621.2,620.5,620.6
Copper,621.2,620.5,620.6
Copper,621.1,620.5,620.5
Copper,621.1,620.4,620.5
Copper,621.0,620.4,620.5
Copper,620.9,620.4,620.4
Copper,621.0,620.3,620.4
Copper,620.9,620.3,620.4
Copper,620.9,620.2,620.3
Copper,620.9,620.2,620.3
Copper,620.9,620.1,620.2
Copper,620.9,620.1,620.2
Copper,620.8,620.0,620.0
Copper,620.8,619.9,620.0
Copper,620.7,619.8,619.9
Copper,620.6,619.7,619.9
Copper,620.5,619.7,619.8
Copper,620.5,619.7,619.7
Copper,620.4,619.7,619.7
Copper,620.4,619.6,619.7
Copper,620.4,619.6,619.7
Copper,620.4,619.6,619.7
Copper,620.4,619.6,619.7
Copper,620.5,619.5,619.6
Copper,620.4,619.5,619.6
Copper,620.3,619.4,619.6
Copper,620.2,619.4,619.5
Copper,620.1,619.3,619.4
Copper,620.1,619.3,619.4
Copper,620.1,619.3,619.3
Copper,620.1,619.2,619.3
Copper,620.0,619.2,619.3
Copper,620.0,619.2,619.3
Copper,620.0,619.2,619.3
Copper,620.0,619.2,619.3
Copper,619.9,619.1,619.3
Copper,620.0,619.2,619.4
Copper,620.1,619.3,619.5
Copper,620.2,619.5,619.5
Copper,620.1,619.3,619.4
Copper,620.1,619.3,619.4
Copper,620.0,619.2,619.3
Copper,619.9,619.2,619.2
Copper,619.9,619.2,619.2
Copper,619.9,619.1,619.2
Copper,619.8,619.0,619.1
Copper,619.8,619.0,619.1
Copper,619.8,619.0,619.1
Copper,619.7,618.9,619.1
Copper,619.7,618.8,619.0
Copper,619.7,618.7,618.9
Copper,619.6,618.6,619.0
Copper,619.5,618.5,618.9
Copper,619.6,618.7,619.1
Copper,619.7,618.8,619.3
Copper,619.9,619.1,619.5
Copper,620.0,619.2,619.7
Copper,620.2,619.4,619.9
Copper,620.3,619.6,620.0
Copper,620.4,619.7,620.1
Copper,620.5,619.8,620.1
Copper,620.4,619.7,620.1
Copper,620.3,619.6,620.0
Copper,620.2,619.5,619.9
Copper,620.2,619.4,619.8
Copper,620.1,619.3,619.7
Copper,620.0,619.2,619.6
Copper,619.9,619.2,619.5
Copper,619.8,619.1,619.4
Copper,619.7,619.0,619.3
Copper,619.6,618.9,619.2
Copper,619.4,618.8,619.0
Copper,619.3,618.7,618.9
Copper,619.2,618.5,618.7
Copper,619.1,618.4,618.6
Copper,619.0,618.2,618.4
Copper,618.8,618.1,618.4
Copper,618.7,618.1,618.3
Copper,618.6,618.0,618.2
Copper,618.6,617.9,618.2
Copper,618.6,617.9,618.2
Copper,618.6,617.9,618.1
Copper,618.5,617.8,618.1
Copper,618.5,617.8,618.0
Copper,618.4,617.8,618.0
Copper,618.4,617.8,618.0
Copper,618.4,617.9,618.0
Copper,618.4,617.8,618.0
Copper,618.4,617.8,617.9
Copper,618.3,617.8,617.9
Copper,618.2,617.7,617.9
Copper,618.2,617.6,617.9
Copper,618.2,617.6,617.8
Copper,618.2,617.5,617.8
Copper,618.2,617.5,617.7
Copper,618.2,617.4,617.7
Copper,618.1,617.5,617.6
Copper,618.0,617.4,617.6
Copper,618.0,617.3,617.5
Copper,617.9,617.2,617.4
Copper,617.8,617.1,617.4
Copper,617.7,617.1,617.3
Copper,617.7,617.0,617.2
Copper,617.7,616.9,617.1
Copper,617.6,616.8,617.1
Copper,617.6,616.8,617.0
Copper,617.5,616.7,617.0
Copper,617.6,616.7,617.0
Copper,617.5,616.6,617.0
Copper,617.6,616.7,617.0
Copper,617.6,616.7,616.9
Copper,617.6,616.6,616.8
Copper,617.5,616.5,616.8
Copper,617.3,616.4,616.7
Copper,617.2,616.3,616.6
Copper,617.2,616.2,616.4
Copper,617.1,616.1,616.4
Copper,616.9,616.0,616.3
Copper,616.8,615.9,616.2
Copper,616.7,615.9,616.1
Copper,616.6,615.8,616.0
Copper,616.5,615.7,615.9
Copper,616.4,615.7,615.9
Copper,616.4,615.7,615.8
Copper,616.3,615.7,615.8
Copper,616.3,615.7,615.7
Copper,616.3,615.7,615.6
Copper,616.3,615.6,615.6
Copper,616.3,615.5,615.6
Copper,616.2,615.5,615.6
Copper,616.1,615.4,615.5
Copper,616.1,615.4,615.4
Copper,616.1,615.4,615.4
Copper,616.0,615.4,615.4
Copper,616.0,615.4,615.3
Copper,616.0,615.4,615.4
Copper,616.0,615.4,615.4
Copper,616.0,615.4,615.3
Copper,623.3,622.9,622.8
Copper,623.3,622.9,622.9
Copper,623.3,622.9,622.9
Copper,623.3,623.0,622.9
Copper,623.3,623.0,622.9
Copper,623.3,623.0,623.0
Copper,623.4,623.0,623.0
Copper,623.4,623.0,623.0
Copper,623.4,623.0,623.0
Copper,623.4,623.0,623.0
Copper,623.4,623.0,623.0
Copper,623.4,622.9,623.0
Copper,623.3,622.9,623.0
Copper,623.3,622.9,623.0
Copper,623.3,622.9,623.0
Copper,623.3,622.9,622.9
Copper,623.3,622.9,622.9
Copper,623.3,622.9,622.9
Copper,623.3,622.9,622.9
Copper,623.3,622.9,622.9
Copper,623.3,622.9,622.9
Copper,623.3,622.9,622.9
Copper,623.3,622.9,622.9
Copper,623.2,622.9,622.9
Copper,623.2,622.9,622.9
Copper,623.2,622.9,623.0
Copper,623.2,622.9,623.0
Copper,623.2,622.9,623.0
Copper,623.2,622.9,623.0
Copper,623.3,622.9,623.0
Copper,623.3,623.0,623.1
Copper,623.3,623.0,623.1
Copper,623.4,623.0,623.1
Copper,623.4,623.1,623.1
Copper,623.4,623.1,623.1
Copper,623.4,623.1,623.1
Copper,623.4,623.1,623.1
Copper,623.4,623.1,623.1
Copper,623.4,623.2,623.2
Copper,623.4,623.2,623.2
Copper,623.5,623.2,623.2
Copper,623.5,623.3,623.2
Copper,623.6,623.3,623.3
Copper,623.6,623.3,623.2
Copper,623.6,623.3,623.2
Copper,623.6,623.4,623.3
Copper,623.6,623.4,623.3
Copper,623.6,623.4,623.3
Copper,623.7,623.4,623.4
Copper,623.7,623.4,623.3
Copper,623.7,623.4,623.3
Copper,623.7,623.4,623.3
Copper,623.7,623.4,623.3
Copper,623.7,623.3,623.3
Copper,623.7,623.4,623.4
Copper,623.7,623.4,623.4
Copper,623.7,623.4,623.3
Copper,623.8,623.4,623.4
Copper,623.7,623.4,623.4
Copper,623.8,623.4,623.4
Copper,623.8,623.4,623.4
Copper,623.8,623.4,623.4
Copper,623.8,623.4,623.4
Copper,623.8,623.4,623.4
Copper,623.8,623.4,623.4
Copper,623.8,623.4,623.4
Copper,623.7,623.4,623.4
Copper,623.7,623.5,623.4
Copper,623.7,623.5,623.4
Copper,623.7,623.4,623.4
Copper,623.7,623.4,623.4
Copper,623.7,623.5,623.4
Copper,623.7,623.5,623.5
Copper,623.8,623.6,623.5
Copper,623.8,623.6,623.5
Copper,623.7,623.6,623.5
Copper,623.8,623.6,623.5
Copper,623.8,623.6,623.5
Copper,623.8,623.6,623.5
Copper,623.8,623.6,623.6
Copper,623.8,623.7,623.6
Copper,623.9,623.7,623.6
Copper,623.9,623.7,623.6
Copper,623.9,623.7,623.6
Copper,623.9,623.7,623.5
Copper,623.9,623.7,623.5
Copper,623.9,623.7,623.4
Copper,623.9,623.7,623.4
Copper,623.9,623.7,623.3
Copper,623.9,623.7,623.3
Copper,623.9,623.7,623.3
Copper,624.0,623.7,623.4
Copper,624.0,623.8,623.4
Copper,624.0,623.8,623.5
Copper,624.0,623.8,623.5
Copper,624.0,623.9,623.6
Copper,624.1,624.0,623.8
Copper,624.6,624.5,624.3
Copper,625.5,625.4,625.2
Copper,626.9,626.8,626.7
Copper,608.7,607.8,608.0
Copper,608.6,607.8,608.0
Copper,608.6,607.7,608.0
Copper,608.6,607.7,608.0
Copper,608.5,607.6,608.0
Copper,608.4,607.6,607.9
Copper,608.4,607.6,607.8
Copper,608.4,607.5,607.7
Copper,608.3,607.5,607.7
Copper,608.2,607.5,607.7
Copper,608.3,607.5,607.6
Copper,608.2,607.5,607.6
Copper,608.2,607.5,607.6
Copper,608.3,607.5,607.6
Copper,608.4,607.5,607.6
Copper,608.4,607.6,607.5
Copper,608.4,607.5,607.6
Copper,608.4,607.5,607.6
Copper,608.4,607.5,607.7
Copper,608.4,607.5,607.7
Copper,608.4,607.5,607.7
Copper,608.5,607.5,607.7
Copper,608.5,607.5,607.7
Copper,608.6,607.6,607.8
Copper,608.6,607.7,607.8
Copper,608.6,607.7,607.8
Copper,608.6,607.6,607.8
Copper,608.6,607.7,607.8
Copper,608.6,607.7,607.8
Copper,608.6,607.7,607.8
Copper,608.6,607.7,607.9
Copper,608.7,607.8,607.9
Copper,608.8,607.8,608.0
Copper,608.8,607.9,608.0
Copper,608.8,607.9,608.0
Copper,608.9,607.9,608.1
Copper,608.9,608.0,608.1
Copper,608.9,608.1,608.2
Copper,609.0,608.1,608.3
Copper,609.1,608.1,608.3
Copper,609.0,608.2,608.3
Copper,609.0,608.3,608.4
Copper,609.1,608.3,608.5
Copper,609.1,608.3,608.5
Copper,609.1,608.4,608.6
Copper,609.1,608.4,608.6
Copper,609.2,608.4,608.6
Copper,609.2,608.4,608.7
Copper,609.3,608.4,608.7
Copper,609.3,608.4,608.7
Copper,609.3,608.5,608.7
Copper,609.4,608.5,608.7
Copper,609.5,608.6,608.7
Copper,609.5,608.6,608.8
Copper,609.5,608.7,608.9
Copper,609.5,608.8,608.9
Copper,609.6,608.8,608.9
Copper,609.6,608.9,608.9
Copper,609.6,608.9,608.9
Copper,609.7,608.9,609.0
Copper,609.7,608.9,609.0
Copper,609.7,608.9,609.1
Copper,609.7,608.9,609.0
Copper,609.7,609.0,609.1
Copper,609.7,608.9,609.1
Copper,609.8,608.9,609.1
Copper,609.7,608.9,609.2
Copper,609.9,609.0,609.2
Copper,609.9,609.0,609.3
Copper,610.0,609.2,609.5
Copper,610.1,609.4,609.6
Copper,610.3,609.5,609.7
Copper,610.4,609.5,609.8
Copper,610.5,609.6,609.9
Copper,610.6,609.7,610.0
Copper,610.7,609.8,610.0
Copper,610.7,609.9,610.1
Copper,610.8,610.0,610.2
Copper,611.0,610.1,610.3
Copper,611.0,610.1,610.4
Copper,611.0,610.2,610.5
Copper,611.0,610.2,610.5
Copper,610.9,610.2,610.4
Copper,610.9,610.2,610.5
Copper,610.8,610.1,610.5
Copper,610.8,610.1,610.5
Copper,610.9,610.1,610.5
Copper,610.8,610.2,610.5
Copper,610.8,610.1,610.4
Copper,610.7,610.1,610.3
Copper,610.7,610.0,610.3
Copper,610.7,610.0,610.2
Copper,610.7,609.9,610.2
Copper,610.7,609.9,610.2
Copper,610.7,609.9,610.2
Copper,610.6,609.9,610.2
Copper,610.7,609.8,610.2
Copper,610.7,609.9,610.1
Copper,610.7,609.9,610.1
Copper,610.6,609.9,610.0
Copper,601.2,600.0,600.0
Copper,601.1,600.0,600.0
Copper,601.0,599.8,599.9
Copper,600.9,599.8,599.8
Copper,600.9,599.8,599.9
Copper,601.0,599.8,600.0
Copper,601.1,599.9,600.2
Copper,601.2,600.1,600.4
Copper,601.2,600.0,600.1
Copper,600.8,599.7,599.8
Copper,600.7,599.6,599.6
Copper,601.0,599.9,599.9
Copper,601.2,600.2,600.1
Copper,601.4,600.5,600.3
Copper,601.6,600.6,600.6
Copper,601.8,600.8,600.8
Copper,602.0,601.0,601.0
Copper,602.1,601.2,601.2
Copper,602.3,601.3,601.4
Copper,602.6,601.5,601.6
Copper,602.8,601.8,601.8
Copper,603.0,602.0,602.1
Copper,603.2,602.2,602.3
Copper,603.4,602.4,602.4
Copper,603.6,602.6,602.6
Copper,603.7,602.8,602.8
Copper,603.9,602.9,602.9
Copper,604.0,603.1,603.1
Copper,604.2,603.2,603.3
Copper,604.3,603.4,603.3
Copper,604.3,603.4,603.4
Copper,604.4,603.5,603.5
Copper,604.5,603.5,603.6
Copper,604.5,603.6,603.8
Copper,604.6,603.7,603.9
Copper,604.6,603.8,604.0
Copper,604.7,603.8,604.0
Copper,604.7,603.9,604.1
Copper,604.8,604.0,604.2
Copper,604.9,604.1,604.2
Copper,604.9,604.3,604.3
Copper,605.0,604.4,604.5
Copper,605.1,604.5,604.5
Copper,605.1,604.5,604.5
Copper,605.1,604.4,604.6
Copper,605.1,604.4,604.5
Copper,605.0,604.5,604.5
Copper,605.1,604.4,604.4
Copper,605.0,604.4,604.5
Copper,605.0,604.3,604.4
Copper,604.9,604.3,604.4
Copper,604.9,604.3,604.4
Copper,605.0,604.3,604.5
Copper,605.0,604.3,604.6
Copper,605.0,604.3,604.5
Copper,605.0,604.2,604.6
Copper,605.0,604.3,604.5
Copper,605.0,604.2,604.5
Copper,605.0,604.2,604.4
Copper,605.0,604.1,604.4
Copper,604.9,604.2,604.4
Copper,604.9,604.2,604.4
Copper,605.0,604.2,604.4
Copper,605.0,604.2,604.4
Copper,605.0,604.2,604.3
Copper,604.9,604.3,604.4
Copper,604.9,604.2,604.3
Copper,604.9,604.4,604.2
Copper,604.9,604.3,604.1
Copper,604.9,604.3,604.1
Copper,604.9,604.4,604.1
Copper,604.9,604.4,604.1
Copper,604.9,604.3,604.2
Copper,604.9,604.2,604.2
Copper,604.9,604.1,604.1
Copper,604.8,604.2,604.1
Copper,604.9,604.2,604.1
Copper,604.8,604.2,604.1
Copper,604.8,604.2,604.1
Copper,604.8,604.3,604.1
Copper,604.8,604.3,604.2
Copper,604.8,604.3,604.2
Copper,604.7,604.3,604.2
Copper,604.7,604.3,604.2
Copper,604.8,604.3,604.1
Copper,604.8,604.2,604.1
Copper,604.8,604.3,604.2
Copper,604.8,604.2,604.2
Copper,604.9,604.2,604.2
Copper,604.9,604.2,604.1
Copper,604.8,604.2,604.1
Copper,604.8,604.2,604.0
Copper,604.7,604.2,604.0
Copper,604.7,604.2,603.9
Copper,604.7,604.2,603.9
Copper,604.6,604.2,603.9
Copper,604.6,604.1,603.9
Copper,604.6,604.0,603.9
Copper,604.6,603.9,603.9
Copper,604.5,603.9,603.8
Copper,627.8,627.1,627.0
Copper,627.6,626.9,626.8
Copper,627.3,626.7,626.6
Copper,627.1,626.4,626.3
Copper,626.9,626.2,626.1
Copper,626.6,625.9,625.9
Copper,626.4,625.7,625.7
Copper,626.0,625.2,625.2
Copper,625.1,624.5,624.5
Copper,625.1,624.4,624.5
Copper,625.0,624.4,624.4
Copper,624.9,624.4,624.4
Copper,624.9,624.3,624.3
Copper,624.8,624.3,624.3
Copper,624.7,624.2,624.2
Copper,624.6,624.0,624.1
Copper,624.1,623.4,623.5
Copper,623.6,623.0,623.0
Copper,623.2,622.6,622.6
Copper,622.9,622.2,622.2
Copper,622.5,621.8,621.9
Copper,622.1,621.4,621.5
Copper,621.8,621.0,621.1
Copper,621.4,620.6,620.8
Copper,621.2,620.4,620.6
Copper,621.0,620.2,620.5
Copper,620.9,620.2,620.5
Copper,621.0,620.3,620.6
Copper,621.4,620.7,621.0
Copper,621.9,621.3,621.5
Copper,622.7,622.1,622.4
Copper,623.9,623.4,623.5
Copper,625.2,624.7,624.9
Copper,626.6,626.0,626.3
Copper,627.9,627.4,627.6
Copper,629.2,628.6,628.7
Copper,629.9,629.3,629.5
Copper,630.5,629.8,630.0
Copper,630.8,630.2,630.4
Copper,631.1,630.4,630.6
Copper,631.2,630.4,630.7
Copper,631.2,630.4,630.7
Copper,631.1,630.3,630.6
Copper,631.0,630.3,630.4
Copper,630.8,630.1,630.2
Copper,630.6,629.7,629.9
Copper,630.3,629.5,629.7
Copper,630.1,629.3,629.5
Copper,629.8,629.0,629.2
Copper,629.7,628.9,629.0
Copper,629.5,628.8,628.9
Copper,629.4,628.6,628.8
Copper,629.2,628.5,628.6
Copper,629.2,628.5,628.6
Copper,629.4,628.6,628.8
Copper,629.5,628.8,629.0
Copper,629.7,629.0,629.2
Copper,630.0,629.2,629.4
Copper,629.9,629.2,629.3
Copper,629.9,629.1,629.2
Copper,629.8,629.0,629.1
Copper,629.8,628.9,629.0
Copper,629.7,628.8,629.0
Copper,629.6,628.8,628.8
Copper,629.5,628.6,628.7
Copper,629.6,628.7,628.9
Copper,629.8,628.9,629.0
Copper,629.9,629.1,629.3
Copper,630.2,629.4,629.6
Copper,630.4,629.6,629.7
Copper,630.4,629.7,629.9
Copper,630.6,629.8,630.0
Copper,630.6,629.8,629.9
Copper,630.5,629.7,629.8
Copper,630.2,629.6,629.6
Copper,630.0,629.3,629.3
Copper,629.8,629.1,629.1
Copper,629.6,628.9,628.9
Copper,629.4,628.7,628.7
Copper,629.2,628.5,628.5
Copper,629.0,628.3,628.4
Copper,628.9,628.2,628.3
Copper,628.9,628.3,628.4
Copper,629.0,628.5,628.6
Copper,629.3,628.7,628.8
Copper,629.5,629.0,629.1
Copper,629.9,629.3,629.4
Copper,630.2,629.6,629.7
Copper,630.3,629.8,629.9
Copper,630.5,629.9,630.0
Copper,630.6,630.1,630.2
Copper,630.8,630.2,630.3
Copper,630.8,630.2,630.4
Copper,630.9,630.2,630.4
Copper,630.8,630.2,630.3
Copper,630.8,630.2,630.3
Copper,630.8,630.2,630.2
Copper,630.7,630.1,630.2
Copper,630.6,630.0,630.1
Copper,630.5,629.9,629.9
Copper,620.6,619.8,619.7
Copper,620.2,619.5,619.4
Copper,619.8,619.1,619.0
Copper,619.5,618.8,618.7
Copper,619.2,618.5,618.4
Copper,618.8,618.1,618.0
Copper,618.5,617.8,617.6
Copper,618.2,617.5,617.3
Copper,617.8,617.0,616.9
Copper,617.4,616.6,616.6
Copper,617.1,616.3,616.3
Copper,616.8,616.0,616.1
Copper,616.5,615.8,615.8
Copper,616.2,615.4,615.4
Copper,615.8,615.0,615.1
Copper,615.3,614.6,614.8
Copper,614.9,614.2,614.3
Copper,614.5,613.8,613.9
Copper,614.1,613.3,613.4
Copper,613.7,612.9,613.0
Copper,613.3,612.5,612.7
Copper,613.0,612.1,612.3
Copper,612.6,611.7,611.9
Copper,612.3,611.4,611.6
Copper,611.9,611.1,611.3
Copper,611.6,610.8,611.0
Copper,611.4,610.5,610.8
Copper,611.2,610.3,610.5
Copper,610.9,610.1,610.3
Copper,610.7,609.9,610.0
Copper,610.3,609.6,609.7
Copper,610.1,609.4,609.5
Copper,609.9,609.2,609.3
Copper,609.8,609.1,609.2
Copper,609.6,608.9,609.1
Copper,609.6,608.8,608.9
Copper,609.5,608.7,608.9
Copper,609.4,608.7,608.9
Copper,609.4,608.6,608.9
Copper,609.3,608.6,608.8
Copper,609.3,608.5,608.8
Copper,609.2,608.4,608.8
Copper,609.1,608.4,608.7
Copper,609.1,608.3,608.7
Copper,609.0,608.3,608.6
Copper,609.0,608.3,608.5
Copper,609.0,608.2,608.4
Copper,609.0,608.2,608.4
Copper,608.9,608.1,608.3
Copper,608.8,608.0,608.3
Copper,608.8,608.0,608.2
Copper,608.8,607.9,608.1
Copper,608.7,607.9,608.1
Copper,608.6,607.9,608.1
Copper,608.6,607.8,608.1
Copper,608.6,607.8,608.1
Copper,608.7,607.8,608.0
Copper,608.7,607.8,608.0
Copper,608.6,607.7,608.0
Copper,608.6,607.6,608.0
Copper,608.7,607.6,608.0
Copper,608.7,607.7,608.0
Copper,608.8,607.7,608.0
Copper,608.8,607.7,608.1
Copper,608.8,607.7,608.2
Copper,608.9,607.8,608.2
Copper,608.9,607.8,608.3
Copper,609.0,607.9,608.4
Copper,609.1,608.0,608.5
Copper,609.3,608.1,608.6
Copper,609.4,608.4,608.6
Copper,609.6,608.5,608.8
Copper,609.7,608.6,608.9
Copper,609.8,608.8,609.1
Copper,610.0,609.0,609.3
Copper,610.2,609.3,609.5
Copper,610.4,609.4,609.6
Copper,610.5,609.6,609.7
Copper,610.6,609.7,609.9
Copper,610.7,609.7,609.9
Copper,610.7,609.8,610.0
Copper,610.7,609.8,610.0
Copper,610.8,609.8,610.0
Copper,610.9,609.9,610.1
Copper,610.9,609.9,610.1
Copper,610.9,609.9,610.1
Copper,610.9,610.0,610.2
Copper,611.0,610.0,610.1
Copper,611.1,610.0,610.2
Copper,611.1,610.1,610.3
Copper,611.0,610.0,610.4
Copper,611.0,609.9,610.4
Copper,611.0,610.0,610.4
Copper,611.0,610.0,610.4
Copper,611.0,610.0,610.4
Copper,611.0,610.0,610.4
Copper,610.9,610.1,610.4
Copper,610.9,610.1,610.4
Copper,610.9,610.1,610.4
Copper,622.0,621.5,621.4
Copper,622.1,621.5,621.5
Copper,622.0,621.6,621.6
Copper,622.1,621.6,621.6
Copper,622.1,621.6,621.6
Copper,622.1,621.6,621.7
Copper,622.0,621.6,621.6
Copper,621.9,621.4,621.5
Copper,621.7,621.2,621.3
Copper,621.4,620.9,621.0
Copper,621.1,620.6,620.7
Copper,620.8,620.3,620.4
Copper,620.5,619.9,620.0
Copper,620.1,619.6,619.6
Copper,619.6,619.1,619.2
Copper,619.1,618.5,618.7
Copper,618.5,618.0,618.1
Copper,617.9,617.4,617.5
Copper,617.4,616.9,617.0
Copper,616.9,616.4,616.5
Copper,616.4,615.9,615.9
Copper,615.9,615.4,615.5
Copper,615.6,615.0,615.1
Copper,615.1,614.6,614.8
Copper,614.8,614.2,614.4
Copper,614.4,613.9,614.1
Copper,614.1,613.5,613.7
Copper,613.8,613.2,613.4
Copper,613.5,612.9,613.1
Copper,613.3,612.6,612.8
Copper,613.0,612.4,612.5
Copper,612.7,612.1,612.3
Copper,612.5,611.9,612.0
Copper,612.3,611.6,611.8
Copper,612.1,611.4,611.6
Copper,611.8,611.1,611.3
Copper,611.7,610.9,611.2
Copper,611.5,610.7,611.0
Copper,611.3,610.6,610.9
Copper,611.2,610.4,610.7
Copper,611.0,610.3,610.6
Copper,610.8,610.2,610.5
Copper,610.6,610.0,610.3
Copper,610.4,609.9,610.2
Copper,610.3,609.8,610.0
Copper,610.2,609.7,609.8
Copper,610.1,609.5,609.7
Copper,610.0,609.5,609.5
Copper,609.9,609.4,609.4
Copper,609.7,609.2,609.2
Copper,609.6,609.1,609.1
Copper,609.5,609.0,609.0
Copper,609.5,608.9,608.9
Copper,609.4,608.8,608.8
Copper,609.3,608.7,608.7
Copper,609.2,608.6,608.7
Copper,609.2,608.6,608.6
Copper,609.2,608.5,608.5
Copper,609.2,608.4,608.4
Copper,609.1,608.4,608.3
Copper,609.0,608.3,608.2
Copper,609.0,608.3,608.2
Copper,608.9,608.3,608.2
Copper,608.8,608.2,608.1
Copper,608.8,608.3,608.2
Copper,608.7,608.2,608.2
Copper,608.6,608.1,608.2
Copper,608.6,608.1,608.1
Copper,608.6,608.1,608.1
Copper,608.5,608.1,608.0
Copper,608.5,608.1,608.0
Copper,608.5,608.1,608.0
Copper,608.4,608.0,608.0
Copper,608.4,607.9,607.9
Copper,608.3,607.9,607.9
Copper,608.3,607.9,607.8
Copper,608.2,607.8,607.8
Copper,608.1,607.7,607.7
Copper,608.1,607.6,607.6
Copper,608.0,607.6,607.6
Copper,607.9,607.6,607.5
Copper,607.9,607.4,607.4
Copper,607.8,607.3,607.4
Copper,607.8,607.3,607.3
Copper,607.8,607.2,607.3
Copper,607.7,607.1,607.3
Copper,607.7,607.1,607.2
Copper,607.7,607.1,607.2
Copper,607.7,607.0,607.2
Copper,607.6,607.0,607.1
Copper,607.6,606.9,607.1
Copper,607.6,606.9,607.1
Copper,607.5,606.9,607.0
Copper,607.4,606.9,607.0
Copper,607.4,606.9,606.9
Copper,607.3,606.8,606.9
Copper,607.3,606.8,607.0
Copper,607.3,606.8,606.9
Copper,607.2,606.8,606.8
Copper,607.2,606.8,606.8
Copper,615.6,614.6,614.8
Copper,615.6,614.7,614.8
Copper,615.5,614.6,614.8
Copper,615.4,614.6,614.7
Copper,615.4,614.5,614.7
Copper,615.3,614.5,614.6
Copper,615.2,614.4,614.6
Copper,615.2,614.4,614.6
Copper,615.2,614.4,614.5
Copper,615.2,614.3,614.5
Copper,615.2,614.3,614.5
Copper,615.2,614.3,614.5
Copper,615.3,614.3,614.5
Copper,615.2,614.2,614.5
Copper,615.2,614.3,614.5
Copper,615.2,614.2,614.5
Copper,615.1,614.2,614.5
Copper,615.0,614.1,614.5
Copper,615.0,614.1,614.5
Copper,615.0,614.1,614.4
Copper,614.9,614.1,614.4
Copper,614.8,614.0,614.3
Copper,614.8,614.0,614.3
Copper,614.7,613.9,614.2
Copper,614.6,613.9,614.2
Copper,614.5,613.8,614.1
Copper,614.4,613.8,614.1
Copper,614.4,613.9,614.0
Copper,614.3,613.8,613.9
Copper,614.2,613.7,613.8
Copper,614.0,613.5,613.6
Copper,613.8,613.3,613.4
Copper,613.7,613.1,613.2
Copper,613.5,612.9,613.0
Copper,613.3,612.8,612.9
Copper,613.2,612.6,612.7
Copper,613.0,612.4,612.5
Copper,612.8,612.3,612.3
Copper,612.6,612.1,612.2
Copper,612.5,611.9,612.0
Copper,612.5,611.8,611.9
Copper,612.3,611.7,611.7
Copper,612.2,611.6,611.6
Copper,612.1,611.4,611.4
Copper,611.9,611.3,611.4
Copper,611.9,611.3,611.3
Copper,612.0,611.3,611.3
Copper,611.9,611.2,611.2
Copper,611.8,611.3,611.2
Copper,611.9,611.3,611.2
Copper,611.9,611.3,611.2
Copper,611.9,611.4,611.3
Copper,611.9,611.4,611.3
Copper,612.0,611.4,611.4
Copper,612.0,611.4,611.3
Copper,612.1,611.5,611.4
Copper,612.2,611.5,611.6
Copper,612.2,611.4,611.6
Copper,612.1,611.3,611.5
Copper,611.9,611.2,611.4
Copper,611.8,611.1,611.2
Copper,611.7,611.0,611.1
Copper,611.5,610.8,610.9
Copper,611.4,610.6,610.8
Copper,611.2,610.5,610.6
Copper,611.1,610.4,610.5
Copper,611.0,610.1,610.3
Copper,610.8,609.9,610.2
Copper,610.6,609.8,610.1
Copper,610.4,609.6,609.9
Copper,610.2,609.5,609.9
Copper,610.1,609.3,609.7
Copper,610.0,609.2,609.5
Copper,609.9,609.1,609.4
Copper,609.7,609.0,609.3
Copper,609.6,608.8,609.1
Copper,609.5,608.8,609.0
Copper,609.4,608.7,608.9
Copper,609.3,608.7,608.8
Copper,609.3,608.6,608.8
Copper,609.3,608.6,608.8
Copper,609.2,608.5,608.7
Copper,609.2,608.5,608.7
Copper,609.3,608.5,608.8
Copper,609.4,608.6,608.8
Copper,609.4,608.7,608.9
Copper,609.5,608.8,609.1
Copper,609.6,608.9,609.2
Copper,609.7,609.1,609.3
Copper,609.8,609.2,609.4
Copper,609.9,609.3,609.5
Copper,610.0,609.4,609.6
Copper,610.0,609.5,609.7
Copper,610.1,609.6,609.8
Copper,610.3,609.7,609.9
Copper,610.3,609.8,610.0
Copper,610.5,609.9,610.1
Copper,610.6,610.0,610.2
Copper,610.6,610.0,610.3
Copper,610.6,610.1,610.4
Copper,603.5,602.4,602.6
Copper,603.4,602.4,602.6
Copper,603.4,602.5,602.6
Copper,603.3,602.5,602.5
Copper,603.3,602.4,602.5
Copper,603.5,602.6,602.7
Copper,603.6,602.8,603.0
Copper,603.9,603.2,603.2
Copper,604.1,603.5,603.5
Copper,604.4,603.7,603.8
Copper,604.6,603.9,604.0
Copper,604.8,604.1,604.2
Copper,605.0,604.3,604.4
Copper,605.1,604.4,604.6
Copper,605.3,604.6,604.8
Copper,605.5,604.8,605.1
Copper,605.7,605.1,605.4
Copper,606.0,605.3,605.6
Copper,606.2,605.6,605.8
Copper,606.5,605.8,606.0
Copper,606.7,606.0,606.2
Copper,606.9,606.2,606.4
Copper,607.2,606.4,606.7
Copper,607.4,606.7,606.9
Copper,607.7,607.0,607.1
Copper,607.9,607.3,607.4
Copper,608.1,607.5,607.6
Copper,608.2,607.7,607.8
Copper,608.4,607.8,608.0
Copper,608.5,608.0,608.1
Copper,608.6,608.1,608.2
Copper,608.6,608.2,608.2
Copper,608.7,608.3,608.3
Copper,608.8,608.4,608.4
Copper,608.8,608.4,608.5
Copper,608.9,608.5,608.5
Copper,608.9,608.6,608.6
Copper,609.0,608.7,608.7
Copper,609.1,608.8,608.8
Copper,609.1,608.8,608.8
Copper,609.1,608.8,608.9
Copper,609.2,608.9,609.0
Copper,609.2,609.0,609.0
Copper,609.3,609.0,609.0
Copper,609.3,609.1,609.1
Copper,609.4,609.1,609.1
Copper,609.4,609.1,609.1
Copper,609.4,609.1,609.1
Copper,609.5,609.2,609.1
Copper,609.5,609.2,609.1
Copper,609.5,609.2,609.1
Copper,609.6,609.1,609.1
Copper,609.5,609.1,609.1
Copper,609.4,609.0,609.0
Copper,609.4,608.9,608.9
Copper,609.3,609.0,608.9
Copper,609.3,608.9,608.8
Copper,609.2,608.8,608.7
Copper,609.2,608.7,608.7
Copper,609.1,608.6,608.7
Copper,609.0,608.6,608.6
Copper,609.0,608.6,608.6
Copper,608.9,608.5,608.6
Copper,608.9,608.4,608.5
Copper,608.8,608.3,608.5
Copper,608.7,608.3,608.4
Copper,608.7,608.2,608.4
Copper,608.7,608.2,608.3
Copper,608.6,608.1,608.3
Copper,608.6,608.1,608.2
Copper,608.5,608.0,608.2
Copper,608.4,607.9,608.1
Copper,608.3,607.8,608.0
Copper,608.2,607.7,607.9
Copper,608.1,607.5,607.7
Copper,608.1,607.4,607.6
Copper,607.9,607.2,607.5
Copper,607.8,607.1,607.4
Copper,607.7,607.0,607.4
Copper,607.6,607.0,607.2
Copper,607.6,607.0,607.2
Copper,607.6,607.0,607.2
Copper,607.5,607.0,607.2
Copper,607.5,607.0,607.1
Copper,607.4,606.9,607.1
Copper,607.4,606.9,607.0
Copper,607.4,606.9,607.0
Copper,607.4,606.9,606.9
Copper,607.4,606.8,606.9
Copper,607.3,606.8,606.9
Copper,607.4,606.7,606.8
Copper,607.3,606.6,606.7
Copper,607.3,606.6,606.7
Copper,607.3,606.6,606.8
Copper,607.3,606.5,606.7
Copper,607.2,606.5,606.7
Copper,607.2,606.5,606.6
Copper,607.2,606.4,606.7
Copper,607.2,606.5,606.7
Copper,607.1,606.4,606.7
Copper,608.2,607.3,607.4
Copper,608.1,607.2,607.3
Copper,608.0,607.0,607.2
Copper,607.9,606.9,607.1
Copper,607.9,606.9,607.0
Copper,607.7,606.8,606.9
Copper,607.7,606.7,606.8
Copper,607.5,606.6,606.7
Copper,607.4,606.5,606.7
Copper,607.4,606.4,606.5
Copper,607.3,606.2,606.4
Copper,607.2,606.1,606.4
Copper,607.1,606.1,606.3
Copper,607.1,606.0,606.3
Copper,607.1,606.0,606.3
Copper,607.1,606.0,606.2
Copper,607.0,606.0,606.1
Copper,607.0,605.9,606.1
Copper,606.9,605.9,606.1
Copper,606.9,605.9,606.0
Copper,606.8,605.8,606.1
Copper,606.8,605.8,606.1
Copper,606.8,605.7,606.1
Copper,606.8,605.8,606.1
Copper,606.8,605.8,606.1
Copper,606.7,605.7,606.0
Copper,606.7,605.7,606.0
Copper,606.6,605.7,606.0
Copper,606.6,605.7,606.0
Copper,606.6,605.7,606.0
Copper,606.6,605.7,606.0
Copper,606.6,605.6,606.0
Copper,606.6,605.6,606.0
Copper,606.5,605.5,606.0
Copper,606.5,605.6,605.9
Copper,606.4,605.5,605.9
Copper,606.4,605.5,605.9
Copper,606.4,605.5,605.9
Copper,606.3,605.5,605.8
Copper,606.4,605.5,605.9
Copper,606.4,605.5,605.9
Copper,606.5,605.5,605.9
Copper,606.4,605.5,605.9
Copper,606.5,605.4,605.9
Copper,606.4,605.5,605.9
Copper,606.4,605.5,605.9
Copper,606.4,605.5,605.9
Copper,606.3,605.6,605.9
Copper,606.4,605.6,605.9
Copper,606.3,605.6,605.9
Copper,606.4,605.7,605.9
Copper,606.3,605.7,605.8
Copper,606.3,605.6,605.9
Copper,606.3,605.6,605.8
Copper,606.3,605.6,605.8
Copper,606.3,605.6,605.7
Copper,606.3,605.6,605.6
Copper,606.3,605.6,605.6
Copper,606.3,605.6,605.6
Copper,606.2,605.6,605.6
Copper,606.2,605.6,605.6
Copper,606.2,605.5,605.6
Copper,606.3,605.6,605.6
Copper,606.3,605.6,605.6
Copper,606.3,605.6,605.6
Copper,606.2,605.5,605.6
Copper,606.2,605.6,605.6
Copper,606.3,605.5,605.6
Copper,606.2,605.5,605.6
Copper,606.2,605.5,605.5
Copper,606.2,605.5,605.5
Copper,606.3,605.5,605.5
Copper,606.3,605.5,605.4
Copper,606.2,605.6,605.4
Copper,606.2,605.6,605.4
Copper,606.2,605.6,605.4
Copper,606.2,605.6,605.5
Copper,606.2,605.5,605.5
Copper,606.2,605.6,605.5
Copper,606.3,605.6,605.6
Copper,606.3,605.6,605.6
Copper,606.3,605.7,605.6
Copper,606.4,605.7,605.7
Copper,606.4,605.7,605.8
Copper,606.4,605.6,605.7
Copper,606.4,605.7,605.7
Copper,606.4,605.7,605.8
Copper,606.4,605.7,605.8
Copper,606.4,605.7,605.9
Copper,606.4,605.8,605.9
Copper,606.4,605.8,605.9
Copper,606.5,605.8,605.9
Copper,606.5,605.8,605.9
Copper,606.5,605.8,605.9
Copper,606.5,605.8,605.9
Copper,606.6,605.9,605.9
Copper,606.6,605.8,605.9
Copper,606.6,605.8,605.9
Copper,606.6,605.8,606.0
Copper,606.6,605.8,606.0
Copper,608.7,607.9,607.9
Copper,608.6,607.7,607.8
Copper,608.4,607.6,607.6
Copper,608.2,607.5,607.5
Copper,608.1,607.3,607.3
Copper,608.0,607.2,607.2
Copper,607.8,607.0,607.1
Copper,607.7,606.9,606.9
Copper,607.6,606.7,606.8
Copper,607.5,606.6,606.7
Copper,607.4,606.5,606.6
Copper,607.3,606.5,606.5
Copper,607.2,606.4,606.5
Copper,607.1,606.4,606.4
Copper,607.0,606.4,606.3
Copper,606.9,606.3,606.2
Copper,606.8,606.2,606.1
Copper,606.7,606.0,606.0
Copper,606.6,606.0,605.9
Copper,606.6,605.8,605.8
Copper,606.5,605.7,605.7
Copper,606.4,605.6,605.7
Copper,606.4,605.5,605.7
Copper,606.3,605.4,605.6
Copper,606.2,605.4,605.5
Copper,606.2,605.3,605.5
Copper,606.1,605.2,605.4
Copper,606.0,605.2,605.3
Copper,605.9,605.1,605.3
Copper,605.8,605.0,605.2
Copper,605.7,604.9,605.1
Copper,605.7,604.9,605.1
Copper,605.6,604.8,605.0
Copper,605.5,604.7,604.9
Copper,605.5,604.7,604.9
Copper,605.4,604.6,604.8
Copper,605.4,604.6,604.7
Copper,605.4,604.5,604.7
Copper,605.4,604.5,604.7
Copper,605.3,604.5,604.6
Copper,605.4,604.4,604.6
Copper,605.2,604.4,604.6
Copper,605.2,604.5,604.5
Copper,605.0,604.4,604.4
Copper,605.0,604.4,604.4
Copper,605.0,604.4,604.3
Copper,605.0,604.3,604.3
Copper,605.0,604.3,604.3
Copper,605.0,604.2,604.3
Copper,604.9,604.2,604.2
Copper,604.9,604.1,604.2
Copper,604.8,604.1,604.2
Copper,604.8,604.1,604.2
Copper,604.8,604.1,604.2
Copper,604.7,604.1,604.1
Copper,604.7,604.0,604.1
Copper,604.7,604.0,604.1
Copper,604.6,604.1,604.0
Copper,604.6,604.1,604.0
Copper,604.6,604.2,604.0
Copper,604.6,604.1,604.0
Copper,604.6,604.1,604.0
Copper,604.6,604.1,603.9
Copper,604.5,604.1,603.9
Copper,604.5,604.1,603.8
Copper,604.4,604.1,603.8
Copper,604.4,604.0,603.8
Copper,604.5,604.1,603.9
Copper,604.6,604.0,603.9
Copper,604.6,604.0,604.0
Copper,604.7,604.2,604.0
Copper,604.8,604.2,604.1
Copper,604.9,604.2,604.1
Copper,604.9,604.2,604.2
Copper,605.0,604.2,604.3
Copper,605.0,604.3,604.3
Copper,605.0,604.3,604.4
Copper,605.1,604.3,604.4
Copper,605.1,604.3,604.4
Copper,605.1,604.3,604.4
Copper,605.2,604.4,604.4
Copper,605.2,604.4,604.5
Copper,605.2,604.6,604.6
Copper,605.2,604.6,604.6
Copper,605.4,604.7,604.7
Copper,605.5,604.7,604.9
Copper,605.5,604.8,605.0
Copper,605.6,604.8,605.0
Copper,605.6,604.8,605.1
Copper,605.7,604.9,605.1
Copper,605.7,605.0,605.2
Copper,605.8,605.0,605.3
Copper,605.9,605.1,605.4
Copper,605.9,605.1,605.4
Copper,606.0,605.2,605.5
Copper,606.0,605.2,605.5
Copper,606.0,605.3,605.5
Copper,606.0,605.3,605.6
Copper,606.0,605.3,605.5
Copper,606.0,605.4,605.5
Copper,608.2,607.4,607.5
Copper,608.1,607.3,607.4
Copper,608.0,607.2,607.3
Copper,608.0,607.1,607.3
Copper,607.9,607.1,607.2
Copper,607.9,607.1,607.2
Copper,607.8,607.0,607.1
Copper,607.8,607.0,607.0
Copper,607.6,606.9,607.0
Copper,607.5,606.8,606.9
Copper,607.4,606.7,606.8
Copper,607.3,606.6,606.7
Copper,607.2,606.4,606.6
Copper,607.1,606.3,606.4
Copper,607.0,606.3,606.3
Copper,606.8,606.2,606.2
Copper,606.7,606.1,606.2
Copper,606.6,606.0,606.1
Copper,606.4,606.0,606.0
Copper,606.4,605.8,605.9
Copper,606.3,605.8,605.8
Copper,606.2,605.7,605.8
Copper,606.2,605.7,605.7
Copper,606.1,605.6,605.7
Copper,606.1,605.6,605.6
Copper,606.0,605.6,605.6
Copper,606.1,605.5,605.5
Copper,606.0,605.5,605.5
Copper,605.9,605.4,605.4
Copper,605.9,605.2,605.4
Copper,605.8,605.2,605.4
Copper,605.8,605.2,605.3
Copper,605.7,605.1,605.2
Copper,605.7,605.0,605.2
Copper,605.7,605.0,605.2
Copper,605.7,605.0,605.1
Copper,605.7,605.0,605.0
Copper,605.6,604.9,604.9
Copper,605.5,604.9,604.8
Copper,605.5,604.9,604.8
Copper,605.5,604.9,604.8
Copper,605.5,604.8,604.7
Copper,605.4,604.8,604.8
Copper,605.3,604.8,604.7
Copper,605.2,604.7,604.6
Copper,605.2,604.7,604.5
Copper,605.2,604.6,604.5
Copper,605.1,604.5,604.4
Copper,605.1,604.5,604.5
Copper,605.1,604.5,604.4
Copper,605.0,604.5,604.5
Copper,605.0,604.5,604.4
Copper,605.0,604.5,604.3
Copper,604.9,604.5,604.3
Copper,605.0,604.4,604.3
Copper,605.0,604.5,604.3
Copper,605.2,604.7,604.6
Copper,605.7,605.3,605.1
Copper,606.2,605.8,605.6
Copper,606.5,606.1,605.9
Copper,606.9,606.4,606.2
Copper,607.1,606.6,606.3
Copper,607.2,606.7,606.5
Copper,607.2,606.7,606.5
Copper,607.2,606.7,606.5
Copper,607.2,606.7,606.5
Copper,607.1,606.8,606.4
Copper,607.2,606.7,606.5
Copper,607.1,606.7,606.5
Copper,607.1,606.7,606.4
Copper,607.1,606.6,606.4
Copper,607.1,606.6,606.3
Copper,607.0,606.5,606.3
Copper,606.9,606.5,606.2
Copper,606.9,606.5,606.2
Copper,606.8,606.5,606.2
Copper,606.8,606.4,606.1
Copper,606.8,606.4,606.1
Copper,606.8,606.4,606.1
Copper,606.9,606.4,606.1
Copper,606.9,606.4,606.2
Copper,606.8,606.4,606.2
Copper,606.8,606.4,606.2
Copper,606.8,606.4,606.2
Copper,606.8,606.4,606.2
Copper,606.8,606.4,606.2
Copper,606.8,606.4,606.2
Copper,606.8,606.4,606.2
Copper,606.8,606.4,606.2
Copper,606.8,606.3,606.2
Copper,606.8,606.3,606.2
Copper,606.9,606.2,606.2
Copper,606.9,606.2,606.2
Copper,606.9,606.2,606.2
Copper,606.8,606.2,606.2
Copper,606.7,606.1,606.2
Copper,606.7,606.2,606.1
Copper,606.6,606.1,606.0
Copper,606.5,606.0,605.9
Copper,606.5,605.9,605.8
Copper,604.3,603.4,603.4
Copper,604.2,603.3,603.3
Copper,604.2,603.2,603.2
Copper,604.1,603.2,603.1
Copper,604.1,603.2,603.1
Copper,604.0,603.1,603.0
Copper,604.0,603.2,603.0
Copper,604.0,603.1,603.1
Copper,604.0,603.1,603.1
Copper,604.0,603.2,603.0
Copper,603.9,603.2,603.0
Copper,604.0,603.2,603.0
Copper,604.0,603.2,603.0
Copper,603.9,603.2,603.0
Copper,603.9,603.2,603.0
Copper,603.9,603.1,603.0
Copper,603.9,603.1,603.0
Copper,604.0,603.1,603.0
Copper,604.0,603.1,603.0
Copper,603.9,603.1,603.0
Copper,603.8,603.0,603.0
Copper,603.8,603.0,602.9
Copper,603.8,603.0,602.9
Copper,603.8,603.0,602.9
Copper,603.8,603.0,602.9
Copper,603.8,603.0,602.9
Copper,603.8,603.0,602.9
Copper,603.8,602.9,602.9
Copper,603.8,602.9,603.0
Copper,603.8,602.9,603.0
Copper,603.8,602.9,603.0
Copper,603.8,602.9,603.0
Copper,603.8,602.8,603.0
Copper,603.8,602.8,603.1
Copper,603.8,602.8,603.1
Copper,603.8,602.9,603.0
Copper,603.8,602.9,603.1
Copper,603.8,602.9,603.1
Copper,603.8,602.9,603.1
Copper,603.9,602.9,603.2
Copper,603.9,602.9,603.2
Copper,603.9,602.9,603.2
Copper,603.9,602.9,603.1
Copper,603.9,602.8,603.1
Copper,603.9,602.9,603.1
Copper,603.8,602.9,603.1
Copper,603.8,602.9,603.1
Copper,603.8,602.9,603.1
Copper,603.7,602.9,603.1
Copper,603.8,602.9,603.1
Copper,603.7,602.8,603.0
Copper,603.8,602.8,603.0
Copper,603.8,602.8,603.0
Copper,603.7,602.8,602.9
Copper,603.7,602.8,602.9
Copper,603.7,602.8,602.9
Copper,603.6,602.8,602.9
Copper,603.6,602.8,602.8
Copper,603.6,602.8,602.8
Copper,603.6,602.8,602.8
Copper,603.5,602.7,602.7
Copper,603.5,602.7,602.7
Copper,603.5,602.7,602.7
Copper,603.4,602.8,602.7
Copper,603.4,602.7,602.7
Copper,603.4,602.7,602.7
Copper,603.4,602.8,602.7
Copper,603.4,602.8,602.7
Copper,603.4,602.8,602.7
Copper,603.4,602.9,602.7
Copper,603.5,603.0,602.7
Copper,603.5,603.0,602.8
Copper,603.5,603.0,602.8
Copper,603.6,603.0,602.9
Copper,603.6,603.0,602.9
Copper,603.6,602.9,602.9
Copper,603.7,602.9,602.8
Copper,603.7,602.9,602.8
Copper,603.6,602.8,602.8
Copper,603.6,602.8,602.8
Copper,603.6,602.8,602.8
Copper,603.5,602.8,602.8
Copper,603.5,602.7,602.8
Copper,603.5,602.7,602.8
Copper,603.4,602.7,602.8
Copper,603.3,602.6,602.8
Copper,603.3,602.7,602.7
Copper,603.2,602.7,602.8
Copper,603.2,602.7,602.8
Copper,603.2,602.7,602.7
Copper,603.2,602.7,602.7
Copper,603.2,602.7,602.7
Copper,603.3,602.8,602.7
Copper,603.3,602.8,602.7
Copper,603.2,602.8,602.7
Copper,603.2,602.8,602.7
Copper,603.3,602.7,602.7
Copper,603.3,602.7,602.6
Copper,603.2,602.6,602.6
Copper,603.2,602.6,602.6
Copper,601.9,601.0,601.0
Copper,601.9,601.1,601.0
Copper,601.9,601.1,601.0
Copper,601.9,601.0,601.0
Copper,601.9,601.0,600.9
Copper,601.9,601.0,600.9
Copper,601.9,600.9,600.9
Copper,601.9,600.9,600.9
Copper,601.8,600.9,600.8
Copper,601.8,601.0,600.8
Copper,601.7,600.9,600.8
Copper,601.7,600.9,600.8
Copper,601.7,600.9,600.8
Copper,601.7,600.9,600.7
Copper,601.7,600.9,600.8
Copper,601.8,600.9,600.8
Copper,601.8,601.0,600.9
Copper,601.8,601.0,600.9
Copper,601.9,601.0,600.9
Copper,602.0,601.1,600.9
Copper,602.1,601.2,601.0
Copper,602.1,601.2,601.1
Copper,602.2,601.3,601.2
Copper,602.3,601.4,601.3
Copper,602.4,601.5,601.3
Copper,602.5,601.5,601.4
Copper,602.6,601.6,601.5
Copper,602.6,601.7,601.7
Copper,602.8,601.9,601.7
Copper,602.9,602.0,601.9
Copper,602.9,602.0,601.9
Copper,603.0,602.1,602.0
Copper,602.9,602.1,602.1
Copper,603.0,602.1,602.2
Copper,603.0,602.2,602.3
Copper,603.1,602.2,602.3
Copper,603.2,602.4,602.4
Copper,603.4,602.6,602.7
Copper,603.7,602.9,603.2
Copper,604.5,603.7,604.0
Copper,605.5,604.6,605.1
Copper,606.8,605.9,606.4
Copper,607.9,607.1,607.5
Copper,608.7,607.9,608.3
Copper,609.0,608.1,608.5
Copper,609.0,608.1,608.4
Copper,608.7,607.8,608.1
Copper,608.4,607.5,607.9
Copper,608.1,607.2,607.6
Copper,607.9,607.0,607.3
Copper,607.7,606.7,607.1
Copper,607.5,606.4,606.8
Copper,607.2,606.2,606.6
Copper,607.0,606.1,606.4
Copper,606.7,605.9,606.1
Copper,606.5,605.7,605.9
Copper,606.3,605.6,605.7
Copper,606.0,605.3,605.5
Copper,605.9,605.1,605.3
Copper,605.7,604.9,605.2
Copper,605.5,604.8,605.0
Copper,605.3,604.6,604.8
Copper,605.1,604.4,604.5
Copper,604.9,604.2,604.3
Copper,604.8,604.0,604.2
Copper,604.7,603.8,604.0
Copper,604.5,603.7,603.9
Copper,604.2,603.5,603.7
Copper,604.1,603.4,603.5
Copper,603.9,603.2,603.3
Copper,603.7,603.0,603.1
Copper,603.6,602.8,602.9
Copper,603.4,602.6,602.7
Copper,603.2,602.4,602.5
Copper,603.0,602.2,602.2
Copper,602.8,601.9,602.1
Copper,602.6,601.8,601.9
Copper,602.4,601.6,601.7
Copper,602.3,601.5,601.6
Copper,602.1,601.4,601.4
Copper,602.1,601.2,601.3
Copper,601.9,601.1,601.1
Copper,601.8,600.9,601.0
Copper,601.6,600.8,600.9
Copper,601.5,600.7,600.7
Copper,601.5,600.6,600.6
Copper,601.3,600.5,600.5
Copper,601.2,600.4,600.4
Copper,601.2,600.3,600.3
Copper,601.1,600.3,600.3
Copper,601.0,600.3,600.3
Copper,600.9,600.2,600.2
Copper,600.9,600.1,600.2
Copper,600.8,600.0,600.1
Copper,600.8,600.0,600.1
Copper,600.7,600.0,600.1
Copper,600.6,600.0,600.1
Copper,600.6,600.0,600.1
Copper,600.6,599.9,600.0
Copper,600.6,599.9,600.0
Copper,602.2,601.2,601.3
Copper,602.1,601.2,601.3
Copper,602.0,601.1,601.3
Copper,602.0,601.1,601.3
Copper,602.0,601.2,601.2
Copper,601.9,601.2,601.2
Copper,601.9,601.2,601.2
Copper,602.0,601.2,601.3
Copper,602.0,601.2,601.3
Copper,602.1,601.3,601.4
Copper,602.1,601.3,601.3
Copper,602.2,601.4,601.4
Copper,602.2,601.4,601.4
Copper,602.1,601.4,601.4
Copper,602.1,601.3,601.3
Copper,602.1,601.3,601.3
Copper,602.0,601.3,601.3
Copper,601.9,601.2,601.2
Copper,602.0,601.1,601.2
Copper,602.0,601.1,601.3
Copper,602.2,601.2,601.4
Copper,602.3,601.3,601.6
Copper,602.5,601.6,601.8
Copper,602.7,601.8,602.0
Copper,602.7,601.9,602.1
Copper,602.9,602.0,602.3
Copper,603.0,602.1,602.3
Copper,603.0,602.2,602.5
Copper,603.1,602.3,602.6
Copper,603.2,602.4,602.7
Copper,603.3,602.5,602.8
Copper,603.5,602.7,602.9
Copper,603.5,602.8,603.0
Copper,603.6,602.9,603.1
Copper,603.6,603.0,603.2
Copper,603.7,603.1,603.3
Copper,603.8,603.2,603.3
Copper,603.9,603.3,603.4
Copper,603.8,603.3,603.5
Copper,603.9,603.4,603.5
Copper,604.0,603.5,603.6
Copper,604.0,603.5,603.7
Copper,604.1,603.5,603.6
Copper,604.0,603.4,603.6
Copper,604.0,603.4,603.6
Copper,604.0,603.3,603.5
Copper,604.0,603.3,603.5
Copper,603.9,603.3,603.5
Copper,604.0,603.3,603.5
Copper,604.1,603.4,603.6
Copper,604.2,603.5,603.7
Copper,604.3,603.7,603.9
Copper,604.6,603.9,604.1
Copper,604.9,604.2,604.4
Copper,605.1,604.4,604.6
Copper,605.3,604.4,604.7
Copper,605.2,604.4,604.6
Copper,605.1,604.3,604.5
Copper,605.0,604.1,604.5
Copper,604.9,604.1,604.4
Copper,605.0,604.2,604.5
Copper,605.4,604.6,605.0
Copper,606.0,605.1,605.5
Copper,606.2,605.4,605.8
Copper,606.3,605.4,605.8
Copper,606.3,605.5,605.8
Copper,606.3,605.5,605.8
Copper,606.2,605.5,605.7
Copper,606.2,605.5,605.8
Copper,606.2,605.4,605.7
Copper,606.1,605.4,605.8
Copper,606.1,605.4,605.7
Copper,606.0,605.4,605.6
Copper,605.9,605.3,605.5
Copper,605.9,605.3,605.5
Copper,605.8,605.3,605.4
Copper,605.8,605.2,605.3
Copper,605.8,605.0,605.2
Copper,605.7,604.9,605.1
Copper,605.6,604.8,605.0
Copper,605.5,604.7,604.9
Copper,605.4,604.5,604.7
Copper,605.3,604.4,604.6
Copper,605.2,604.2,604.4
Copper,605.2,604.1,604.4
Copper,605.1,604.0,604.3
Copper,605.0,603.9,604.3
Copper,604.9,603.9,604.2
Copper,604.8,603.9,604.1
Copper,604.7,603.8,604.0
Copper,604.7,603.7,603.9
Copper,604.6,603.6,603.9
Copper,604.6,603.6,603.8
Copper,604.5,603.5,603.7
Copper,604.4,603.4,603.6
Copper,604.3,603.3,603.6
Copper,604.2,603.2,603.5
Copper,604.2,603.2,603.4
Copper,604.1,603.2,603.3
Copper,604.1,603.2,603.3
Copper,599.8,598.9,598.9
Copper,599.8,598.9,598.9
Copper,599.8,599.0,599.0
Copper,599.8,598.9,598.9
Copper,599.8,599.0,598.9
Copper,599.8,599.0,599.0
Copper,599.8,599.0,599.0
Copper,599.7,599.0,599.0
Copper,599.7,599.0,599.0
Copper,599.7,599.0,599.0
Copper,599.8,599.0,599.0
Copper,599.7,599.0,599.0
Copper,599.8,599.0,599.0
Copper,599.8,599.0,599.0
Copper,599.8,599.0,599.0
Copper,599.8,599.0,599.1
Copper,599.8,599.0,599.1
Copper,599.9,599.0,599.1
Copper,599.8,599.0,599.1
Copper,599.8,598.9,599.1
Copper,599.8,598.9,599.1
Copper,599.7,598.9,599.1
Copper,599.7,598.9,599.1
Copper,599.7,598.9,599.1
Copper,599.7,598.9,599.0
Copper,599.8,598.9,599.0
Copper,599.8,599.0,599.0
Copper,599.7,599.0,599.0
Copper,599.8,599.0,599.0
Copper,599.8,599.0,598.9
Copper,599.7,598.9,599.0
Copper,599.8,598.9,598.9
Copper,599.7,598.9,598.9
Copper,599.7,598.9,598.9
Copper,599.7,598.8,598.9
Copper,599.7,598.8,598.9
Copper,599.7,598.8,598.9
Copper,599.7,598.8,598.9
Copper,599.8,598.8,598.9
Copper,599.8,598.8,598.9
Copper,599.8,598.8,598.9
Copper,599.8,598.8,598.9
Copper,599.7,598.7,598.9
Copper,599.7,598.7,598.9
Copper,599.7,598.7,598.9
Copper,599.7,598.7,598.9
Copper,599.7,598.7,598.8
Copper,599.6,598.6,598.8
Copper,599.6,598.5,598.8
Copper,599.6,598.4,598.7
Copper,599.6,598.3,598.7
Copper,599.5,598.3,598.7
Copper,599.5,598.3,598.6
Copper,599.5,598.3,598.6
Copper,599.5,598.3,598.6
Copper,599.5,598.4,598.7
Copper,599.5,598.5,598.6
Copper,599.4,598.5,598.7
Copper,599.4,598.6,598.6
Copper,599.4,598.6,598.6
Copper,599.4,598.6,598.7
Copper,599.5,598.6,598.7
Copper,599.5,598.6,598.8
Copper,599.5,598.6,598.8
Copper,599.6,598.7,598.8
Copper,599.7,598.8,598.9
Copper,599.8,598.8,598.9
Copper,599.9,598.9,599.0
Copper,599.9,599.0,599.0
Copper,600.0,599.0,599.0
Copper,599.9,599.1,599.1
Copper,599.9,599.1,599.1
Copper,600.0,599.2,599.1
Copper,600.0,599.2,599.1
Copper,600.0,599.2,599.1
Copper,600.0,599.2,599.0
Copper,599.9,599.2,599.0
Copper,599.9,599.1,599.0
Copper,600.0,599.1,599.0
Copper,600.0,599.2,599.1
Copper,600.1,599.2,599.2
Copper,600.0,599.2,599.2
Copper,600.0,599.3,599.1
Copper,600.1,599.2,599.1
Copper,600.1,599.2,599.2
Copper,600.0,599.2,599.1
Copper,600.1,599.2,599.1
Copper,600.1,599.2,599.1
Copper,600.0,599.1,599.0
Copper,599.9,599.0,598.9
Copper,599.9,599.0,598.9
Copper,599.9,599.0,598.8
Copper,599.8,598.9,598.8
Copper,599.9,598.9,598.8
Copper,599.8,598.8,598.7
Copper,599.9,598.8,598.8
Copper,599.9,598.8,598.9
Copper,599.9,598.8,598.9
Copper,599.9,598.8,598.9
Copper,599.9,598.8,599.0
Copper,620.1,619.4,619.3
Copper,620.0,619.2,619.1
Copper,619.5,618.6,618.6
Copper,618.9,618.1,618.0
Copper,618.4,617.6,617.5
Copper,617.9,617.1,617.1
Copper,617.5,616.7,616.7
Copper,617.1,616.3,616.3
Copper,616.6,615.9,615.8
Copper,616.1,615.3,615.3
Copper,615.5,614.8,614.7
Copper,615.0,614.3,614.2
Copper,614.4,613.7,613.6
Copper,613.8,613.1,613.1
Copper,613.2,612.6,612.6
Copper,612.7,612.1,612.1
Copper,612.2,611.6,611.5
Copper,611.7,611.1,611.0
Copper,611.2,610.6,610.6
Copper,610.7,610.1,610.1
Copper,610.2,609.7,609.7
Copper,609.9,609.3,609.2
Copper,609.5,608.9,608.8
Copper,609.1,608.5,608.5
Copper,608.8,607.6,607.4
Copper,607.0,607.1,607.1
Copper,606.8,606.9,606.9
Copper,606.6,606.6,606.7
Copper,606.5,606.4,606.4
Copper,606.3,606.2,606.2
Copper,606.1,606.1,606.0
Copper,605.9,605.9,605.9
Copper,605.7,605.8,605.7
Copper,605.6,605.6,605.6
Copper,605.5,605.5,605.4
Copper,605.4,605.3,605.3
Copper,605.3,605.1,605.1
Copper,605.1,604.9,604.9
Copper,605.0,604.7,604.7
Copper,605.0,604.7,604.6
Copper,604.9,604.5,604.5
Copper,604.9,604.5,604.4
Copper,604.9,604.5,604.4
Copper,604.9,604.6,604.5
Copper,605.0,604.6,604.5
Copper,605.0,604.6,604.6
Copper,605.1,604.7,604.6
Copper,605.2,604.7,604.6
Copper,605.2,604.6,604.7
Copper,605.1,604.5,604.6
Copper,605.0,604.5,604.6
Copper,605.0,604.5,604.6
Copper,605.0,604.5,604.6
Copper,605.0,604.4,604.6
Copper,605.0,604.3,604.5
Copper,605.0,604.4,604.6
Copper,605.0,604.4,604.6
Copper,605.0,604.4,604.6
Copper,604.9,604.4,604.5
Copper,604.9,604.3,604.4
Copper,604.8,604.2,604.4
Copper,604.7,604.2,604.3
Copper,604.7,604.2,604.2
Copper,604.6,604.1,604.2
Copper,604.6,604.1,604.1
Copper,604.5,604.0,604.0
Copper,604.4,603.9,604.0
Copper,604.3,603.8,603.8
Copper,604.3,603.7,603.7
Copper,604.2,603.6,603.7
Copper,604.1,603.5,603.6
Copper,604.1,603.4,603.5
Copper,604.0,603.3,603.4
Copper,603.9,603.2,603.3
Copper,603.9,603.2,603.3
Copper,603.8,603.2,603.3
Copper,603.7,603.2,603.3
Copper,603.7,603.0,603.3
Copper,603.7,603.0,603.2
Copper,603.7,602.9,603.2
Copper,603.7,602.9,603.1
Copper,603.6,602.9,603.0
Copper,603.5,602.9,603.0
Copper,603.4,602.8,602.8
Copper,603.3,602.7,602.8
Copper,603.2,602.6,602.7
Copper,603.1,602.6,602.6
Copper,603.0,602.5,602.6
Copper,603.0,602.4,602.5
Copper,602.9,602.3,602.5
Copper,602.9,602.2,602.4
Copper,602.9,602.2,602.3
Copper,602.9,602.2,602.3
Copper,602.8,602.1,602.3
Copper,602.8,602.1,602.3
Copper,602.7,602.1,602.2
Copper,602.7,602.0,602.3
Copper,602.7,602.0,602.2
Copper,602.7,602.0,602.2
Copper,603.8,603.0,603.2
Copper,603.9,603.0,603.2
Copper,604.0,603.0,603.1
Copper,604.0,603.0,603.2
Copper,604.0,603.0,603.2
Copper,604.1,603.0,603.3
Copper,604.1,603.1,603.3
Copper,604.2,603.1,603.4
Copper,604.2,603.2,603.4
Copper,604.2,603.2,603.5
Copper,604.2,603.3,603.6
Copper,604.2,603.4,603.6
Copper,604.2,603.4,603.6
Copper,604.2,603.4,603.6
Copper,604.2,603.4,603.6
Copper,604.1,603.4,603.6
Copper,604.1,603.4,603.6
Copper,604.1,603.4,603.5
Copper,604.1,603.4,603.5
Copper,604.1,603.4,603.5
Copper,604.1,603.4,603.5
Copper,604.1,603.5,603.5
Copper,604.1,603.4,603.5
Copper,604.1,603.5,603.5
Copper,604.2,603.5,603.5
Copper,604.2,603.5,603.6
Copper,604.2,603.5,603.6
Copper,604.2,603.5,603.7
Copper,604.3,603.5,603.8
Copper,604.3,603.6,603.8
Copper,604.3,603.7,603.7
Copper,604.3,603.7,603.8
Copper,604.3,603.8,603.8
Copper,604.3,603.8,603.8
Copper,604.3,603.8,603.8
Copper,604.3,603.8,603.8
Copper,604.4,603.9,603.8
Copper,604.4,603.9,603.8
Copper,604.4,603.9,603.9
Copper,604.4,603.9,603.9
Copper,604.4,603.9,603.9
Copper,604.4,603.9,604.0
Copper,604.4,603.9,603.9
Copper,604.4,604.0,604.0
Copper,604.4,604.1,604.0
Copper,604.4,604.1,604.0
Copper,604.5,604.2,604.1
Copper,604.5,604.2,604.1
Copper,604.5,604.1,604.0
Copper,604.4,604.0,604.0
Copper,604.4,603.9,603.8
Copper,604.2,603.8,603.7
Copper,604.2,603.8,603.7
Copper,604.4,604.0,603.9
Copper,604.6,604.2,604.1
Copper,604.8,604.3,604.3
Copper,604.9,604.5,604.5
Copper,605.1,604.6,604.6
Copper,605.1,604.7,604.6
Copper,605.1,604.7,604.6
Copper,605.0,604.6,604.5
Copper,604.9,604.5,604.5
Copper,604.8,604.3,604.4
Copper,604.7,604.2,604.2
Copper,604.6,604.1,604.0
Copper,604.4,603.9,603.9
Copper,604.3,603.8,603.8
Copper,604.3,603.7,603.7
Copper,604.2,603.6,603.6
Copper,604.2,603.6,603.5
Copper,604.1,603.4,603.4
Copper,604.1,603.4,603.4
Copper,604.0,603.3,603.3
Copper,604.0,603.3,603.3
Copper,604.0,603.2,603.3
Copper,603.9,603.2,603.3
Copper,603.9,603.2,603.3
Copper,603.9,603.2,603.3
Copper,604.0,603.3,603.4
Copper,604.2,603.4,603.6
Copper,604.3,603.5,603.8
Copper,604.4,603.7,603.9
Copper,604.5,603.8,603.9
Copper,604.6,603.9,604.0
Copper,604.6,604.0,604.0
Copper,604.7,603.9,604.0
Copper,604.7,603.9,604.0
Copper,604.7,604.0,604.0
Copper,604.7,604.0,604.1
Copper,604.7,604.0,604.1
Copper,604.8,604.1,604.2
Copper,604.8,604.2,604.2
Copper,604.8,604.2,604.3
Copper,604.8,604.3,604.3
Copper,604.7,604.3,604.3
Copper,604.7,604.2,604.4
Copper,604.7,604.3,604.4
Copper,604.8,604.2,604.4
Copper,604.8,604.2,604.4
Copper,604.7,604.1,604.4
Copper,609.8,608.9,609.1
Copper,609.8,608.9,609.1
Copper,609.8,609.0,609.1
Copper,609.7,608.9,609.1
Copper,609.7,608.9,609.1
Copper,609.7,608.9,609.1
Copper,609.7,608.9,609.1
Copper,609.7,608.9,609.1
Copper,609.7,608.9,609.1
Copper,609.6,608.9,609.1
Copper,609.6,608.9,609.0
Copper,609.6,608.9,609.0
Copper,609.5,608.9,609.0
Copper,609.5,608.9,609.0
Copper,609.5,608.9,608.9
Copper,609.4,609.0,608.9
Copper,609.4,608.9,608.9
Copper,609.4,608.9,608.9
Copper,609.3,609.0,608.9
Copper,609.3,609.0,608.8
Copper,609.3,608.9,608.7
Copper,609.2,609.0,608.7
Copper,609.2,608.9,608.6
Copper,609.2,608.9,608.6
Copper,609.1,608.9,608.6
Copper,609.1,608.8,608.5
Copper,609.1,608.8,608.5
Copper,609.0,608.7,608.4
Copper,608.9,608.6,608.4
Copper,608.9,608.6,608.4
Copper,608.9,608.5,608.3
Copper,608.9,608.5,608.3
Copper,608.9,608.4,608.3
Copper,608.9,608.4,608.2
Copper,608.8,608.4,608.3
Copper,608.8,608.4,608.2
Copper,608.7,608.4,608.2
Copper,608.8,608.3,608.2
Copper,608.8,608.3,608.2
Copper,608.8,608.3,608.2
Copper,608.7,608.3,608.2
Copper,608.7,608.3,608.2
Copper,608.7,608.3,608.2
Copper,608.7,608.3,608.2
Copper,608.6,608.2,608.2
Copper,608.6,608.2,608.1
Copper,608.7,608.1,608.1
Copper,608.6,608.1,608.2
Copper,608.6,608.1,608.2
Copper,608.7,608.2,608.2
Copper,608.6,608.1,608.2
Copper,608.7,608.1,608.2
Copper,608.7,608.1,608.2
Copper,608.7,608.1,608.2
Copper,608.6,608.1,608.1
Copper,608.6,608.0,608.1
Copper,608.5,608.0,608.0
Copper,608.4,607.9,607.9
Copper,608.4,607.9,607.9
Copper,608.4,607.9,607.9
Copper,608.4,607.9,607.9
Copper,608.3,607.9,607.9
Copper,608.3,607.9,607.9
Copper,608.3,607.9,607.9
Copper,608.3,607.9,607.9
Copper,608.3,607.9,607.9
Copper,608.4,607.8,608.0
Copper,608.4,607.8,608.0
Copper,608.4,607.9,608.0
Copper,608.4,607.9,608.0
Copper,608.5,607.9,608.0
Copper,608.4,607.9,608.0
Copper,608.5,607.8,608.0
Copper,608.4,607.8,608.0
Copper,608.4,607.8,608.0
Copper,608.3,607.8,608.0
Copper,608.2,607.8,608.0
Copper,608.2,607.8,607.9
Copper,608.2,607.8,607.8
Copper,608.1,607.8,607.7
Copper,608.1,607.8,607.7
Copper,608.1,607.8,607.7
Copper,608.1,607.8,607.6
Copper,608.1,607.7,607.6
Copper,608.1,607.7,607.5
Copper,608.1,607.5,607.4
Copper,608.0,607.5,607.3
Copper,607.9,607.4,607.3
Copper,607.8,607.3,607.3
Copper,607.7,607.2,607.2
Copper,607.7,607.2,607.1
Copper,607.7,607.2,607.0
Copper,607.7,607.1,607.1
Copper,607.7,607.1,607.1
Copper,607.7,607.1,607.0
Copper,607.6,607.0,607.1
Copper,607.6,607.0,607.0
Copper,607.5,607.0,607.0
Copper,607.5,607.0,607.0
Copper,607.4,606.9,607.0
Copper,610.0,609.0,608.9
Copper,610.1,609.0,609.0
Copper,610.1,609.1,609.0
Copper,610.1,609.2,609.1
Copper,610.1,609.2,609.2
Copper,610.1,609.3,609.2
Copper,610.1,609.2,609.2
Copper,610.2,609.2,609.3
Copper,610.1,609.1,609.3
Copper,610.1,609.1,609.3
Copper,610.0,609.1,609.3
Copper,609.9,609.0,609.2
Copper,609.7,608.9,609.0
Copper,609.6,608.8,608.8
Copper,609.4,608.6,608.7
Copper,609.3,608.5,608.5
Copper,609.1,608.3,608.3
Copper,608.9,608.1,608.2
Copper,608.7,607.8,608.0
Copper,608.4,607.6,607.7
Copper,608.2,607.4,607.4
Copper,607.9,607.1,607.1
Copper,607.7,606.8,606.9
Copper,607.6,606.6,606.7
Copper,607.5,606.3,606.5
Copper,607.3,606.1,606.3
Copper,607.1,605.9,606.1
Copper,606.9,605.7,605.8
Copper,606.6,605.5,605.6
Copper,606.4,605.3,605.4
Copper,606.2,605.0,605.3
Copper,606.1,604.8,605.1
Copper,605.9,604.6,604.9
Copper,605.7,604.4,604.7
Copper,605.5,604.2,604.5
Copper,605.3,604.1,604.4
Copper,605.1,603.9,604.1
Copper,605.0,603.7,604.0
Copper,604.8,603.6,603.8
Copper,604.6,603.4,603.7
Copper,604.5,603.3,603.6
Copper,604.3,603.1,603.5
Copper,604.1,602.9,603.3
Copper,604.0,602.7,603.2
Copper,603.8,602.6,603.1
Copper,603.6,602.5,603.0
Copper,603.5,602.3,602.8
Copper,603.4,602.2,602.7
Copper,603.3,602.1,602.6
Copper,603.1,601.9,602.4
Copper,603.0,601.8,602.3
Copper,602.9,601.8,602.2
Copper,602.9,601.7,602.1
Copper,602.8,601.6,602.0
Copper,602.8,601.5,602.0
Copper,602.7,601.5,601.9
Copper,602.6,601.5,601.9
Copper,602.5,601.5,601.8
Copper,602.5,601.4,601.8
Copper,602.4,601.5,601.7
Copper,602.4,601.4,601.7
Copper,602.4,601.4,601.7
Copper,602.3,601.4,601.7
Copper,602.3,601.4,601.6
Copper,602.2,601.3,601.5
Copper,602.2,601.3,601.4
Copper,602.2,601.2,601.3
Copper,602.1,601.2,601.3
Copper,602.1,601.1,601.3
Copper,602.0,601.1,601.2
Copper,602.0,601.1,601.2
Copper,601.9,601.1,601.3
Copper,601.9,601.1,601.3
Copper,601.9,601.1,601.3
Copper,601.9,601.0,601.2
Copper,601.9,601.0,601.2
Copper,601.9,600.9,601.2
Copper,601.8,600.8,601.1
Copper,601.7,600.8,601.1
Copper,601.7,600.7,601.0
Copper,601.6,600.7,600.9
Copper,601.6,600.7,601.0
Copper,601.6,600.6,600.9
Copper,601.6,600.5,600.8
Copper,601.5,600.5,600.7
Copper,601.4,600.4,600.6
Copper,601.3,600.4,600.5
Copper,601.3,600.3,600.4
Copper,601.2,600.3,600.4
Copper,601.1,600.2,600.3
Copper,601.0,600.2,600.2
Copper,600.9,600.1,600.2
Copper,600.8,600.0,600.1
Copper,600.7,600.0,600.0
Copper,600.7,599.9,599.9
Copper,600.6,599.9,599.9
Copper,600.5,599.8,599.8
Copper,600.4,599.7,599.7
Copper,600.4,599.8,599.7
Copper,600.4,599.7,599.7
Copper,604.4,603.3,603.4
Copper,604.4,603.4,603.4
Copper,604.4,603.4,603.5
Copper,604.4,603.4,603.4
Copper,604.4,603.4,603.4
Copper,604.4,603.5,603.5
Copper,604.4,603.5,603.6
Copper,604.5,603.6,603.6
Copper,604.6,603.7,603.7
Copper,604.6,603.8,603.7
Copper,604.6,603.8,603.7
Copper,604.6,603.9,603.7
Copper,604.5,603.8,603.5
Copper,604.5,603.8,603.4
Copper,604.4,603.6,603.3
Copper,604.3,603.6,603.3
Copper,604.2,603.6,603.3
Copper,604.2,603.6,603.3
Copper,604.2,603.7,603.3
Copper,604.1,603.6,603.3
Copper,604.0,603.6,603.3
Copper,604.0,603.5,603.3
Copper,603.8,603.4,603.1
Copper,603.7,603.2,603.0
Copper,603.6,603.2,602.9
Copper,603.5,603.0,602.8
Copper,603.5,603.0,602.8
Copper,603.4,603.0,602.7
Copper,603.4,602.9,602.6
Copper,603.3,602.7,602.5
Copper,603.2,602.6,602.4
Copper,603.1,602.6,602.4
Copper,603.0,602.6,602.4
Copper,603.0,602.5,602.3
Copper,603.0,602.4,602.3
Copper,602.9,602.3,602.2
Copper,602.8,602.2,602.2
Copper,602.7,602.1,602.1
Copper,602.7,602.1,602.0
Copper,602.6,602.1,602.0
Copper,602.6,602.1,602.0
Copper,602.6,602.1,601.9
Copper,602.6,602.0,601.9
Copper,602.6,602.0,601.9
Copper,602.6,601.9,601.9
Copper,602.5,601.9,601.9
Copper,602.5,601.8,602.0
Copper,602.4,601.8,601.9
Copper,602.4,601.8,601.9
Copper,602.4,601.8,602.0
Copper,602.4,601.8,601.9
Copper,602.4,601.7,601.9
Copper,602.4,601.7,602.0
Copper,602.4,601.7,602.0
Copper,602.4,601.7,602.0
Copper,602.5,601.7,602.0
Copper,602.5,601.6,601.9
Copper,602.5,601.6,602.0
Copper,602.5,601.7,602.0
Copper,602.5,601.6,602.0
Copper,602.5,601.6,601.9
Copper,602.6,601.6,601.9
Copper,602.5,601.6,601.8
Copper,602.6,601.6,601.8
Copper,602.5,601.6,601.8
Copper,602.4,601.6,601.8
Copper,602.5,601.6,601.8
Copper,602.4,601.6,601.7
Copper,602.4,601.6,601.7
Copper,602.4,601.6,601.7
Copper,602.4,601.6,601.7
Copper,602.4,601.5,601.7
Copper,602.4,601.5,601.8
Copper,602.2,601.4,601.7
Copper,602.3,601.4,601.6
Copper,602.2,601.3,601.6
Copper,602.2,601.3,601.6
Copper,602.1,601.3,601.6
Copper,602.1,601.2,601.5
Copper,602.2,601.2,601.5
Copper,602.2,601.2,601.5
Copper,602.2,601.3,601.4
Copper,602.2,601.2,601.4
Copper,602.2,601.3,601.4
Copper,602.2,601.4,601.5
Copper,602.3,601.5,601.6
Copper,602.5,601.7,601.7
Copper,602.7,601.8,602.0
Copper,602.8,602.0,602.1
Copper,603.0,602.2,602.3
Copper,603.1,602.4,602.5
Copper,603.3,602.5,602.7
Copper,603.4,602.7,602.8
Copper,603.4,602.7,602.9
Copper,603.6,602.7,603.0
Copper,603.6,602.8,603.1
Copper,603.6,602.8,603.1
Copper,603.6,602.9,603.1
Copper,603.6,602.9,603.1
Copper,603.7,602.9,603.1
Copper,599.9,598.8,598.8
Copper,599.9,598.7,598.9
Copper,599.9,598.8,598.9
Copper,599.8,598.8,598.9
Copper,599.8,598.8,598.9
Copper,599.8,598.8,598.9
Copper,599.7,598.9,598.9
Copper,599.7,599.0,598.9
Copper,599.8,599.0,598.9
Copper,599.7,599.0,599.0
Copper,599.7,599.0,598.9
Copper,599.7,599.0,598.9
Copper,599.7,599.0,598.9
Copper,599.7,599.0,598.9
Copper,599.8,599.1,598.9
Copper,599.8,599.0,598.8
Copper,599.7,599.1,598.8
Copper,599.7,599.0,598.9
Copper,599.8,599.1,598.9
Copper,599.8,599.1,599.0
Copper,599.9,599.2,599.0
Copper,599.9,599.2,599.1
Copper,600.0,599.3,599.2
Copper,600.0,599.4,599.3
Copper,600.0,599.4,599.3
Copper,600.1,599.5,599.4
Copper,600.3,599.6,599.5
Copper,600.5,599.8,599.7
Copper,600.9,600.2,600.1
Copper,601.3,600.7,600.6
Copper,601.8,601.1,601.1
Copper,602.2,601.6,601.6
Copper,602.7,602.0,602.0
Copper,603.1,602.4,602.5
Copper,603.4,602.7,602.8
Copper,603.7,603.0,603.2
Copper,604.0,603.2,603.4
Copper,604.2,603.4,603.6
Copper,604.3,603.6,603.7
Copper,604.4,603.7,603.9
Copper,604.6,603.8,604.0
Copper,604.6,603.9,604.0
Copper,604.7,604.0,604.1
Copper,604.7,604.0,604.1
Copper,604.7,604.1,604.2
Copper,604.8,604.2,604.2
Copper,604.9,604.2,604.2
Copper,605.1,604.4,604.4
Copper,605.3,604.7,604.6
Copper,605.8,605.1,605.0
Copper,606.2,605.5,605.5
Copper,606.6,605.9,605.9
Copper,607.1,606.4,606.5
Copper,607.7,607.0,607.0
Copper,608.2,607.6,607.7
Copper,608.9,608.2,608.3
Copper,609.5,609.0,609.0
Copper,610.2,609.6,609.6
Copper,610.7,610.2,610.2
Copper,611.2,610.7,610.6
Copper,611.6,611.1,611.1
Copper,612.1,611.6,611.5
Copper,612.5,612.0,611.9
Copper,612.9,612.5,612.3
Copper,613.3,612.8,612.6
Copper,613.5,613.1,612.8
Copper,613.8,613.3,613.0
Copper,613.9,613.4,613.0
Copper,613.9,613.4,613.1
Copper,613.9,613.3,613.0
Copper,613.8,613.2,613.0
Copper,613.7,613.1,612.8
Copper,613.6,613.0,612.7
Copper,613.5,612.9,612.6
Copper,613.4,612.8,612.6
Copper,613.3,612.7,612.5
Copper,613.1,612.5,612.4
Copper,613.0,612.3,612.2
Copper,612.8,612.1,612.0
Copper,612.6,611.9,611.8
Copper,612.4,611.7,611.6
Copper,612.1,611.4,611.4
Copper,611.8,611.1,611.2
Copper,611.6,610.9,611.0
Copper,611.4,610.8,610.9
Copper,611.3,610.6,610.8
Copper,611.2,610.5,610.7
Copper,611.1,610.4,610.6
Copper,610.9,610.3,610.6
Copper,610.9,610.3,610.4
Copper,610.9,610.2,610.3
Copper,610.8,610.1,610.3
Copper,610.7,610.0,610.2
Copper,610.7,609.9,610.1
Copper,610.5,609.8,610.0
Copper,610.4,609.7,609.8
Copper,610.2,609.5,609.7
Copper,610.1,609.4,609.5
Copper,610.0,609.2,609.3
Copper,609.8,609.0,609.2
Copper,621.5,620.5,620.6
Copper,621.1,620.2,620.2
Copper,620.7,619.8,619.8
Copper,620.5,619.6,619.6
Copper,620.2,619.4,619.4
Copper,620.0,619.1,619.2
Copper,619.7,618.8,618.8
Copper,619.4,618.5,618.5
Copper,619.0,618.2,618.2
Copper,618.8,617.9,617.8
Copper,618.4,617.6,617.5
Copper,618.1,617.2,617.2
Copper,617.8,616.8,616.8
Copper,617.5,616.5,616.5
Copper,617.2,616.3,616.3
Copper,617.0,616.2,616.1
Copper,616.8,615.9,615.8
Copper,616.7,615.8,615.7
Copper,616.6,615.7,615.7
Copper,616.5,615.6,615.6
Copper,616.5,615.6,615.6
Copper,616.4,615.6,615.5
Copper,616.3,615.4,615.3
Copper,616.1,615.2,615.1
Copper,615.9,615.1,615.1
Copper,615.9,615.1,615.0
Copper,615.8,614.9,614.9
Copper,615.5,614.7,614.6
Copper,615.3,614.5,614.4
Copper,615.2,614.3,614.3
Copper,615.0,614.1,614.1
Copper,614.8,613.9,613.9
Copper,614.7,613.8,613.8
Copper,614.6,613.7,613.8
Copper,614.6,613.6,613.8
Copper,614.6,613.6,613.8
Copper,614.5,613.5,613.8
Copper,614.4,613.5,613.7
Copper,614.3,613.4,613.6
Copper,614.2,613.3,613.5
Copper,614.0,613.2,613.4
Copper,613.9,613.1,613.2
Copper,613.7,612.9,613.0
Copper,613.6,612.8,612.9
Copper,613.5,612.6,612.8
Copper,613.3,612.5,612.7
Copper,613.1,612.3,612.6
Copper,613.0,612.2,612.6
Copper,612.8,612.1,612.4
Copper,612.8,612.0,612.3
Copper,612.7,612.0,612.2
Copper,612.6,611.9,612.2
Copper,612.5,611.9,612.0
Copper,612.5,611.8,611.9
Copper,612.4,611.7,611.8
Copper,612.3,611.6,611.8
Copper,612.2,611.6,611.7
Copper,612.2,611.5,611.6
Copper,612.2,611.4,611.6
Copper,612.1,611.4,611.5
Copper,612.0,611.3,611.5
Copper,611.9,611.2,611.4
Copper,611.8,611.2,611.3
Copper,611.8,611.1,611.3
Copper,611.7,611.1,611.2
Copper,611.6,611.1,611.2
Copper,611.6,611.0,611.1
Copper,611.5,610.9,611.1
Copper,611.6,610.9,611.1
Copper,611.6,610.9,611.0
Copper,611.5,610.9,610.9
Copper,611.5,610.9,611.0
Copper,611.5,610.8,610.9
Copper,611.5,610.8,610.9
Copper,611.4,610.7,610.8
Copper,611.4,610.7,610.8
Copper,611.3,610.7,610.8
Copper,611.3,610.7,610.7
Copper,611.3,610.6,610.7
Copper,611.2,610.6,610.6
Copper,611.1,610.6,610.5
Copper,611.1,610.5,610.5
Copper,611.1,610.5,610.4
Copper,611.0,610.4,610.4
Copper,611.0,610.3,610.3
Copper,611.0,610.3,610.3
Copper,611.0,610.3,610.2
Copper,610.9,610.2,610.2
Copper,610.9,610.3,610.2
Copper,610.9,610.2,610.2
Copper,610.9,610.2,610.2
Copper,610.9,610.2,610.2
Copper,610.9,610.2,610.1
Copper,610.9,610.1,610.2
Copper,610.8,610.1,610.2
Copper,610.8,610.1,610.2
Copper,610.8,610.1,610.1
Copper,610.7,610.0,610.1
Copper,610.7,610.0,610.0
Copper,610.6,610.0,610.0
Copper,638.7,638.1,638.2
Copper,638.5,637.9,638.0
Copper,638.3,637.6,637.8
Copper,638.1,637.5,637.5
Copper,637.8,637.2,637.2
Copper,637.7,637.2,637.1
Copper,637.5,637.0,636.9
Copper,637.3,636.7,636.7
Copper,637.0,636.5,636.4
Copper,636.8,636.3,636.2
Copper,636.6,636.1,636.0
Copper,636.3,635.7,635.7
Copper,635.9,635.3,635.3
Copper,635.6,634.9,634.9
Copper,635.0,634.5,634.4
Copper,634.6,634.0,634.0
Copper,634.1,633.5,633.5
Copper,633.6,633.0,633.0
Copper,633.0,632.4,632.5
Copper,632.5,631.9,632.0
Copper,632.0,631.3,631.5
Copper,631.5,630.8,631.0
Copper,631.0,630.4,630.6
Copper,630.6,630.0,630.2
Copper,630.1,629.5,629.8
Copper,629.7,629.1,629.3
Copper,629.2,628.6,628.9
Copper,628.8,628.2,628.4
Copper,628.5,627.8,628.0
Copper,627.9,627.4,627.7
Copper,627.5,626.9,627.3
Copper,627.2,626.5,626.8
Copper,626.8,626.1,626.5
Copper,626.5,625.9,626.2
Copper,626.2,625.5,625.9
Copper,626.0,625.3,625.7
Copper,625.9,625.3,625.7
Copper,626.0,625.4,625.7
Copper,626.1,625.4,625.7
Copper,626.1,625.4,625.7
Copper,626.0,625.4,625.7
Copper,626.0,625.4,625.7
Copper,625.9,625.3,625.6
Copper,625.9,625.3,625.5
Copper,625.9,625.2,625.5
Copper,625.8,625.1,625.4
Copper,625.6,624.9,625.2
Copper,625.4,624.7,625.0
Copper,625.1,624.4,624.6
Copper,624.5,623.8,623.9
Copper,624.1,623.4,623.6
Copper,623.7,622.9,623.0
Copper,623.2,622.3,622.5
Copper,622.7,621.9,622.1
Copper,622.0,621.3,621.5
Copper,621.6,620.8,621.0
Copper,620.9,620.2,620.4
Copper,620.5,619.8,620.0
Copper,619.9,619.2,619.4
Copper,619.4,618.6,618.8
Copper,618.8,618.0,618.2
Copper,618.3,617.5,617.6
Copper,617.7,617.0,617.2
Copper,617.3,616.6,616.8
Copper,616.9,616.1,616.4
Copper,616.4,615.7,615.9
Copper,615.8,615.1,615.3
Copper,615.4,614.7,614.8
Copper,615.0,614.2,614.4
Copper,614.5,613.7,613.9
Copper,614.1,613.4,613.6
Copper,613.8,613.1,613.2
Copper,613.5,612.7,612.9
Copper,613.1,612.4,612.6
Copper,612.7,612.0,612.2
Copper,612.4,611.7,611.9
Copper,612.1,611.4,611.6
Copper,611.7,611.1,611.3
Copper,611.4,610.8,611.0
Copper,611.1,610.5,610.7
Copper,610.8,610.1,610.4
Copper,610.4,609.7,610.2
Copper,610.2,609.4,609.9
Copper,610.0,609.2,609.7
Copper,609.8,608.9,609.4
Copper,609.6,608.7,609.2
Copper,609.3,608.6,609.1
Copper,609.2,608.5,608.8
Copper,609.0,608.4,608.7
Copper,608.8,608.1,608.6
Copper,608.7,608.1,608.4
Copper,608.7,608.0,608.3
Copper,608.5,607.9,608.1
Copper,608.4,607.8,608.1
Copper,608.5,607.7,608.0
Copper,608.5,607.6,607.9
Copper,608.4,607.5,607.8
Copper,608.3,607.5,607.7
Copper,608.1,607.3,607.5
Copper,607.9,607.0,607.4
Copper,625.1,624.3,624.5
Copper,624.9,624.1,624.3
Copper,624.7,624.0,624.1
Copper,624.5,623.8,623.9
Copper,624.4,623.6,623.8
Copper,624.2,623.5,623.7
Copper,624.0,623.4,623.7
Copper,624.0,623.4,623.6
Copper,623.9,623.3,623.5
Copper,623.8,623.3,623.5
Copper,623.8,623.2,623.4
Copper,623.7,623.2,623.3
Copper,623.7,623.2,623.3
Copper,623.7,623.3,623.3
Copper,623.7,623.3,623.3
Copper,623.7,623.4,623.3
Copper,623.8,623.5,623.4
Copper,623.8,623.5,623.4
Copper,623.8,623.5,623.5
Copper,623.9,623.6,623.5
Copper,623.9,623.6,623.5
Copper,623.9,623.6,623.6
Copper,624.0,623.6,623.6
Copper,624.0,623.6,623.6
Copper,624.0,623.6,623.7
Copper,624.1,623.6,623.7
Copper,624.1,623.6,623.7
Copper,624.1,623.6,623.8
Copper,624.1,623.7,623.8
Copper,624.2,623.7,623.8
Copper,624.2,623.7,623.8
Copper,624.2,623.7,623.8
Copper,624.1,623.6,623.8
Copper,624.1,623.6,623.8
Copper,624.1,623.6,623.7
Copper,624.1,623.6,623.8
Copper,624.1,623.6,623.8
Copper,624.1,623.6,623.8
Copper,624.0,623.6,623.8
Copper,624.0,623.6,623.8
Copper,623.9,623.5,623.7
Copper,623.9,623.4,623.6
Copper,623.8,623.4,623.6
Copper,623.8,623.3,623.6
Copper,623.7,623.3,623.5
Copper,623.6,623.2,623.5
Copper,623.6,623.2,623.4
Copper,623.6,623.2,623.4
Copper,623.6,623.2,623.4
Copper,623.6,623.2,623.4
Copper,623.6,623.3,623.4
Copper,623.6,623.3,623.5
Copper,623.6,623.3,623.5
Copper,623.7,623.3,623.5
Copper,623.7,623.4,623.5
Copper,623.7,623.4,623.5
Copper,623.7,623.4,623.5
Copper,623.6,623.4,623.5
Copper,623.6,623.3,623.4
Copper,623.6,623.3,623.4
Copper,623.6,623.2,623.4
Copper,623.5,623.2,623.4
Copper,623.5,623.1,623.4
Copper,623.5,623.1,623.3
Copper,623.6,623.3,623.5
Copper,624.1,623.7,624.0
Copper,624.5,624.1,624.5
Copper,624.9,624.5,624.9
Copper,625.4,624.8,625.2
Copper,625.7,625.2,625.5
Copper,626.2,625.7,625.9
Copper,626.5,626.1,626.3
Copper,626.9,626.5,626.6
Copper,627.3,626.8,626.9
Copper,627.5,627.1,627.1
Copper,627.7,627.3,627.3
Copper,627.9,627.4,627.4
Copper,628.0,627.4,627.5
Copper,628.2,627.5,627.6
Copper,628.3,627.7,627.7
Copper,628.3,627.8,627.9
Copper,628.4,627.8,628.0
Copper,628.6,628.0,628.0
Copper,628.7,628.1,628.1
Copper,628.7,628.1,628.2
Copper,628.8,628.2,628.3
Copper,628.8,628.3,628.3
Copper,628.8,628.2,628.3
Copper,628.7,628.1,628.2
Copper,628.6,628.1,628.1
Copper,628.5,628.0,628.1
Copper,628.4,627.9,628.0
Copper,628.3,627.9,627.9
Copper,628.2,627.7,627.8
Copper,628.1,627.6,627.6
Copper,628.0,627.5,627.5
Copper,628.0,627.4,627.4
Copper,627.9,627.3,627.3
Copper,627.8,627.2,627.2
Copper,627.6,627.1,627.1
Copper,628.7,628.2,628.3
Copper,628.5,628.1,628.1
Copper,628.3,627.9,627.9
Copper,628.2,627.8,627.8
Copper,628.0,627.6,627.6
Copper,627.9,627.5,627.5
Copper,627.8,627.4,627.4
Copper,627.6,627.2,627.2
Copper,627.4,627.1,627.0
Copper,627.3,626.9,626.9
Copper,627.3,626.9,626.9
Copper,627.3,626.8,626.9
Copper,627.3,626.8,626.9
Copper,627.3,626.8,626.8
Copper,627.3,626.7,626.8
Copper,627.2,626.7,626.7
Copper,627.1,626.6,626.6
Copper,627.1,626.5,626.5
Copper,627.0,626.5,626.5
Copper,627.0,626.4,626.5
Copper,627.0,626.4,626.4
Copper,627.0,626.3,626.4
Copper,627.0,626.3,626.4
Copper,626.9,626.3,626.4
Copper,626.9,626.2,626.4
Copper,626.9,626.3,626.4
Copper,627.0,626.3,626.4
Copper,626.9,626.3,626.5
Copper,626.9,626.3,626.5
Copper,627.0,626.3,626.5
Copper,626.9,626.3,626.5
Copper,627.0,626.4,626.6
Copper,627.0,626.4,626.6
Copper,627.0,626.4,626.6
Copper,627.0,626.4,626.5
Copper,627.0,626.4,626.5
Copper,627.1,626.5,626.5
Copper,627.1,626.5,626.5
Copper,627.1,626.6,626.6
Copper,627.3,626.7,626.7
Copper,627.4,626.9,626.9
Copper,627.6,627.0,627.1
Copper,627.6,627.0,627.1
Copper,627.6,627.1,627.1
Copper,627.6,627.1,627.1
Copper,627.6,627.0,627.1
Copper,627.6,627.0,627.0
Copper,627.5,626.8,626.9
Copper,627.3,626.7,626.8
Copper,627.2,626.6,626.7
Copper,627.1,626.5,626.6
Copper,627.0,626.5,626.5
Copper,626.9,626.3,626.4
Copper,626.8,626.2,626.2
Copper,626.6,626.1,626.1
Copper,626.5,626.0,626.0
Copper,626.4,625.9,625.9
Copper,626.2,625.7,625.7
Copper,626.0,625.5,625.5
Copper,625.7,625.4,625.3
Copper,625.5,625.1,625.1
Copper,625.2,624.8,624.8
Copper,625.0,624.6,624.6
Copper,624.8,624.5,624.4
Copper,624.5,624.3,624.2
Copper,624.3,624.2,624.1
Copper,624.1,623.9,623.8
Copper,623.9,623.8,623.6
Copper,623.7,623.5,623.4
Copper,623.5,623.3,623.2
Copper,623.3,623.2,623.2
Copper,623.3,623.2,623.2
Copper,623.2,623.1,623.0
Copper,623.0,622.8,622.8
Copper,622.8,622.6,622.5
Copper,622.5,622.3,622.2
Copper,622.2,622.0,622.0
Copper,621.9,621.6,621.7
Copper,621.6,621.3,621.3
Copper,621.3,621.1,621.1
Copper,621.0,620.7,620.7
Copper,620.6,620.3,620.3
Copper,620.2,619.9,619.9
Copper,619.9,619.6,619.6
Copper,619.5,619.2,619.3
Copper,619.2,618.9,619.0
Copper,619.0,618.6,618.7
Copper,618.8,618.3,618.5
Copper,618.7,618.2,618.4
Copper,618.6,618.1,618.3
Copper,618.5,618.0,618.3
Copper,618.5,618.0,618.2
Copper,618.5,618.0,618.2
Copper,618.5,617.9,618.2
Copper,618.4,617.9,618.1
Copper,618.4,617.8,618.0
Copper,618.4,617.8,618.1
Copper,618.4,617.8,618.1
Copper,618.4,617.8,618.1
Copper,618.4,617.9,618.1
Copper,630.4,629.6,629.6
Copper,629.9,629.2,629.1
Copper,629.5,628.8,628.8
Copper,629.4,628.7,628.7
Copper,629.2,628.5,628.4
Copper,628.9,628.1,628.0
Copper,628.4,627.7,627.7
Copper,628.2,627.4,627.4
Copper,627.8,627.1,627.0
Copper,627.3,626.6,626.6
Copper,626.8,626.2,626.1
Copper,626.5,625.8,625.7
Copper,626.1,625.4,625.3
Copper,625.6,625.0,625.0
Copper,625.3,624.6,624.6
Copper,625.0,624.3,624.4
Copper,624.7,624.0,624.2
Copper,624.6,623.9,624.0
Copper,624.5,623.8,623.9
Copper,624.4,623.7,623.8
Copper,624.4,623.6,623.8
Copper,624.3,623.6,623.7
Copper,624.3,623.6,623.7
Copper,624.3,623.6,623.7
Copper,624.4,623.8,623.9
Copper,624.6,624.0,624.1
Copper,624.7,624.1,624.3
Copper,624.8,624.2,624.4
Copper,624.9,624.3,624.5
Copper,625.0,624.3,624.6
Copper,625.1,624.5,624.7
Copper,625.2,624.6,624.8
Copper,625.1,624.6,624.7
Copper,625.1,624.6,624.7
Copper,625.1,624.6,624.7
Copper,625.1,624.6,624.7
Copper,625.3,624.7,624.9
Copper,625.5,624.9,625.1
Copper,625.7,625.2,625.2
Copper,625.9,625.4,625.4
Copper,626.2,625.6,625.6
Copper,626.4,625.8,625.8
Copper,626.6,626.0,626.0
Copper,626.8,626.2,626.3
Copper,627.1,626.4,626.4
Copper,627.3,626.5,626.6
Copper,627.5,626.7,626.7
Copper,627.6,626.8,626.9
Copper,627.7,626.9,627.0
Copper,627.8,627.0,627.1
Copper,627.9,627.1,627.1
Copper,627.9,627.2,627.3
Copper,628.0,627.3,627.4
Copper,628.0,627.4,627.4
Copper,628.0,627.4,627.4
Copper,628.0,627.4,627.4
Copper,628.1,627.4,627.3
Copper,628.1,627.4,627.4
Copper,628.1,627.4,627.4
Copper,628.1,627.3,627.4
Copper,628.1,627.4,627.4
Copper,628.1,627.4,627.5
Copper,628.5,627.8,627.9
Copper,628.8,628.2,628.3
Copper,629.3,628.7,628.7
Copper,629.8,629.2,629.3
Copper,630.4,629.8,629.8
Copper,630.9,630.3,630.5
Copper,631.5,630.9,631.0
Copper,631.9,631.4,631.6
Copper,632.3,631.9,632.0
Copper,632.8,632.3,632.4
Copper,633.1,632.5,632.7
Copper,633.3,632.7,632.9
Copper,633.5,633.0,633.1
Copper,633.6,633.2,633.3
Copper,633.8,633.2,633.4
Copper,634.0,633.3,633.5
Copper,634.0,633.5,633.7
Copper,634.2,633.6,633.8
Copper,634.3,633.7,633.9
Copper,634.4,633.8,634.0
Copper,634.5,633.9,634.1
Copper,634.6,634.0,634.2
Copper,634.7,634.1,634.3
Copper,634.8,634.1,634.4
Copper,635.0,634.3,634.4
Copper,635.0,634.4,634.5
Copper,635.0,634.4,634.5
Copper,635.0,634.5,634.5
Copper,635.0,634.5,634.5
Copper,634.9,634.4,634.4
Copper,634.8,634.4,634.3
Copper,634.8,634.3,634.3
Copper,634.7,634.2,634.2
Copper,634.6,634.0,634.1
Copper,634.5,633.9,633.9
Copper,634.5,633.8,633.9
Copper,634.4,633.7,633.8
Copper,634.3,633.7,633.9
Copper,629.8,629.3,629.1
Copper,629.2,628.7,628.6
Copper,628.6,628.1,627.9
Copper,627.9,627.3,627.0
Copper,627.1,626.4,626.2
Copper,626.2,625.4,625.3
Copper,625.5,624.7,624.6
Copper,624.9,624.1,624.0
Copper,624.0,623.1,623.0
Copper,623.0,622.2,622.1
Copper,622.2,621.3,621.2
Copper,621.3,620.5,620.4
Copper,620.5,619.7,619.7
Copper,619.8,618.9,618.8
Copper,618.9,618.1,618.0
Copper,618.1,617.3,617.2
Copper,617.1,616.4,616.3
Copper,616.3,615.5,615.4
Copper,615.3,614.5,614.4
Copper,614.4,613.7,613.5
Copper,613.6,612.8,612.7
Copper,612.9,612.0,611.9
Copper,612.1,611.3,611.1
Copper,611.3,610.6,610.4
Copper,610.6,609.9,609.6
Copper,609.8,609.1,608.9
Copper,609.1,608.5,608.2
Copper,608.5,607.8,607.6
Copper,607.9,607.2,606.9
Copper,607.3,606.6,606.4
Copper,606.8,606.1,605.9
Copper,606.2,605.5,605.3
Copper,605.7,605.1,605.0
Copper,605.3,604.7,604.6
Copper,605.0,604.3,604.2
Copper,604.7,603.9,603.9
Copper,604.4,603.7,603.6
Copper,604.1,603.4,603.3
Copper,603.8,602.9,603.0
Copper,603.4,602.7,602.6
Copper,603.1,602.3,602.3
Copper,602.8,602.0,602.0
Copper,602.5,601.7,601.6
Copper,602.3,601.6,601.5
Copper,602.0,601.3,601.3
Copper,601.9,601.2,601.1
Copper,601.7,601.0,601.0
Copper,601.6,600.9,600.8
Copper,601.4,600.7,600.7
Copper,601.3,600.6,600.5
Copper,601.1,600.4,600.4
Copper,601.1,600.3,600.4
Copper,601.1,600.3,600.4
Copper,601.1,600.2,600.5
Copper,601.1,600.3,600.7
Copper,601.6,600.8,601.1
Copper,601.9,601.1,601.5
Copper,602.2,601.5,601.8
Copper,602.5,601.8,602.2
Copper,602.8,602.0,602.4
Copper,602.9,602.2,602.6
Copper,603.1,602.4,602.8
Copper,603.3,602.5,602.9
Copper,603.4,602.6,602.9
Copper,603.7,603.1,603.3
Copper,604.1,603.4,603.7
Copper,604.4,603.8,604.0
Copper,604.7,604.1,604.4
Copper,604.9,604.4,604.6
Copper,605.3,604.8,605.0
Copper,605.7,605.1,605.3
Copper,606.0,605.4,605.6
Copper,606.3,605.7,605.8
Copper,606.6,606.0,606.1
Copper,606.9,606.4,606.4
Copper,607.2,606.6,606.6
Copper,607.5,607.1,607.0
Copper,607.9,607.4,607.3
Copper,608.3,607.8,607.6
Copper,608.8,608.2,608.0
Copper,609.1,608.4,608.2
Copper,609.3,608.6,608.5
Copper,609.5,608.7,608.7
Copper,609.7,608.9,608.9
Copper,610.0,609.1,609.2
Copper,610.3,609.5,609.6
Copper,610.8,609.9,610.1
Copper,611.4,610.6,610.7
Copper,612.1,611.3,611.4
Copper,612.7,611.9,612.0
Copper,613.1,612.4,612.5
Copper,613.6,612.9,612.9
Copper,614.1,613.4,613.4
Copper,614.5,613.8,613.9
Copper,614.9,614.3,614.4
Copper,615.4,614.7,614.8
Copper,615.8,615.2,615.2
Copper,616.2,615.5,615.6
Copper,616.5,615.9,616.0
Copper,616.8,616.3,616.3
Steel,546.6,545.5,545.5
Steel,547.4,546.3,546.4
Steel,548.0,547.0,547.0
Steel,548.0,547.0,546.9
Steel,547.7,546.6,546.6
Steel,547.5,546.5,546.5
Steel,547.7,546.6,546.7
Steel,548.0,546.9,546.9
Steel,548.0,546.8,546.9
Steel,546.9,545.8,545.9
Steel,545.3,544.2,544.4
Steel,544.4,543.3,543.4
Steel,543.4,542.4,542.5
Steel,542.6,541.8,541.8
Steel,541.9,541.2,541.1
Steel,542.1,541.5,541.5
Steel,542.7,542.1,542.2
Steel,543.2,542.6,542.8
Steel,543.4,542.8,542.8
Steel,543.1,542.3,542.4
Steel,541.8,540.8,540.8
Steel,539.4,538.4,538.3
Steel,536.6,535.4,535.3
Steel,533.3,532.1,532.0
Steel,529.8,528.7,528.6
Steel,526.8,525.6,525.6
Steel,524.1,523.1,523.0
Steel,521.5,520.5,520.5
Steel,519.0,518.0,517.9
Steel,516.9,516.0,516.1
Steel,514.6,513.7,513.7
Steel,512.3,511.4,511.5
Steel,510.3,509.5,509.7
Steel,509.1,508.4,508.7
Steel,508.4,507.7,508.0
Steel,508.1,507.6,508.0
Steel,509.4,509.1,509.7
Steel,512.1,511.7,512.4
Steel,515.0,514.5,515.1
Steel,517.1,516.6,517.1
Steel,517.7,516.9,517.3
Steel,516.9,516.2,516.6
Steel,516.6,516.0,516.5
Steel,517.1,516.6,517.2
Steel,518.0,517.5,518.2
Steel,519.5,519.1,519.8
Steel,521.4,521.0,521.6
Steel,523.5,523.1,523.6
Steel,525.1,524.7,525.2
Steel,526.4,525.9,526.4
Steel,527.3,526.7,527.1
Steel,527.9,527.4,527.8
Steel,528.7,528.3,528.6
Steel,529.6,529.1,529.3
Steel,530.4,529.8,530.1
Steel,531.1,530.3,530.7
Steel,531.4,530.7,531.0
Steel,531.6,531.0,531.2
Steel,532.1,531.5,531.7
Steel,532.6,532.0,532.2
Steel,533.2,532.6,532.9
Steel,533.8,533.2,533.4
Steel,534.0,533.5,533.5
Steel,533.9,533.4,533.4
Steel,533.9,533.2,533.2
Steel,533.8,533.2,533.1
Steel,533.7,533.2,533.1
Steel,533.7,533.1,533.1
Steel,533.7,533.0,533.1
Steel,533.5,532.8,532.9
Steel,533.3,532.6,532.7
Steel,533.1,532.4,532.6
Steel,532.9,532.1,532.4
Steel,532.8,532.0,532.2
Steel,532.5,531.7,532.0
Steel,532.3,531.5,531.7
Steel,532.1,531.3,531.5
Steel,531.8,531.0,531.1
Steel,531.4,530.4,530.8
Steel,531.0,530.1,530.4
Steel,530.7,529.8,529.9
Steel,530.2,529.4,529.4
Steel,529.9,529.0,528.9
Steel,529.4,528.7,528.7
Steel,529.0,528.1,528.0
Steel,528.5,527.3,527.1
Steel,527.8,526.5,526.4
Steel,527.1,526.0,525.7
Steel,526.6,525.4,525.2
Steel,526.1,524.9,524.7
Steel,525.6,524.6,524.3
Steel,525.1,524.2,523.8
Steel,524.8,523.7,523.5
Steel,524.7,523.4,523.2
Steel,524.5,523.1,522.9
Steel,524.1,522.8,522.6
Steel,523.7,522.6,522.4
Steel,523.5,522.2,522.1
Steel,523.2,521.7,521.5
Steel,522.6,521.1,520.9
Steel,507.0,505.3,505.3
Steel,504.5,502.8,502.8
Steel,502.2,500.6,500.7
Steel,500.7,499.1,499.3
Steel,499.8,498.3,498.6
Steel,499.0,497.4,497.7
Steel,498.1,496.4,496.7
Steel,497.1,495.5,495.8
Steel,496.1,494.5,494.7
Steel,495.1,493.5,493.8
Steel,494.4,492.9,493.3
Steel,493.9,492.5,492.9
Steel,494.0,492.7,493.0
Steel,494.6,493.4,493.8
Steel,495.5,494.1,494.4
Steel,495.6,494.1,494.3
Steel,494.3,492.8,492.9
Steel,492.3,490.8,490.7
Steel,490.4,489.1,489.0
Steel,489.6,488.2,488.3
Steel,489.7,488.5,488.5
Steel,490.2,489.0,489.0
Steel,490.8,489.5,489.7
Steel,491.1,489.8,490.0
Steel,491.0,489.8,489.8
Steel,490.8,489.7,489.5
Steel,490.9,489.8,489.7
Steel,491.2,490.1,490.0
Steel,491.5,490.4,490.5
Steel,492.1,490.9,491.2
Steel,493.1,492.0,492.2
Steel,494.8,493.6,493.9
Steel,496.5,495.4,495.5
Steel,497.9,496.7,496.6
Steel,498.9,497.8,497.6
Steel,499.7,498.6,498.5
Steel,500.4,499.3,499.2
Steel,501.0,500.0,499.9
Steel,501.6,500.5,500.6
Steel,502.0,501.0,501.0
Steel,502.0,500.9,500.9
Steel,501.7,500.5,500.6
Steel,501.6,500.5,500.5
Steel,502.0,501.0,501.1
Steel,503.0,502.0,502.4
Steel,504.4,503.5,503.9
Steel,506.1,505.2,505.7
Steel,507.7,506.9,507.3
Steel,509.1,508.3,508.6
Steel,510.3,509.4,509.8
Steel,511.3,510.5,510.8
Steel,512.4,511.6,511.9
Steel,513.7,513.1,513.4
Steel,515.6,515.0,515.3
Steel,517.6,516.9,517.2
Steel,519.4,518.7,518.9
Steel,520.9,520.1,520.3
Steel,522.0,521.4,521.4
Steel,523.2,522.4,522.5
Steel,524.4,523.7,523.8
Steel,525.8,525.1,525.1
Steel,527.0,526.4,526.3
Steel,528.1,527.4,527.4
Steel,529.0,528.2,528.2
Steel,529.7,529.0,529.0
Steel,530.4,529.7,529.8
Steel,531.1,530.4,530.5
Steel,531.6,530.9,530.9
Steel,531.7,531.2,531.1
Steel,532.0,531.5,531.6
Steel,532.7,532.2,532.4
Steel,533.6,533.2,533.4
Steel,534.5,534.0,534.1
Steel,535.2,534.5,534.6
Steel,535.6,534.8,535.0
Steel,536.2,535.3,535.6
Steel,536.9,536.0,536.3
Steel,537.6,536.6,536.9
Steel,538.2,537.3,537.3
Steel,538.7,537.7,537.7
Steel,538.9,538.0,537.8
Steel,538.9,537.9,537.8
Steel,538.8,537.9,537.9
Steel,538.6,537.7,537.7
Steel,538.2,537.4,537.3
Steel,537.7,537.1,536.9
Steel,537.7,537.0,537.0
Steel,538.0,537.4,537.4
Steel,538.6,538.0,538.0
Steel,539.1,538.7,538.6
Steel,539.9,539.5,539.3
Steel,540.9,540.4,540.3
Steel,542.0,541.4,541.4
Steel,543.0,542.4,542.4
Steel,543.9,543.4,543.3
Steel,544.7,544.2,544.1
Steel,545.3,544.8,544.8
Steel,546.1,545.5,545.4
Steel,546.7,546.2,546.1
Steel,547.4,546.9,546.8
Steel,528.8,528.1,528.0
Steel,528.9,528.2,528.2
Steel,529.0,528.3,528.5
Steel,529.3,528.7,528.9
Steel,529.6,528.9,529.1
Steel,529.6,528.8,529.1
Steel,529.4,528.6,529.0
Steel,529.4,528.7,529.0
Steel,529.4,528.5,528.9
Steel,529.0,528.0,528.3
Steel,528.5,527.2,527.5
Steel,527.5,526.2,526.4
Steel,526.0,524.7,524.9
Steel,524.6,523.2,523.5
Steel,523.3,521.9,522.3
Steel,522.1,520.8,521.1
Steel,520.8,519.6,519.9
Steel,519.8,518.5,518.8
Steel,518.7,517.4,517.7
Steel,517.6,516.4,516.7
Steel,516.6,515.5,515.7
Steel,515.7,514.7,514.8
Steel,514.8,513.9,513.9
Steel,513.9,513.1,513.1
Steel,513.2,512.2,512.3
Steel,512.4,511.5,511.5
Steel,511.7,510.9,510.8
Steel,511.0,510.2,510.2
Steel,510.4,509.7,509.5
Steel,509.8,509.1,509.0
Steel,509.3,508.5,508.6
Steel,508.8,508.0,508.0
Steel,508.3,507.5,507.6
Steel,507.8,507.0,507.1
Steel,507.4,506.7,506.6
Steel,507.0,506.3,506.1
Steel,506.7,505.9,505.6
Steel,506.3,505.5,505.3
Steel,505.9,505.1,504.9
Steel,505.6,504.7,504.6
Steel,505.4,504.6,504.3
Steel,505.1,504.2,503.9
Steel,504.9,504.0,503.7
Steel,504.7,503.7,503.5
Steel,504.5,503.5,503.3
Steel,504.4,503.3,503.1
Steel,504.2,503.1,502.8
Steel,503.9,503.0,502.6
Steel,503.7,502.8,502.5
Steel,503.5,502.6,502.3
Steel,503.3,502.5,502.0
Steel,503.2,502.3,501.9
Steel,503.0,502.1,501.9
Steel,502.9,501.9,501.7
Steel,502.7,501.8,501.6
Steel,502.6,501.5,501.5
Steel,502.5,501.4,501.4
Steel,502.3,501.4,501.2
Steel,502.2,501.3,501.1
Steel,502.2,501.2,501.1
Steel,502.0,501.1,501.1
Steel,501.9,501.0,501.0
Steel,501.8,501.0,500.9
Steel,501.7,500.8,500.9
Steel,501.7,500.8,500.8
Steel,501.7,500.7,500.8
Steel,501.6,500.8,500.8
Steel,501.7,500.7,500.8
Steel,501.6,500.6,500.7
Steel,501.5,500.5,500.6
Steel,501.5,500.4,500.5
Steel,501.4,500.4,500.4
Steel,501.5,500.2,500.4
Steel,501.4,500.2,500.4
Steel,501.4,500.1,500.3
Steel,501.3,500.0,500.3
Steel,501.3,500.1,500.2
Steel,501.2,500.0,500.1
Steel,501.1,500.0,500.0
Steel,501.0,499.9,500.0
Steel,500.9,499.9,500.0
Steel,500.9,499.9,499.9
Steel,500.9,499.9,499.9
Steel,500.7,499.7,499.8
Steel,500.7,499.7,499.7
Steel,500.5,499.6,499.6
Steel,500.4,499.6,499.5
Steel,500.3,499.4,499.3
Steel,500.2,499.2,499.3
Steel,500.1,499.2,499.2
Steel,499.9,499.1,499.1
Steel,499.8,498.9,499.0
Steel,499.6,498.8,498.9
Steel,499.6,498.6,498.9
Steel,499.5,498.5,498.8
Steel,499.4,498.5,498.7
Steel,499.3,498.4,498.6
Steel,499.3,498.2,498.5
Steel,499.1,498.1,498.3
Steel,499.0,498.0,498.2
Steel,554.2,553.4,552.9
Steel,553.1,552.4,551.9
Steel,552.2,551.4,551.0
Steel,551.5,550.7,550.4
Steel,550.8,549.9,549.5
Steel,549.8,548.8,548.5
Steel,548.5,547.5,547.3
Steel,547.0,545.9,545.8
Steel,545.4,544.4,544.3
Steel,544.3,543.3,543.1
Steel,543.2,542.2,542.0
Steel,542.1,541.0,540.7
Steel,540.7,539.6,539.3
Steel,539.2,538.2,537.8
Steel,537.8,536.8,536.5
Steel,536.5,535.3,535.1
Steel,535.2,534.1,533.8
Steel,534.0,532.9,532.8
Steel,533.5,532.4,532.3
Steel,532.9,531.7,531.5
Steel,532.1,530.7,530.6
Steel,531.0,529.2,529.3
Steel,529.3,527.5,527.6
Steel,527.1,525.4,525.4
Steel,525.1,523.4,523.3
Steel,523.1,521.5,521.4
Steel,521.4,519.8,519.8
Steel,519.7,518.0,518.0
Steel,517.9,516.1,516.3
Steel,516.1,514.4,514.4
Steel,514.0,512.4,512.4
Steel,511.5,510.1,510.0
Steel,509.1,507.6,507.6
Steel,506.9,505.5,505.4
Steel,504.9,503.5,503.5
Steel,502.8,501.3,501.4
Steel,500.8,499.4,499.5
Steel,499.0,497.7,497.8
Steel,497.2,496.0,496.1
Steel,495.5,494.2,494.3
Steel,493.9,492.6,492.7
Steel,492.4,491.1,491.2
Steel,490.9,489.6,489.7
Steel,489.4,488.0,488.2
Steel,488.0,486.8,486.8
Steel,486.5,485.2,485.3
Steel,485.1,483.9,484.0
Steel,483.8,482.5,482.7
Steel,482.4,481.1,481.3
Steel,481.2,480.0,480.1
Steel,480.1,478.9,479.1
Steel,479.0,477.8,478.1
Steel,477.7,476.6,476.7
Steel,476.6,475.5,475.6
Steel,475.8,474.6,474.6
Steel,475.0,473.9,474.0
Steel,474.3,473.2,473.3
Steel,473.5,472.2,472.3
Steel,472.6,471.4,471.3
Steel,471.6,470.5,470.2
Steel,470.7,469.4,469.3
Steel,469.8,468.6,468.4
Steel,468.8,467.7,467.5
Steel,467.9,466.9,466.5
Steel,467.2,466.1,465.8
Steel,466.4,465.4,465.0
Steel,465.6,464.6,464.2
Steel,464.9,463.9,463.5
Steel,464.2,463.3,462.9
Steel,463.8,462.7,462.4
Steel,463.3,462.2,461.9
Steel,462.7,461.7,461.5
Steel,462.4,461.4,461.1
Steel,462.2,461.1,460.8
Steel,461.7,460.7,460.6
Steel,461.3,460.3,460.1
Steel,460.7,459.7,459.5
Steel,460.2,459.1,459.0
Steel,459.6,458.5,458.3
Steel,459.1,458.0,457.9
Steel,458.8,457.7,457.5
Steel,458.6,457.6,457.3
Steel,458.3,457.3,457.1
Steel,458.0,457.1,456.8
Steel,457.7,456.8,456.6
Steel,457.6,456.5,456.5
Steel,457.5,456.4,456.3
Steel,457.4,456.4,456.3
Steel,457.3,456.4,456.3
Steel,457.0,456.1,455.9
Steel,456.8,455.8,455.7
Steel,456.6,455.7,455.5
Steel,456.6,455.6,455.5
Steel,456.5,455.4,455.2
Steel,456.3,455.2,455.0
Steel,456.1,455.1,455.0
Steel,456.0,455.0,454.9
Steel,456.0,455.0,454.9
Steel,456.1,455.1,455.0
Steel,456.2,455.3,455.3
Steel,578.5,577.4,577.3
Steel,578.4,577.3,577.1
Steel,578.1,576.9,576.8
Steel,577.6,576.4,576.3
Steel,577.2,575.9,575.8
Steel,576.9,575.6,575.4
Steel,576.7,575.4,575.3
Steel,576.5,575.3,575.1
Steel,576.2,574.9,574.7
Steel,575.6,574.3,574.2
Steel,575.4,574.2,574.1
Steel,575.4,574.2,574.0
Steel,575.3,574.2,574.1
Steel,575.6,574.5,574.5
Steel,575.8,574.9,574.8
Steel,576.1,575.2,575.2
Steel,576.3,575.5,575.5
Steel,576.5,575.8,575.8
Steel,576.8,576.0,575.9
Steel,576.8,576.2,576.1
Steel,576.8,576.3,576.2
Steel,576.9,576.4,576.3
Steel,577.0,576.6,576.3
Steel,577.2,576.9,576.6
Steel,577.5,577.2,576.8
Steel,577.8,577.4,577.0
Steel,578.1,577.7,577.2
Steel,578.3,577.9,577.5
Steel,578.6,578.3,577.9
Steel,579.1,578.6,578.4
Steel,579.6,579.2,578.9
Steel,580.0,579.7,579.4
Steel,580.5,580.1,579.8
Steel,580.8,580.5,580.2
Steel,580.8,580.4,580.1
Steel,580.6,580.2,579.8
Steel,580.5,579.9,579.6
Steel,580.2,579.7,579.5
Steel,580.1,579.5,579.4
Steel,580.0,579.4,579.2
Steel,580.0,579.4,579.2
Steel,580.0,579.4,579.3
Steel,580.0,579.3,579.2
Steel,579.9,579.1,579.1
Steel,579.8,579.0,578.9
Steel,579.6,578.9,578.8
Steel,579.5,578.8,578.6
Steel,579.5,578.8,578.6
Steel,579.4,578.7,578.4
Steel,579.3,578.5,578.3
Steel,579.0,578.3,578.1
Steel,578.9,578.1,577.9
Steel,578.6,577.9,577.6
Steel,578.5,577.7,577.5
Steel,578.2,577.5,577.3
Steel,578.1,577.4,577.2
Steel,578.0,577.3,577.1
Steel,577.8,577.3,577.1
Steel,577.7,577.3,577.0
Steel,577.8,577.4,577.1
Steel,577.9,577.6,577.3
Steel,578.0,577.7,577.5
Steel,578.2,577.9,577.7
Steel,578.3,577.9,577.9
Steel,578.6,578.1,578.0
Steel,578.7,578.1,578.1
Steel,578.8,578.2,578.2
Steel,578.8,578.2,578.2
Steel,578.8,578.2,578.2
Steel,579.0,578.4,578.5
Steel,579.2,578.5,578.6
Steel,579.3,578.6,578.6
Steel,579.3,578.6,578.7
Steel,579.3,578.6,578.7
Steel,579.4,578.8,578.8
Steel,579.7,579.0,579.1
Steel,580.0,579.2,579.4
Steel,580.2,579.5,579.7
Steel,580.5,579.7,580.0
Steel,580.8,580.1,580.4
Steel,581.4,580.7,581.0
Steel,581.9,581.2,581.5
Steel,582.3,581.6,582.0
Steel,582.8,582.1,582.3
Steel,583.2,582.5,582.7
Steel,583.6,582.9,583.0
Steel,584.0,583.2,583.4
Steel,584.3,583.5,583.6
Steel,584.6,583.8,583.9
Steel,584.9,584.1,584.2
Steel,585.1,584.4,584.5
Steel,585.3,584.6,584.8
Steel,585.6,584.9,585.0
Steel,585.8,585.1,585.3
Steel,586.0,585.4,585.5
Steel,586.3,585.7,585.8
Steel,586.5,585.8,586.0
Steel,586.6,586.0,586.2
Steel,586.8,586.3,586.5
Steel,587.0,586.6,586.7
Steel,559.5,558.3,558.3
Steel,558.0,556.8,556.8
Steel,556.7,555.5,555.6
Steel,555.8,554.5,554.7
Steel,555.0,553.6,553.8
Steel,554.2,552.8,553.0
Steel,553.3,552.0,552.2
Steel,552.9,551.6,552.0
Steel,552.9,551.6,552.1
Steel,553.0,551.8,552.3
Steel,553.3,552.1,552.6
Steel,553.2,551.9,552.4
Steel,552.6,551.3,551.8
Steel,551.6,550.3,550.7
Steel,550.6,549.4,549.8
Steel,550.1,548.9,549.4
Steel,549.8,548.5,549.0
Steel,549.1,547.9,548.4
Steel,548.4,547.1,547.7
Steel,547.6,546.4,546.9
Steel,547.0,545.7,546.3
Steel,546.6,545.2,545.7
Steel,546.2,544.8,545.3
Steel,545.9,544.5,545.0
Steel,545.4,544.1,544.5
Steel,544.9,543.7,544.1
Steel,544.6,543.5,543.7
Steel,544.2,543.0,543.3
Steel,543.5,542.3,542.5
Steel,542.0,540.8,541.1
Steel,540.3,539.2,539.3
Steel,538.7,537.7,537.8
Steel,537.3,536.4,536.6
Steel,536.0,535.0,535.2
Steel,534.2,533.2,533.3
Steel,532.1,530.9,531.0
Steel,529.7,528.4,528.8
Steel,527.5,526.3,526.6
Steel,525.6,524.3,524.8
Steel,523.7,522.5,522.8
Steel,521.6,520.4,520.6
Steel,519.3,518.1,518.4
Steel,517.3,516.3,516.5
Steel,515.8,514.7,515.1
Steel,514.3,513.0,513.4
Steel,512.0,509.9,510.8
Steel,508.4,506.3,507.1
Steel,504.7,503.0,503.5
Steel,502.0,500.4,501.2
Steel,499.9,498.1,499.8
Steel,499.0,497.1,498.8
Steel,497.7,495.9,497.5
Steel,494.8,493.1,494.2
Steel,491.8,490.9,492.2
Steel,490.8,489.8,491.4
Steel,490.4,489.3,490.8
Steel,489.4,488.3,489.7
Steel,487.3,485.7,487.3
Steel,485.6,483.9,485.5
Steel,484.3,482.6,484.4
Steel,483.4,481.2,482.5
Steel,481.2,479.6,480.1
Steel,478.8,476.9,477.6
Steel,476.8,475.0,475.2
Steel,474.6,472.6,472.9
Steel,472.9,470.6,470.6
Steel,471.7,468.8,469.1
Steel,470.5,467.3,468.0
Steel,469.2,466.0,467.0
Steel,468.1,464.8,466.0
Steel,466.3,462.7,464.1
Steel,464.1,461.0,462.0
Steel,462.2,459.4,460.2
Steel,460.7,458.0,458.8
Steel,459.3,456.5,457.4
Steel,457.9,455.3,456.0
Steel,456.7,454.2,455.2
Steel,456.0,453.6,454.6
Steel,455.0,452.5,453.5
Steel,454.4,452.7,453.7
Steel,455.3,453.5,454.3
Steel,456.9,455.1,456.0
Steel,459.0,457.3,458.0
Steel,461.4,459.9,460.5
Steel,464.3,463.0,463.6
Steel,467.7,466.5,467.0
Steel,471.4,470.0,470.7
Steel,475.0,473.7,474.2
Steel,478.3,477.0,477.5
Steel,481.3,480.0,480.5
Steel,484.2,483.0,483.5
Steel,487.1,486.1,486.5
Steel,490.0,489.0,489.4
Steel,492.9,491.8,492.3
Steel,495.6,494.6,495.0
Steel,498.1,497.1,497.5
Steel,500.4,499.4,499.8
Steel,502.9,501.8,502.2
Steel,505.3,504.2,504.6
Steel,507.8,506.6,507.0
Steel,514.7,513.3,513.2
Steel,513.9,512.5,512.4
Steel,513.2,511.9,511.7
Steel,512.5,511.3,511.2
Steel,511.9,510.6,510.6
Steel,511.4,510.2,510.2
Steel,511.2,510.0,510.0
Steel,510.7,509.5,509.6
Steel,510.5,509.2,509.4
Steel,510.4,509.2,509.3
Steel,511.0,509.8,510.1
Steel,512.3,511.1,511.5
Steel,513.9,512.7,513.1
Steel,515.3,514.1,514.5
Steel,516.3,515.0,515.4
Steel,517.0,515.9,516.2
Steel,517.7,516.6,516.9
Steel,518.3,517.2,517.5
Steel,519.0,518.0,518.2
Steel,520.5,519.6,519.8
Steel,522.5,521.7,521.9
Steel,524.8,524.1,524.3
Steel,527.4,526.5,526.9
Steel,529.8,529.0,529.2
Steel,531.7,530.9,531.2
Steel,533.4,532.6,532.9
Steel,535.3,534.6,534.9
Steel,537.4,536.8,537.0
Steel,539.7,539.0,539.3
Steel,541.9,541.2,541.5
Steel,543.8,543.0,543.3
Steel,545.4,544.6,544.8
Steel,546.9,546.1,546.4
Steel,548.2,547.5,547.7
Steel,549.4,548.7,549.0
Steel,550.4,549.7,549.8
Steel,551.3,550.4,550.5
Steel,551.7,550.8,550.8
Steel,551.6,550.7,550.8
Steel,551.1,550.0,550.1
Steel,550.1,549.1,549.1
Steel,549.2,548.2,548.3
Steel,548.7,547.7,547.8
Steel,548.5,547.4,547.6
Steel,548.3,547.2,547.4
Steel,548.4,547.3,547.6
Steel,548.4,547.3,547.6
Steel,548.1,547.1,547.1
Steel,547.3,546.3,546.3
Steel,546.2,545.2,545.2
Steel,544.6,543.5,543.4
Steel,542.7,541.5,541.5
Steel,540.5,539.5,539.3
Steel,538.3,537.2,537.1
Steel,535.9,534.8,534.7
Steel,533.7,532.5,532.5
Steel,531.9,530.7,530.7
Steel,530.3,529.3,529.4
Steel,529.0,527.9,528.1
Steel,527.7,526.5,526.7
Steel,526.5,525.3,525.5
Steel,525.4,524.2,524.3
Steel,524.1,523.0,523.1
Steel,522.8,521.7,521.8
Steel,521.4,520.4,520.4
Steel,519.9,518.9,518.8
Steel,518.6,517.6,517.6
Steel,517.8,516.7,516.9
Steel,517.3,516.3,516.4
Steel,517.0,515.9,516.1
Steel,516.7,515.6,515.7
Steel,516.3,515.1,515.3
Steel,516.0,514.8,514.8
Steel,515.6,514.4,514.5
Steel,515.3,514.2,514.3
Steel,514.7,513.6,513.7
Steel,514.1,513.0,513.0
Steel,513.3,512.3,512.4
Steel,512.5,511.6,511.8
Steel,511.8,510.8,511.0
Steel,510.9,510.0,510.3
Steel,510.6,509.7,509.9
Steel,510.6,509.6,509.8
Steel,510.2,509.1,509.3
Steel,509.4,508.2,508.3
Steel,508.2,507.0,507.2
Steel,507.1,506.0,506.2
Steel,506.4,505.3,505.6
Steel,506.0,504.7,505.0
Steel,505.4,504.1,504.1
Steel,504.3,503.0,503.1
Steel,503.4,502.2,502.1
Steel,502.9,501.7,501.7
Steel,502.5,501.4,501.4
Steel,502.2,501.1,501.1
Steel,501.9,500.7,500.8
Steel,501.6,500.4,500.4
Steel,501.6,500.3,500.3
Steel,502.1,500.7,501.0
Steel,502.9,501.5,501.7
Steel,513.5,512.3,512.1
Steel,512.6,511.4,511.1
Steel,511.7,510.6,510.3
Steel,510.9,509.8,509.6
Steel,510.1,509.0,508.9
Steel,509.4,508.3,508.3
Steel,508.8,507.8,507.7
Steel,508.1,507.1,507.1
Steel,507.6,506.6,506.5
Steel,507.2,506.2,506.2
Steel,507.1,506.1,506.3
Steel,508.0,507.3,507.4
Steel,510.4,509.8,510.0
Steel,513.6,513.0,513.3
Steel,516.9,516.4,516.6
Steel,520.2,519.7,520.0
Steel,523.3,522.6,522.9
Steel,525.6,525.1,525.2
Steel,527.9,527.4,527.6
Steel,530.5,530.0,530.2
Steel,533.0,532.5,532.7
Steel,535.0,534.5,534.6
Steel,536.6,535.9,536.0
Steel,536.8,536.0,536.2
Steel,537.4,536.7,537.2
Steel,540.1,539.6,540.1
Steel,543.0,542.3,542.9
Steel,545.1,544.3,544.9
Steel,546.0,544.9,545.4
Steel,546.4,545.5,545.8
Steel,546.7,545.8,546.2
Steel,546.5,545.6,546.0
Steel,545.8,544.8,545.1
Steel,544.0,543.0,543.2
Steel,542.3,541.2,541.6
Steel,540.7,539.7,540.1
Steel,539.3,538.2,538.5
Steel,538.4,537.2,537.6
Steel,537.9,536.7,537.4
Steel,538.1,536.8,537.5
Steel,538.2,536.9,537.6
Steel,537.7,536.4,537.0
Steel,537.2,535.9,536.7
Steel,537.0,535.8,536.5
Steel,537.1,535.8,536.3
Steel,536.9,535.5,536.0
Steel,536.5,535.2,535.7
Steel,536.7,535.4,536.0
Steel,537.2,535.9,536.5
Steel,537.6,536.3,536.9
Steel,537.8,536.6,537.1
Steel,537.8,536.6,537.0
Steel,537.5,536.4,536.7
Steel,537.2,536.1,536.5
Steel,536.7,535.5,535.8
Steel,535.7,534.6,534.9
Steel,534.6,533.4,533.6
Steel,532.9,531.6,531.7
Steel,529.8,528.5,528.7
Steel,526.9,525.8,525.8
Steel,524.2,523.2,523.1
Steel,521.5,520.7,520.6
Steel,519.1,518.3,518.2
Steel,516.8,515.8,515.9
Steel,514.7,513.7,513.8
Steel,512.8,511.7,511.9
Steel,510.9,509.9,510.2
Steel,509.0,508.2,508.4
Steel,507.5,506.5,506.8
Steel,505.9,505.0,505.2
Steel,504.4,503.7,503.8
Steel,503.0,502.3,502.3
Steel,501.7,501.0,500.9
Steel,500.4,499.8,499.7
Steel,499.1,498.7,498.4
Steel,497.9,497.6,497.4
Steel,496.8,496.5,496.3
Steel,495.9,495.6,495.3
Steel,494.9,494.6,494.6
Steel,494.0,493.5,493.6
Steel,493.1,492.5,492.6
Steel,492.1,491.8,491.7
Steel,491.4,491.0,490.9
Steel,490.7,490.2,490.2
Steel,490.0,489.3,489.5
Steel,489.2,488.6,488.7
Steel,488.5,487.9,487.9
Steel,487.8,487.2,487.3
Steel,487.1,486.5,486.7
Steel,487.3,486.8,486.9
Steel,487.5,487.1,487.0
Steel,486.6,486.4,486.2
Steel,485.8,485.7,485.6
Steel,485.0,484.9,484.9
Steel,484.2,484.1,484.1
Steel,483.5,483.3,483.2
Steel,482.8,482.4,482.4
Steel,482.0,481.6,481.6
Steel,481.5,481.1,481.2
Steel,481.2,480.9,480.8
Steel,458.1,456.5,456.7
Steel,457.6,456.2,456.3
Steel,457.1,455.8,455.8
Steel,456.7,455.4,455.4
Steel,456.3,454.9,454.8
Steel,455.8,454.4,454.4
Steel,455.3,454.0,454.0
Steel,455.0,453.7,453.8
Steel,455.1,453.9,453.9
Steel,455.4,454.2,454.2
Steel,457.4,456.3,456.2
Steel,459.4,458.2,458.1
Steel,461.4,460.1,460.0
Steel,462.9,461.7,461.6
Steel,464.9,463.8,463.7
Steel,466.6,465.6,465.5
Steel,468.1,467.1,467.0
Steel,469.7,468.5,468.4
Steel,471.0,469.9,469.7
Steel,472.5,471.4,471.2
Steel,473.8,472.8,472.5
Steel,475.0,474.2,473.9
Steel,476.4,475.4,475.2
Steel,477.6,476.6,476.4
Steel,478.7,477.7,477.6
Steel,479.7,478.8,478.8
Steel,480.8,479.8,479.9
Steel,481.8,480.9,480.9
Steel,482.6,481.7,481.7
Steel,483.3,482.4,482.4
Steel,484.2,483.3,483.2
Steel,484.9,484.1,484.0
Steel,485.6,484.7,484.7
Steel,486.3,485.3,485.4
Steel,486.9,486.0,486.1
Steel,487.4,486.6,486.6
Steel,487.9,487.0,487.0
Steel,488.2,487.4,487.4
Steel,488.6,487.8,487.8
Steel,488.9,488.0,488.2
Steel,489.2,488.5,488.6
Steel,489.5,488.8,489.0
Steel,489.8,489.1,489.2
Steel,490.1,489.3,489.5
Steel,490.4,489.6,489.8
Steel,490.6,489.8,490.1
Steel,490.8,490.1,490.4
Steel,491.0,490.3,490.6
Steel,491.1,490.4,490.6
Steel,491.2,490.4,490.7
Steel,491.2,490.5,490.7
Steel,491.4,490.6,490.8
Steel,491.5,490.5,490.8
Steel,491.5,490.6,490.8
Steel,491.5,490.6,490.9
Steel,491.6,490.5,490.9
Steel,491.6,490.5,491.0
Steel,491.6,490.6,491.1
Steel,491.6,490.7,491.3
Steel,491.7,490.9,491.3
Steel,491.8,491.0,491.4
Steel,491.9,491.0,491.4
Steel,491.9,490.9,491.4
Steel,492.0,490.9,491.4
Steel,491.9,490.9,491.4
Steel,491.9,490.9,491.3
Steel,492.0,490.9,491.3
Steel,491.9,490.9,491.2
Steel,491.8,490.8,491.1
Steel,491.8,490.8,491.2
Steel,491.7,490.8,491.1
Steel,491.7,490.8,491.1
Steel,491.8,490.8,491.0
Steel,491.7,490.8,490.9
Steel,491.7,490.7,490.8
Steel,491.7,490.9,491.0
Steel,491.6,490.9,490.9
Steel,491.6,490.8,490.9
Steel,491.7,490.8,490.8
Steel,491.7,490.8,490.8
Steel,491.7,490.8,490.8
Steel,491.7,490.7,490.8
Steel,491.5,490.7,490.8
Steel,491.5,490.6,490.8
Steel,491.5,490.6,490.8
Steel,491.4,490.6,490.7
Steel,491.4,490.5,490.7
Steel,491.4,490.6,490.6
Steel,491.5,490.5,490.6
Steel,491.5,490.6,490.5
Steel,491.6,490.5,490.4
Steel,491.5,490.4,490.4
Steel,491.3,490.3,490.4
Steel,491.3,490.3,490.5
Steel,491.2,490.3,490.4
Steel,491.2,490.3,490.4
Steel,491.2,490.2,490.4
Steel,491.2,490.3,490.4
Steel,491.2,490.2,490.4
Steel,491.1,490.2,490.4
Steel,428.2,426.7,426.7
Steel,428.1,426.4,426.5
Steel,427.8,426.2,426.1
Steel,427.5,425.9,425.9
Steel,427.2,425.6,425.6
Steel,426.8,425.2,425.2
Steel,426.4,424.9,424.8
Steel,426.0,424.6,424.6
Steel,425.5,424.1,424.2
Steel,425.0,423.7,423.6
Steel,424.7,423.2,423.2
Steel,424.4,423.0,422.9
Steel,424.2,422.9,423.0
Steel,424.3,423.0,424.2
Steel,424.4,423.2,424.3
Steel,424.6,423.3,424.5
Steel,424.6,423.5,424.5
Steel,424.7,423.5,424.5
Steel,424.4,423.2,424.2
Steel,424.3,423.0,423.8
Steel,423.9,422.5,423.3
Steel,423.4,421.9,422.7
Steel,422.7,421.4,422.1
Steel,422.1,420.7,421.5
Steel,421.5,420.1,420.9
Steel,421.0,419.6,420.6
Steel,421.4,420.1,421.1
Steel,422.3,420.9,422.0
Steel,428.1,426.9,428.0
Steel,434.5,433.2,434.4
Steel,441.0,439.8,440.9
Steel,447.2,446.0,447.1
Steel,452.9,451.7,452.8
Steel,458.4,457.2,458.3
Steel,463.5,462.4,463.4
Steel,468.3,467.2,468.2
Steel,472.9,471.8,472.8
Steel,477.1,476.2,477.1
Steel,481.2,480.3,481.2
Steel,485.1,484.1,485.0
Steel,488.6,487.6,488.5
Steel,492.0,490.9,491.8
Steel,495.0,493.9,494.7
Steel,497.6,496.4,497.2
Steel,499.8,498.7,499.5
Steel,501.9,500.7,501.5
Steel,503.6,502.4,503.1
Steel,505.1,504.0,504.7
Steel,506.6,505.5,506.3
Steel,508.3,507.1,507.8
Steel,509.7,508.5,509.1
Steel,511.0,509.7,510.4
Steel,512.1,511.0,511.5
Steel,513.2,512.1,512.6
Steel,514.2,512.9,513.4
Steel,514.9,513.7,514.2
Steel,515.5,514.4,514.9
Steel,516.1,515.0,515.5
Steel,516.6,515.5,515.9
Steel,516.9,515.6,516.0
Steel,517.3,515.9,516.1
Steel,517.5,516.1,516.2
Steel,517.7,516.3,516.5
Steel,517.2,515.8,515.9
Steel,511.7,510.4,510.3
Steel,506.5,505.1,505.1
Steel,501.5,500.3,500.2
Steel,496.8,495.5,495.5
Steel,492.3,491.0,491.0
Steel,488.1,486.7,486.7
Steel,484.2,482.6,482.8
Steel,480.3,479.0,479.0
Steel,476.8,475.4,475.4
Steel,473.5,472.1,471.9
Steel,470.4,468.8,468.7
Steel,467.5,465.8,465.7
Steel,464.5,463.0,462.9
Steel,461.9,460.3,460.2
Steel,459.4,458.0,457.9
Steel,457.1,455.7,455.7
Steel,454.9,453.5,453.5
Steel,452.7,451.5,451.5
Steel,450.8,449.4,449.7
Steel,449.0,447.8,447.9
Steel,447.5,446.2,446.4
Steel,446.2,444.9,445.1
Steel,445.0,443.7,443.9
Steel,443.8,442.6,442.8
Steel,442.9,441.6,441.9
Steel,442.0,440.6,441.0
Steel,441.0,439.9,440.2
Steel,440.1,439.0,439.4
Steel,439.4,438.2,438.7
Steel,438.8,437.6,438.3
Steel,438.8,437.8,438.6
Steel,440.4,439.2,440.1
Steel,441.9,440.8,441.7
Steel,443.6,442.4,443.3
Steel,445.6,444.6,445.3
Steel,448.1,447.0,447.8
Steel,510.7,509.6,509.6
Steel,510.6,509.5,509.4
Steel,510.3,509.3,509.2
Steel,510.0,509.0,508.9
Steel,509.5,508.6,508.4
Steel,509.0,508.0,507.9
Steel,508.4,507.4,507.3
Steel,507.7,506.7,506.7
Steel,507.2,506.2,506.1
Steel,506.7,505.8,505.6
Steel,506.2,505.3,505.2
Steel,505.7,504.8,504.7
Steel,505.1,504.2,504.1
Steel,504.5,503.6,503.6
Steel,504.0,503.0,503.0
Steel,503.6,502.6,502.6
Steel,503.4,502.5,502.6
Steel,504.2,503.3,503.3
Steel,505.6,504.9,504.9
Steel,507.1,506.4,506.5
Steel,508.5,507.8,507.9
Steel,509.8,509.1,509.2
Steel,511.0,510.3,510.3
Steel,511.9,511.0,511.0
Steel,511.8,511.0,511.0
Steel,511.7,511.0,510.9
Steel,511.6,510.9,510.8
Steel,511.4,510.7,510.7
Steel,511.3,510.6,510.6
Steel,511.5,510.8,510.9
Steel,512.4,511.8,511.7
Steel,513.4,512.8,512.7
Steel,513.7,513.1,513.1
Steel,514.9,514.5,514.5
Steel,516.7,516.3,516.2
Steel,518.7,518.3,518.3
Steel,520.5,520.2,520.2
Steel,522.2,521.8,521.8
Steel,523.7,523.3,523.3
Steel,525.3,524.9,524.9
Steel,527.0,526.6,526.6
Steel,528.5,528.2,528.1
Steel,530.0,529.7,529.7
Steel,531.4,531.1,531.0
Steel,532.8,532.5,532.3
Steel,533.9,533.7,533.5
Steel,534.8,534.5,534.5
Steel,535.6,535.3,535.1
Steel,536.0,535.7,535.5
Steel,536.5,536.0,535.8
Steel,536.6,536.1,535.9
Steel,536.5,535.8,535.7
Steel,536.3,535.5,535.4
Steel,535.9,535.1,535.1
Steel,535.7,535.1,535.0
Steel,535.5,534.9,534.9
Steel,535.4,534.8,534.7
Steel,535.0,534.5,534.2
Steel,534.1,533.3,533.1
Steel,532.5,531.6,531.5
Steel,531.2,530.2,530.2
Steel,530.1,529.2,529.1
Steel,529.1,528.2,528.1
Steel,528.1,527.2,527.2
Steel,526.8,525.8,525.9
Steel,525.2,524.3,524.4
Steel,523.8,522.9,522.9
Steel,522.6,521.7,521.8
Steel,521.6,520.7,520.8
Steel,520.7,519.7,520.0
Steel,519.6,518.6,519.0
Steel,518.4,517.5,517.8
Steel,517.4,516.4,516.8
Steel,516.3,515.3,515.6
Steel,515.1,514.2,514.3
Steel,514.0,513.2,513.4
Steel,513.2,512.4,512.6
Steel,512.4,511.7,511.8
Steel,511.6,510.9,510.9
Steel,510.7,509.9,509.9
Steel,509.8,508.9,508.9
Steel,509.0,508.0,508.1
Steel,508.5,507.6,507.7
Steel,508.2,507.3,507.4
Steel,507.7,506.9,507.0
Steel,507.1,506.3,506.4
Steel,506.6,505.9,506.0
Steel,506.5,505.7,505.8
Steel,506.5,505.7,505.8
Steel,506.6,505.8,505.9
Steel,506.6,505.7,505.8
Steel,506.1,505.3,505.3
Steel,505.6,504.7,504.8
Steel,504.9,504.1,504.1
Steel,504.4,503.5,503.6
Steel,504.2,503.2,503.2
Steel,504.0,503.1,503.0
Steel,503.8,502.9,502.7
Steel,503.6,502.6,502.5
Steel,503.4,502.3,502.2
Steel,502.8,501.8,500.3
Steel,500.9,500.0,498.6
Steel,499.3,498.3,497.1
Steel,497.8,496.9,495.7
Steel,496.4,495.6,494.4
Steel,495.3,494.5,493.4
Steel,494.6,494.0,493.2
Steel,495.1,494.4,493.6
Steel,495.4,494.7,493.9
Steel,495.1,494.5,493.7
Steel,494.6,493.9,493.1
Steel,493.8,493.2,492.5
Steel,493.0,492.3,491.6
Steel,492.2,491.5,490.7
Steel,491.5,490.7,490.1
Steel,490.9,490.2,489.6
Steel,491.0,490.3,489.9
Steel,491.6,491.0,490.6
Steel,492.3,491.7,491.4
Steel,492.9,492.2,491.9
Steel,493.1,492.5,492.2
Steel,493.2,492.4,492.1
Steel,492.8,492.0,491.7
Steel,492.3,491.6,491.4
Steel,491.9,491.0,490.7
Steel,491.2,490.3,490.2
Steel,490.5,489.8,489.6
Steel,490.6,489.7,489.7
Steel,492.1,491.5,491.6
Steel,494.9,494.3,494.5
Steel,497.8,497.1,497.5
Steel,500.5,499.9,500.3
Steel,503.8,503.2,503.5
Steel,507.6,507.1,507.5
Steel,511.8,511.4,511.8
Steel,516.1,515.7,516.0
Steel,520.3,519.9,520.2
Steel,524.4,523.9,524.3
Steel,527.9,527.5,527.7
Steel,531.0,530.4,530.7
Steel,533.1,532.5,532.7
Steel,534.5,533.9,534.1
Steel,535.9,535.3,535.6
Steel,537.9,537.4,537.7
Steel,540.4,539.8,540.2
Steel,542.7,542.2,542.5
Steel,545.1,544.5,544.8
Steel,547.1,546.5,546.6
Steel,548.4,547.7,547.8
Steel,549.2,548.4,548.5
Steel,549.9,549.0,549.1
Steel,551.0,550.1,550.1
Steel,552.2,551.3,551.3
Steel,553.4,552.5,552.4
Steel,554.1,553.1,553.1
Steel,554.4,553.2,553.3
Steel,554.3,552.9,553.2
Steel,553.8,552.4,552.7
Steel,553.5,552.2,552.5
Steel,553.1,551.7,552.0
Steel,552.0,550.6,550.8
Steel,549.7,548.1,548.5
Steel,546.9,545.4,545.5
Steel,543.0,541.4,541.5
Steel,538.7,537.3,537.2
Steel,534.6,533.4,533.1
Steel,530.7,529.5,529.4
Steel,527.1,526.0,525.8
Steel,523.8,522.5,522.4
Steel,520.8,519.5,519.4
Steel,517.9,516.7,516.5
Steel,515.1,513.8,513.7
Steel,512.4,511.1,511.2
Steel,510.0,508.9,509.0
Steel,508.4,507.4,507.6
Steel,507.5,506.5,506.7
Steel,506.8,505.9,506.2
Steel,506.0,504.8,505.1
Steel,504.5,503.3,503.6
Steel,503.2,502.3,502.6
Steel,502.6,501.7,502.2
Steel,502.3,501.4,501.8
Steel,502.1,501.4,501.9
Steel,503.0,502.3,502.8
Steel,504.5,503.7,504.2
Steel,506.0,505.2,505.6
Steel,507.4,506.6,507.0
Steel,508.9,508.2,508.6
Steel,510.7,510.0,510.5
Steel,512.6,511.9,512.4
Steel,514.3,513.7,514.2
Steel,515.9,515.4,515.8
Steel,517.5,516.9,517.2
Steel,518.9,518.2,518.7
Steel,520.2,519.5,520.0
Steel,521.3,520.6,521.2
Steel,522.5,521.7,522.3
Steel,523.6,522.8,523.4
Steel,524.7,523.9,524.4
Steel,525.6,524.8,525.4
Steel,559.6,558.7,558.7
Steel,559.6,558.6,558.6
Steel,559.4,558.4,558.4
Steel,559.3,558.4,558.2
Steel,559.2,558.4,558.2
Steel,559.2,558.3,558.2
Steel,559.1,558.2,558.1
Steel,558.9,558.0,557.9
Steel,558.7,557.7,557.8
Steel,558.4,557.2,557.4
Steel,557.4,556.2,556.1
Steel,555.4,553.8,554.0
Steel,552.8,551.2,551.5
Steel,550.2,548.7,548.9
Steel,547.6,546.2,546.3
Steel,545.2,543.7,543.8
Steel,542.4,540.9,540.9
Steel,539.0,537.5,537.4
Steel,535.3,534.0,533.9
Steel,532.1,530.7,530.7
Steel,529.4,528.0,528.1
Steel,526.8,525.5,525.6
Steel,524.2,522.9,522.9
Steel,521.7,520.4,520.4
Steel,519.3,517.9,517.9
Steel,517.0,515.8,515.8
Steel,515.1,514.0,514.0
Steel,513.3,512.2,512.2
Steel,511.7,510.5,510.4
Steel,509.8,508.6,508.5
Steel,507.8,506.6,506.5
Steel,505.8,504.5,504.5
Steel,503.9,502.5,502.7
Steel,502.1,500.8,500.9
Steel,500.7,499.2,499.3
Steel,499.2,497.7,497.8
Steel,497.6,496.2,496.3
Steel,496.0,494.6,494.7
Steel,494.4,493.2,493.3
Steel,493.3,492.0,492.1
Steel,491.9,490.6,490.7
Steel,490.6,489.2,489.3
Steel,489.3,487.9,488.1
Steel,488.0,486.5,486.8
Steel,486.7,485.2,485.4
Steel,485.5,484.0,484.2
Steel,484.4,482.9,483.1
Steel,483.2,481.8,482.1
Steel,482.3,480.9,481.1
Steel,481.3,479.9,480.1
Steel,480.5,479.1,479.2
Steel,479.5,478.3,478.3
Steel,478.6,477.6,477.5
Steel,477.9,476.8,476.7
Steel,477.2,476.2,476.1
Steel,476.8,475.7,475.5
Steel,476.3,475.2,475.1
Steel,476.0,474.9,474.9
Steel,475.7,474.8,474.7
Steel,475.3,474.4,474.2
Steel,474.8,473.9,473.8
Steel,474.5,473.5,473.3
Steel,474.3,473.3,473.2
Steel,474.1,473.0,473.0
Steel,473.7,472.7,472.7
Steel,473.3,472.5,472.4
Steel,473.0,472.2,472.0
Steel,472.6,471.8,471.6
Steel,472.3,471.6,471.4
Steel,471.9,471.4,471.2
Steel,471.7,471.1,471.0
Steel,471.4,470.9,470.7
Steel,471.2,470.7,470.6
Steel,471.1,470.5,470.3
Steel,470.9,470.3,470.2
Steel,470.8,470.3,470.0
Steel,470.8,470.3,469.9
Steel,470.8,470.4,470.0
Steel,471.2,471.0,470.6
Steel,471.9,471.6,471.2
Steel,472.5,472.1,471.7
Steel,473.0,472.6,472.3
Steel,473.3,472.9,472.4
Steel,473.1,472.6,472.1
Steel,472.7,472.2,471.9
Steel,472.2,471.7,471.6
Steel,471.6,471.1,471.0
Steel,471.1,470.7,470.5
Steel,470.6,470.1,470.0
Steel,470.1,469.7,469.7
Steel,469.8,469.3,469.3
Steel,469.4,468.9,469.0
Steel,469.1,468.7,468.6
Steel,468.7,468.4,468.1
Steel,468.7,468.2,468.0
Steel,469.0,468.5,468.0
Steel,469.2,468.6,468.2
Steel,469.5,468.9,468.5
Steel,469.4,468.8,468.4
Steel,469.2,468.5,468.0
Steel,557.5,556.3,556.4
Steel,556.8,555.6,555.6
Steel,556.1,554.9,554.9
Steel,555.3,554.1,554.1
Steel,554.3,553.0,553.1
Steel,552.5,551.1,551.1
Steel,550.2,548.8,548.8
Steel,548.5,547.2,547.2
Steel,547.9,546.7,546.7
Steel,547.8,546.7,546.7
Steel,547.8,546.6,546.7
Steel,547.2,546.0,546.0
Steel,546.0,545.0,544.8
Steel,544.8,543.6,543.3
Steel,542.9,541.8,541.4
Steel,540.6,539.4,538.9
Steel,538.2,537.0,536.6
Steel,536.7,535.6,535.2
Steel,535.5,534.4,533.9
Steel,534.0,532.9,532.4
Steel,532.4,531.2,530.8
Steel,530.9,529.6,529.3
Steel,529.9,528.6,528.3
Steel,529.2,528.1,528.1
Steel,528.9,527.6,527.5
Steel,528.0,526.6,526.6
Steel,526.7,525.4,525.2
Steel,525.0,523.7,523.5
Steel,523.3,522.0,521.9
Steel,521.7,520.4,520.3
Steel,520.1,518.8,518.8
Steel,518.6,517.2,517.3
Steel,517.1,515.7,515.8
Steel,515.5,514.2,514.2
Steel,514.0,512.7,512.7
Steel,512.6,511.4,511.3
Steel,511.2,510.0,510.0
Steel,509.9,508.7,508.7
Steel,508.9,507.6,507.6
Steel,507.8,506.6,506.4
Steel,506.9,505.7,505.4
Steel,506.0,504.7,504.4
Steel,505.1,503.8,503.4
Steel,504.2,502.9,502.7
Steel,503.3,502.2,501.8
Steel,502.6,501.2,501.1
Steel,501.7,500.5,500.4
Steel,501.1,499.8,499.8
Steel,500.5,499.2,499.1
Steel,499.8,498.5,498.3
Steel,499.2,497.9,497.8
Steel,498.6,497.4,497.4
Steel,498.1,496.9,496.8
Steel,497.6,496.6,496.4
Steel,497.2,496.1,496.1
Steel,496.8,495.8,495.6
Steel,496.3,495.2,495.0
Steel,495.9,494.7,494.5
Steel,495.5,494.2,494.1
Steel,495.1,493.7,493.8
Steel,494.9,493.4,493.3
Steel,494.6,493.0,493.0
Steel,494.2,492.7,492.7
Steel,493.8,492.5,492.5
Steel,493.6,492.2,492.2
Steel,493.4,491.9,491.9
Steel,493.2,491.6,491.7
Steel,492.8,491.2,491.3
Steel,492.5,490.9,490.8
Steel,492.2,490.4,490.6
Steel,491.8,490.1,490.3
Steel,491.5,490.0,490.1
Steel,491.4,489.8,489.9
Steel,491.0,489.3,489.6
Steel,490.8,489.1,489.3
Steel,490.5,488.8,489.1
Steel,490.3,488.5,488.9
Steel,490.0,488.5,488.7
Steel,489.8,488.4,488.5
Steel,489.5,488.1,488.2
Steel,489.2,487.8,487.9
Steel,488.9,487.5,487.7
Steel,488.6,487.3,487.5
Steel,488.4,487.2,487.3
Steel,488.2,487.1,487.3
Steel,488.9,488.0,488.2
Steel,488.5,487.6,487.7
Steel,488.0,487.2,487.2
Steel,487.7,487.0,486.9
Steel,487.4,486.7,486.5
Steel,487.3,486.6,486.3
Steel,488.1,487.6,487.3
Steel,489.0,488.5,488.3
Steel,490.3,489.8,489.8
Steel,491.9,491.6,491.7
Steel,494.0,493.8,493.8
Steel,496.1,495.7,495.7
Steel,497.4,496.9,496.8
Steel,498.0,497.5,497.3
Steel,498.5,497.9,497.7
Steel,546.5,545.4,545.0
Steel,545.7,544.7,544.3
Steel,544.8,544.0,543.7
Steel,544.5,543.6,543.4
Steel,544.3,543.4,543.3
Steel,544.1,543.2,543.1
Steel,543.6,542.8,542.6
Steel,543.0,542.2,542.0
Steel,542.2,541.5,541.2
Steel,541.4,540.7,540.5
Steel,540.7,540.1,539.9
Steel,540.7,540.1,540.0
Steel,540.9,540.3,540.4
Steel,541.5,541.0,541.1
Steel,542.3,541.8,541.7
Steel,542.6,542.1,542.1
Steel,542.7,542.2,542.2
Steel,542.8,542.2,542.3
Steel,542.9,542.3,542.5
Steel,543.3,542.8,542.9
Steel,543.9,543.3,543.5
Steel,544.4,543.8,543.8
Steel,544.8,544.0,544.1
Steel,545.1,544.3,544.4
Steel,545.4,544.5,544.7
Steel,545.8,545.0,545.2
Steel,546.5,545.7,546.0
Steel,547.3,546.5,546.8
Steel,547.7,546.8,546.9
Steel,546.9,545.8,546.0
Steel,544.6,543.6,543.8
Steel,542.5,541.6,542.0
Steel,541.7,540.8,541.2
Steel,541.4,540.7,541.0
Steel,541.1,540.4,540.8
Steel,541.0,540.4,540.6
Steel,541.1,540.5,540.6
Steel,540.9,540.0,540.0
Steel,539.0,538.0,537.9
Steel,536.1,535.0,534.9
Steel,533.4,532.4,532.5
Steel,531.9,531.0,531.1
Steel,530.9,529.8,529.8
Steel,529.1,528.0,527.7
Steel,526.6,525.4,525.1
Steel,523.9,522.8,522.5
Steel,521.8,520.6,520.4
Steel,519.3,518.1,517.8
Steel,517.0,515.9,515.7
Steel,515.7,514.8,514.6
Steel,514.9,513.9,513.8
Steel,513.8,512.7,512.7
Steel,512.6,511.5,511.4
Steel,511.4,510.5,510.4
Steel,510.2,509.1,508.9
Steel,508.4,507.2,507.2
Steel,506.6,505.6,505.4
Steel,505.4,504.3,504.3
Steel,504.6,503.8,503.7
Steel,504.3,503.6,503.6
Steel,504.5,503.8,503.8
Steel,505.0,504.3,504.3
Steel,506.2,505.4,505.6
Steel,507.6,506.8,507.1
Steel,509.0,508.1,508.4
Steel,510.0,509.0,509.3
Steel,510.2,509.0,509.3
Steel,510.1,508.9,509.2
Steel,510.3,509.1,509.7
Steel,511.4,510.3,511.0
Steel,512.9,511.9,512.5
Steel,514.4,513.4,514.0
Steel,515.6,514.5,515.0
Steel,516.3,515.2,515.5
Steel,516.7,515.6,515.9
Steel,516.9,515.9,516.1
Steel,517.3,516.3,516.7
Steel,517.8,516.9,517.2
Steel,518.4,517.6,517.8
Steel,519.3,518.4,518.5
Steel,519.9,518.9,519.1
Steel,520.0,519.0,518.8
Steel,519.3,518.3,518.1
Steel,518.4,517.4,517.4
Steel,518.2,517.1,517.3
Steel,519.0,517.9,518.2
Steel,521.2,520.1,520.6
Steel,524.0,522.9,523.4
Steel,526.6,525.5,525.8
Steel,528.4,527.3,527.6
Steel,529.8,528.7,528.9
Steel,530.9,529.7,529.9
Steel,531.8,530.7,530.8
Steel,533.0,531.8,531.9
Steel,534.0,533.0,533.0
Steel,534.7,533.6,533.6
Steel,534.5,533.7,533.6
Steel,534.3,533.5,533.5
Steel,534.3,533.5,533.5
Steel,534.6,533.8,533.8
Steel,481.6,480.6,480.8
Steel,482.0,481.0,481.3
Steel,482.2,481.2,481.5
Steel,482.4,481.4,481.7
Steel,482.6,481.8,482.1
Steel,482.9,482.1,482.4
Steel,482.8,481.9,482.2
Steel,482.1,481.0,481.3
Steel,480.5,479.4,479.5
Steel,478.6,477.5,477.6
Steel,479.5,478.7,479.1
Steel,483.6,482.9,483.4
Steel,488.3,487.6,488.1
Steel,492.0,491.1,491.4
Steel,493.8,492.8,492.7
Steel,494.1,492.9,492.8
Steel,493.7,492.4,492.2
Steel,492.7,491.3,491.1
Steel,491.9,490.7,490.6
Steel,492.3,491.2,491.3
Steel,493.6,492.7,492.6
Steel,495.2,494.2,494.0
Steel,496.3,495.6,495.2
Steel,497.4,496.6,496.5
Steel,498.7,497.9,497.8
Steel,500.0,499.3,499.2
Steel,501.2,500.3,500.1
Steel,501.9,500.8,500.7
Steel,502.4,501.4,501.2
Steel,503.2,502.4,502.2
Steel,504.6,503.8,503.7
Steel,506.3,505.5,505.5
Steel,507.8,507.0,507.0
Steel,509.1,508.3,508.2
Steel,510.4,509.5,509.4
Steel,511.7,510.7,510.6
Steel,512.8,511.9,511.6
Steel,514.2,513.2,513.1
Steel,515.7,514.8,514.6
Steel,517.0,516.1,515.8
Steel,517.6,516.6,516.3
Steel,517.0,516.0,515.6
Steel,516.0,515.0,514.6
Steel,515.4,514.4,514.2
Steel,515.9,515.0,514.9
Steel,516.6,515.7,515.6
Steel,517.2,516.4,516.1
Steel,517.1,516.2,515.9
Steel,516.4,515.4,515.3
Steel,515.7,514.6,514.6
Steel,515.1,514.1,514.1
Steel,514.7,513.6,513.7
Steel,513.9,512.8,512.7
Steel,512.7,511.6,511.6
Steel,511.5,510.5,510.5
Steel,510.5,509.5,509.6
Steel,509.5,508.7,508.7
Steel,508.8,508.0,508.0
Steel,507.9,507.1,506.9
Steel,506.6,505.8,505.4
Steel,504.5,503.6,503.2
Steel,501.7,500.7,500.2
Steel,498.7,497.8,497.3
Steel,496.0,495.0,494.6
Steel,493.5,492.7,492.2
Steel,491.6,490.6,490.2
Steel,489.5,488.6,488.2
Steel,487.5,486.7,486.2
Steel,485.4,484.6,484.2
Steel,483.3,482.6,482.1
Steel,481.5,480.8,480.5
Steel,480.3,479.5,479.3
Steel,479.5,478.8,478.6
Steel,478.8,478.0,477.8
Steel,477.9,477.0,476.9
Steel,476.9,475.9,475.8
Steel,476.5,475.5,475.5
Steel,476.7,475.8,475.9
Steel,477.2,476.2,476.5
Steel,477.9,476.9,477.1
Steel,478.7,477.7,478.0
Steel,479.7,478.9,479.1
Steel,480.9,480.1,480.4
Steel,482.2,481.5,481.8
Steel,483.7,483.0,483.3
Steel,485.4,484.7,484.8
Steel,487.1,486.0,486.3
Steel,488.7,487.4,487.5
Steel,490.2,489.2,489.4
Steel,492.3,491.2,491.4
Steel,494.2,493.1,493.4
Steel,495.9,494.7,495.1
Steel,497.6,496.6,496.8
Steel,499.5,498.5,498.8
Steel,501.4,500.3,500.8
Steel,503.0,501.9,502.2
Steel,504.0,502.7,503.1
Steel,504.7,503.3,503.8
Steel,505.6,504.2,504.8
Steel,506.9,505.5,506.1
Steel,502.4,500.5,500.2
Steel,501.5,499.7,499.4
Steel,501.1,499.4,499.0
Steel,500.7,499.1,498.8
Steel,500.2,498.6,498.4
Steel,499.6,497.9,497.7
Steel,498.6,497.0,496.8
Steel,497.3,495.5,495.3
Steel,495.0,493.2,493.0
Steel,492.2,490.4,490.2
Steel,489.5,487.7,487.7
Steel,487.4,485.7,485.6
Steel,485.5,483.8,483.7
Steel,483.6,482.0,481.9
Steel,482.2,480.7,480.6
Steel,481.2,479.8,479.6
Steel,480.3,478.8,478.7
Steel,479.3,477.9,477.8
Steel,478.5,477.2,477.1
Steel,477.8,476.4,476.3
Steel,476.9,475.6,475.3
Steel,476.0,474.7,474.4
Steel,475.3,474.0,473.7
Steel,474.7,473.5,473.2
Steel,474.3,473.2,472.9
Steel,474.0,472.9,472.7
Steel,473.7,472.8,472.6
Steel,473.5,472.9,472.6
Steel,473.4,472.6,472.4
Steel,473.3,472.7,472.5
Steel,473.7,473.2,472.9
Steel,474.3,473.8,473.5
Steel,474.6,474.0,473.6
Steel,474.7,474.2,473.8
Steel,475.5,474.9,474.7
Steel,476.6,476.1,475.8
Steel,477.7,477.3,477.0
Steel,479.0,478.3,478.2
Steel,480.6,480.1,479.8
Steel,482.5,482.2,482.0
Steel,484.8,484.5,484.3
Steel,487.1,486.7,486.6
Steel,489.0,488.5,488.4
Steel,490.4,489.5,489.5
Steel,491.1,490.1,490.1
Steel,491.5,490.4,490.5
Steel,491.8,490.8,490.9
Steel,492.0,490.9,491.0
Steel,492.2,491.1,491.2
Steel,492.3,491.3,491.5
Steel,492.4,491.4,491.6
Steel,492.0,490.9,491.0
Steel,491.2,490.0,490.1
Steel,490.6,489.4,489.7
Steel,490.4,489.3,489.6
Steel,490.5,489.4,489.6
Steel,490.2,488.9,489.1
Steel,489.0,487.8,487.8
Steel,487.4,486.1,486.1
Steel,485.8,484.5,484.6
Steel,484.7,483.3,483.5
Steel,483.8,482.5,482.8
Steel,482.8,481.4,481.7
Steel,481.5,480.0,480.2
Steel,480.0,478.7,479.0
Steel,479.0,477.9,478.1
Steel,478.3,477.2,477.4
Steel,477.5,476.4,476.5
Steel,476.4,475.4,475.4
Steel,475.1,474.1,474.1
Steel,473.8,472.9,472.9
Steel,472.7,471.8,472.0
Steel,472.1,471.2,471.5
Steel,471.7,471.0,471.1
Steel,471.1,470.4,470.5
Steel,470.5,469.7,469.8
Steel,469.7,469.0,469.1
Steel,469.1,468.4,468.5
Steel,468.5,467.6,467.8
Steel,467.7,466.7,467.0
Steel,466.7,465.7,465.9
Steel,465.3,464.3,464.5
Steel,463.7,462.7,463.0
Steel,462.1,461.1,461.4
Steel,460.9,460.0,460.1
Steel,460.2,459.1,459.3
Steel,459.7,458.4,458.7
Steel,458.8,457.5,457.6
Steel,457.8,456.6,456.5
Steel,456.8,455.8,455.8
Steel,456.2,455.2,455.1
Steel,455.5,454.5,454.5
Steel,454.9,453.9,454.0
Steel,454.3,453.4,453.4
Steel,453.9,452.9,452.9
Steel,453.5,452.3,452.4
Steel,453.2,452.2,452.2
Steel,452.6,451.7,451.7
Steel,452.3,451.2,451.2
Steel,452.0,451.0,450.9
Steel,424.9,423.7,424.5
Steel,425.5,424.3,425.0
Steel,426.1,424.9,425.5
Steel,426.6,425.4,426.0
Steel,427.0,425.8,426.3
Steel,427.6,426.3,426.9
Steel,427.9,426.4,427.0
Steel,427.5,425.8,426.4
Steel,427.0,425.3,426.1
Steel,427.0,425.4,426.2
Steel,427.2,425.5,426.3
Steel,427.1,425.5,426.3
Steel,427.0,425.5,426.0
Steel,426.8,425.4,425.9
Steel,427.2,425.8,426.2
Steel,427.6,426.2,426.5
Steel,428.1,426.6,427.0
Steel,428.6,427.1,427.5
Steel,429.3,427.8,428.3
Steel,430.2,428.6,429.2
Steel,431.0,429.4,429.8
Steel,431.0,429.3,429.7
Steel,430.2,428.4,428.8
Steel,429.3,427.3,427.8
Steel,428.2,426.5,426.8
Steel,427.3,425.5,425.7
Steel,426.2,424.4,424.7
Steel,425.1,423.3,423.4
Steel,424.0,422.3,422.5
Steel,423.4,421.7,421.9
Steel,422.9,421.5,421.6
Steel,422.6,421.1,421.1
Steel,421.5,420.0,419.8
Steel,420.2,418.4,418.4
Steel,419.1,417.4,417.4
Steel,418.0,416.5,416.6
Steel,417.1,415.6,415.8
Steel,416.3,414.8,415.1
Steel,415.6,414.1,414.4
Steel,414.9,413.5,413.8
Steel,414.4,412.9,413.3
Steel,413.9,412.6,412.9
Steel,413.7,412.4,412.5
Steel,413.6,412.0,412.2
Steel,413.5,412.1,412.1
Steel,413.5,412.1,412.1
Steel,413.5,412.3,412.3
Steel,413.9,412.7,412.7
Steel,414.6,413.4,413.4
Steel,415.4,414.2,414.3
Steel,416.0,414.7,415.0
Steel,416.9,415.6,415.8
Steel,418.0,416.9,417.2
Steel,419.7,418.5,418.8
Steel,421.1,419.9,420.1
Steel,422.1,420.9,421.2
Steel,423.2,422.1,422.4
Steel,424.5,423.5,423.9
Steel,425.8,424.7,425.1
Steel,426.7,425.6,426.0
Steel,427.1,426.1,426.5
Steel,427.3,426.3,426.7
Steel,427.5,426.6,427.0
Steel,427.8,427.0,427.3
Steel,428.2,427.5,427.8
Steel,428.9,428.2,428.5
Steel,429.3,428.6,428.7
Steel,429.8,429.0,429.2
Steel,430.2,429.5,429.7
Steel,430.5,429.7,429.8
Steel,430.3,429.3,429.4
Steel,429.7,428.7,428.8
Steel,429.2,428.4,428.4
Steel,428.8,428.1,428.1
Steel,428.6,428.0,427.7
Steel,428.4,427.7,427.5
Steel,428.0,427.3,427.1
Steel,426.8,426.0,425.8
Steel,425.3,424.6,424.3
Steel,424.2,423.5,423.3
Steel,423.1,422.5,422.2
Steel,421.9,421.4,421.1
Steel,420.9,420.4,420.2
Steel,420.3,419.7,419.6
Steel,419.8,419.1,418.9
Steel,419.3,418.6,418.5
Steel,419.3,418.5,418.6
Steel,419.7,419.0,419.1
Steel,420.5,419.8,419.9
Steel,421.3,420.5,420.6
Steel,421.7,420.8,421.1
Steel,422.2,421.4,421.6
Steel,423.2,422.4,422.5
Steel,424.1,423.2,423.4
Steel,424.5,423.7,423.7
Steel,424.5,423.8,423.8
Steel,424.7,424.0,424.0
Steel,424.9,424.3,424.3
Steel,425.0,424.5,424.5
Steel,425.4,424.9,425.0
Steel,496.2,495.3,495.6
Steel,497.0,496.0,496.4
Steel,497.8,496.7,497.3
Steel,498.5,497.3,497.9
Steel,499.4,498.0,498.8
Steel,500.6,499.3,500.1
Steel,502.1,500.8,501.5
Steel,503.4,502.2,503.0
Steel,504.9,503.6,504.4
Steel,506.1,504.9,505.5
Steel,507.3,506.0,506.7
Steel,508.2,506.9,507.6
Steel,508.7,507.4,507.9
Steel,509.4,507.8,508.6
Steel,510.3,508.7,509.4
Steel,511.4,510.0,510.7
Steel,512.8,511.5,512.2
Steel,514.5,513.2,514.0
Steel,516.1,515.0,515.8
Steel,517.6,516.5,517.2
Steel,518.9,517.8,518.4
Steel,520.1,519.1,519.7
Steel,521.2,520.2,520.7
Steel,522.3,521.3,521.7
Steel,523.2,522.2,522.6
Steel,523.8,523.0,523.1
Steel,523.9,523.1,523.2
Steel,523.8,522.9,522.9
Steel,523.8,522.9,522.8
Steel,523.4,522.5,522.4
Steel,522.6,521.6,521.6
Steel,521.7,520.7,520.7
Steel,521.0,520.0,520.1
Steel,520.3,519.4,519.4
Steel,519.4,518.6,518.6
Steel,518.6,517.7,517.7
Steel,519.1,518.4,518.6
Steel,521.3,520.7,521.1
Steel,524.4,523.8,524.1
Steel,527.1,526.5,526.8
Steel,529.1,528.3,528.5
Steel,530.5,529.8,530.0
Steel,532.1,531.3,531.5
Steel,533.5,532.7,532.9
Steel,534.3,533.4,533.6
Steel,534.3,533.2,533.4
Steel,533.9,532.7,532.8
Steel,533.6,532.2,532.4
Steel,533.3,532.0,532.3
Steel,533.1,531.7,532.1
Steel,532.8,531.5,531.9
Steel,532.4,531.2,531.5
Steel,532.1,530.9,531.2
Steel,531.6,530.4,530.6
Steel,530.9,529.4,529.6
Steel,530.0,528.4,528.6
Steel,528.7,527.2,527.4
Steel,527.4,525.9,526.2
Steel,526.0,524.5,524.8
Steel,524.7,523.2,523.5
Steel,523.3,521.9,522.3
Steel,521.8,520.4,520.7
Steel,520.1,518.5,518.8
Steel,518.2,516.6,516.9
Steel,516.2,514.8,514.9
Steel,514.0,512.6,512.6
Steel,511.7,510.2,510.2
Steel,509.5,508.1,508.1
Steel,507.4,506.0,506.0
Steel,505.2,503.7,503.8
Steel,502.2,500.8,500.6
Steel,498.0,496.4,496.1
Steel,493.5,491.7,491.5
Steel,489.4,487.9,487.7
Steel,485.7,484.2,483.9
Steel,481.6,480.2,479.8
Steel,477.6,476.2,475.7
Steel,473.9,472.6,472.3
Steel,470.6,469.3,469.1
Steel,466.7,465.4,465.0
Steel,462.4,461.2,460.9
Steel,458.9,457.7,457.4
Steel,455.8,454.6,454.2
Steel,452.6,451.4,451.0
Steel,449.5,448.4,448.0
Steel,446.5,445.7,445.2
Steel,443.8,442.9,442.4
Steel,441.0,440.3,439.7
Steel,438.8,438.1,437.5
Steel,436.9,436.3,435.6
Steel,435.3,434.7,434.1
Steel,433.9,433.2,432.5
Steel,432.3,431.6,431.0
Steel,431.0,430.3,429.8
Steel,430.1,429.3,428.9
Steel,429.4,428.5,428.1
Steel,428.7,427.8,427.4
Steel,427.9,427.1,426.6
Steel,427.1,426.1,425.8
Steel,505.7,504.1,503.3
Steel,503.5,501.9,501.0
Steel,501.2,499.4,498.5
Steel,498.6,496.7,495.9
Steel,495.6,493.7,493.0
Steel,492.4,490.6,489.9
Steel,490.1,488.3,487.8
Steel,488.0,486.1,485.7
Steel,485.4,483.5,483.2
Steel,482.8,481.0,480.6
Steel,480.2,478.5,478.0
Steel,477.6,476.0,475.5
Steel,475.2,473.7,473.2
Steel,472.8,471.6,470.9
Steel,470.5,469.4,468.7
Steel,468.3,467.1,466.5
Steel,466.4,465.3,464.8
Steel,464.7,463.7,463.3
Steel,463.6,462.6,462.3
Steel,463.0,461.9,461.7
Steel,462.4,461.3,461.2
Steel,462.1,460.9,460.8
Steel,462.2,461.0,461.0
Steel,463.4,462.3,462.6
Steel,466.4,465.4,466.0
Steel,470.5,469.6,470.4
Steel,474.9,473.9,474.7
Steel,478.6,477.7,478.3
Steel,481.7,480.6,481.2
Steel,484.1,483.1,483.7
Steel,486.5,485.5,486.0
Steel,488.6,487.7,488.2
Steel,490.7,489.7,490.2
Steel,492.5,491.4,492.0
Steel,493.9,492.6,493.3
Steel,495.2,494.0,494.6
Steel,496.3,495.2,495.8
Steel,497.4,495.9,496.6
Steel,497.9,496.6,497.0
Steel,498.2,496.8,497.2
Steel,498.0,496.7,497.0
Steel,498.0,496.7,496.9
Steel,498.1,496.7,497.0
Steel,498.2,496.9,497.1
Steel,498.3,497.2,497.4
Steel,498.5,497.4,497.8
Steel,498.8,497.7,498.0
Steel,498.9,497.8,498.0
Steel,498.8,497.8,498.0
Steel,498.7,497.7,497.8
Steel,498.7,497.7,497.7
Steel,498.6,497.6,497.6
Steel,498.5,497.5,497.6
Steel,498.5,497.5,497.5
Steel,497.9,496.8,496.7
Steel,496.1,495.0,494.9
Steel,493.8,492.7,492.6
Steel,491.5,490.3,490.3
Steel,489.5,488.3,488.4
Steel,487.6,486.2,486.4
Steel,484.6,483.2,483.2
Steel,480.2,478.6,478.5
Steel,475.8,474.4,474.3
Steel,472.3,471.0,470.8
Steel,468.9,467.7,467.3
Steel,465.8,464.5,464.3
Steel,463.7,462.6,462.4
Steel,462.1,461.1,460.9
Steel,460.8,459.8,459.6
Steel,459.6,458.6,458.5
Steel,458.6,457.7,457.4
Steel,457.5,456.5,456.3
Steel,456.4,455.4,455.2
Steel,455.4,454.5,454.3
Steel,454.7,453.8,453.6
Steel,454.2,453.3,453.1
Steel,453.7,452.8,452.7
Steel,453.4,452.4,452.3
Steel,453.0,452.1,452.0
Steel,452.5,451.7,451.5
Steel,452.0,451.4,451.2
Steel,451.7,451.2,451.0
Steel,451.7,451.3,450.9
Steel,451.7,451.3,450.9
Steel,451.6,451.2,450.8
Steel,451.8,451.5,451.3
Steel,452.8,452.5,452.3
Steel,453.9,453.8,453.6
Steel,455.1,454.9,454.7
Steel,456.4,456.1,455.8
Steel,457.5,457.1,456.8
Steel,458.2,457.8,457.6
Steel,459.1,458.7,458.7
Steel,460.2,459.7,459.7
Steel,461.1,460.6,460.6
Steel,462.2,461.4,461.5
Steel,462.8,462.3,462.2
Steel,463.5,462.9,462.8
Steel,464.1,463.4,463.2
Steel,464.3,463.6,463.4
Steel,478.3,476.6,477.1
Steel,477.7,476.1,476.5
Steel,477.2,475.7,476.1
Steel,476.6,475.2,475.5
Steel,475.9,474.5,474.9
Steel,475.6,474.5,474.8
Steel,475.8,474.6,475.0
Steel,475.9,474.7,475.0
Steel,475.9,474.7,475.1
Steel,475.9,474.5,475.0
Steel,476.2,475.0,475.3
Steel,476.9,475.8,476.0
Steel,477.6,476.5,476.9
Steel,478.5,477.4,477.8
Steel,479.2,478.1,478.5
Steel,479.9,478.8,479.2
Steel,480.5,479.5,479.9
Steel,481.3,480.3,480.7
Steel,482.5,481.4,481.7
Steel,483.9,482.8,483.2
Steel,485.0,484.0,484.2
Steel,485.2,483.9,484.1
Steel,484.6,483.3,483.3
Steel,483.7,482.5,482.6
Steel,483.0,481.8,481.9
Steel,482.4,481.2,481.2
Steel,481.4,480.1,480.1
Steel,479.2,477.8,477.8
Steel,476.6,475.3,475.2
Steel,474.4,473.0,473.0
Steel,472.2,470.8,470.7
Steel,469.2,467.6,467.3
Steel,465.1,463.5,463.2
Steel,461.4,459.8,459.6
Steel,458.0,456.5,456.3
Steel,454.7,453.0,452.8
Steel,451.6,449.9,449.5
Steel,448.6,446.9,446.5
Steel,445.8,444.0,443.8
Steel,443.2,441.5,441.4
Steel,440.7,439.1,438.9
Steel,438.2,436.6,436.5
Steel,435.8,434.4,434.1
Steel,433.6,432.1,431.9
Steel,431.3,429.9,429.6
Steel,429.1,427.8,427.5
Steel,426.9,425.7,425.5
Steel,424.8,423.5,423.3
Steel,422.7,421.6,421.4
Steel,420.9,419.9,419.7
Steel,419.2,418.1,417.9
Steel,417.8,416.7,416.6
Steel,416.4,415.3,415.1
Steel,415.1,414.0,413.7
Steel,413.9,412.7,412.5
Steel,412.8,411.6,411.3
Steel,411.5,410.4,410.0
Steel,410.3,409.1,408.8
Steel,409.1,407.9,407.7
Steel,408.1,407.0,406.7
Steel,407.3,406.2,405.8
Steel,406.4,405.3,405.1
Steel,405.5,404.5,404.1
Steel,404.8,403.8,403.3
Steel,404.0,403.0,402.6
Steel,403.1,402.1,401.8
Steel,402.3,401.2,401.0
Steel,401.5,400.3,400.1
Steel,400.7,399.5,399.3
Steel,399.9,398.7,398.4
Steel,399.2,398.0,397.8
Steel,398.7,397.5,397.2
Steel,398.2,397.0,396.7
Steel,397.6,396.5,396.3
Steel,397.2,396.1,395.8
Steel,396.8,395.5,395.3
Steel,396.2,394.9,394.9
Steel,395.8,394.6,394.6
Steel,395.4,394.3,394.1
Steel,395.2,394.0,393.9
Steel,395.1,393.8,393.6
Steel,394.8,393.5,393.3
Steel,394.3,393.0,393.1
Steel,394.0,392.6,392.7
Steel,393.6,392.2,392.4
Steel,393.3,391.9,392.1
Steel,393.0,391.6,391.7
Steel,392.7,391.3,391.4
Steel,392.5,391.0,391.1
Steel,392.2,390.7,391.0
Steel,391.8,390.5,390.7
Steel,391.7,390.2,390.4
Steel,391.4,389.9,390.3
Steel,391.2,389.7,390.1
Steel,390.9,389.3,389.8
Steel,390.7,388.9,389.4
Steel,390.4,388.7,389.2
Steel,390.0,388.5,389.0
Steel,389.9,388.3,388.8
Steel,389.8,388.2,388.7
Steel,403.0,401.9,401.6
Steel,402.5,401.4,401.2
Steel,402.1,401.0,400.6
Steel,401.6,400.6,400.1
Steel,401.2,400.2,399.8
Steel,400.8,399.8,399.4
Steel,400.4,399.4,398.9
Steel,399.5,398.3,397.9
Steel,398.8,397.4,397.1
Steel,398.1,396.6,396.3
Steel,397.3,395.8,395.4
Steel,396.4,394.9,394.6
Steel,395.7,394.2,393.9
Steel,395.1,393.8,393.5
Steel,394.8,393.6,393.2
Steel,394.4,393.2,392.8
Steel,394.1,392.9,392.5
Steel,394.2,393.1,392.7
Steel,395.3,394.1,393.7
Steel,396.0,394.7,394.4
Steel,396.2,395.0,394.8
Steel,396.5,395.5,395.2
Steel,397.1,396.1,396.0
Steel,398.3,397.4,397.3
Steel,400.5,399.6,399.7
Steel,403.9,403.0,403.4
Steel,408.9,408.1,408.7
Steel,415.6,415.0,415.7
Steel,423.3,422.9,423.7
Steel,431.5,431.1,431.9
Steel,439.5,439.0,439.7
Steel,446.8,446.2,447.0
Steel,453.4,452.8,453.5
Steel,459.6,459.0,459.7
Steel,465.5,464.8,465.5
Steel,470.9,470.2,470.9
Steel,475.6,474.8,475.6
Steel,479.9,479.0,479.8
Steel,483.8,483.0,483.8
Steel,487.6,486.8,487.5
Steel,490.7,489.8,490.4
Steel,493.0,491.9,492.5
Steel,494.5,493.3,493.7
Steel,495.5,494.6,494.8
Steel,497.1,496.2,496.4
Steel,499.2,498.4,498.6
Steel,502.2,501.4,501.6
Steel,505.4,504.8,505.1
Steel,509.0,508.4,508.8
Steel,512.4,511.9,512.3
Steel,515.4,514.7,515.1
Steel,517.7,517.0,517.3
Steel,519.4,518.7,519.0
Steel,521.0,520.3,520.8
Steel,522.9,522.2,522.6
Steel,524.6,523.8,524.2
Steel,525.9,525.3,525.6
Steel,527.4,526.7,527.0
Steel,528.7,528.1,528.3
Steel,530.0,529.4,529.6
Steel,531.4,530.8,531.0
Steel,532.8,532.2,532.4
Steel,534.0,533.3,533.6
Steel,535.0,534.3,534.5
Steel,536.1,535.3,535.5
Steel,537.0,536.2,536.4
Steel,537.6,536.8,537.0
Steel,538.3,537.4,537.8
Steel,539.0,538.1,538.3
Steel,539.4,538.4,538.8
Steel,539.7,538.7,539.2
Steel,539.8,538.6,539.2
Steel,539.4,538.2,538.8
Steel,539.2,537.9,538.5
Steel,539.2,538.0,538.5
Steel,538.8,537.6,538.1
Steel,538.2,537.0,537.5
Steel,537.4,536.2,536.9
Steel,536.7,535.7,536.1
Steel,536.2,535.0,535.3
Steel,535.6,534.3,534.7
Steel,535.2,533.7,534.1
Steel,534.7,533.4,533.6
Steel,534.2,532.8,532.9
Steel,533.3,531.9,532.2
Steel,532.6,531.3,531.3
Steel,531.7,530.6,530.5
Steel,531.0,529.9,529.9
Steel,530.4,529.4,529.4
Steel,530.0,528.9,528.8
Steel,529.5,528.3,528.2
Steel,528.9,527.8,527.7
Steel,528.5,527.5,527.2
Steel,528.4,527.4,527.2
Steel,528.5,527.5,527.3
Steel,528.6,527.6,527.4
Steel,528.6,527.6,527.5
Steel,528.6,527.6,527.6
Steel,528.6,527.7,527.7
Steel,528.7,527.7,527.7
Steel,557.6,556.2,556.3
Steel,557.0,555.5,555.5
Steel,556.5,555.1,555.2
Steel,556.3,554.7,554.9
Steel,556.1,554.4,554.7
Steel,555.8,554.1,554.4
Steel,555.5,553.8,554.2
Steel,555.1,553.5,553.9
Steel,554.6,553.0,553.3
Steel,553.7,552.3,552.5
Steel,552.6,551.1,551.4
Steel,551.6,550.3,550.4
Steel,550.8,549.5,549.6
Steel,550.0,548.8,548.8
Steel,549.3,548.0,547.9
Steel,548.6,547.5,547.3
Steel,548.0,546.9,546.8
Steel,547.5,546.3,546.2
Steel,546.9,545.7,545.7
Steel,546.3,545.2,545.1
Steel,545.7,544.4,544.5
Steel,545.1,543.8,543.9
Steel,544.3,543.1,543.3
Steel,543.8,542.6,542.8
Steel,543.2,542.0,542.2
Steel,542.7,541.5,541.6
Steel,541.9,540.8,540.9
Steel,541.1,539.9,540.1
Steel,540.5,539.3,539.5
Steel,539.9,538.6,538.9
Steel,539.5,538.3,538.6
Steel,539.0,537.8,538.1
Steel,538.5,537.4,537.7
Steel,538.2,537.0,537.3
Steel,537.8,536.7,537.0
Steel,537.4,536.2,536.6
Steel,537.0,535.8,536.2
Steel,536.4,535.3,535.7
Steel,535.7,534.5,534.9
Steel,535.0,533.9,534.4
Steel,534.2,533.0,533.5
Steel,533.7,532.4,532.9
Steel,533.1,531.7,532.3
Steel,532.3,530.8,531.6
Steel,531.2,529.9,530.6
Steel,530.5,529.1,529.9
Steel,530.1,528.7,529.5
Steel,529.5,528.0,528.8
Steel,528.7,527.2,528.0
Steel,528.2,526.8,527.7
Steel,528.2,526.7,527.7
Steel,527.8,526.4,527.4
Steel,527.6,526.2,527.1
Steel,527.5,526.1,527.0
Steel,527.3,526.1,526.8
Steel,527.2,525.7,526.5
Steel,526.8,525.5,526.0
Steel,526.9,525.4,525.9
Steel,526.9,525.5,525.9
Steel,526.8,525.3,525.7
Steel,526.5,525.0,525.4
Steel,526.3,524.8,525.2
Steel,526.1,524.4,524.7
Steel,525.4,524.1,524.2
Steel,525.0,523.7,523.8
Steel,524.8,523.6,523.9
Steel,524.7,523.3,523.6
Steel,523.9,522.5,522.8
Steel,523.0,521.6,521.9
Steel,522.3,521.2,521.4
Steel,522.2,520.9,521.2
Steel,522.2,521.0,521.3
Steel,522.3,521.0,521.6
Steel,522.7,521.3,522.0
Steel,523.3,521.8,522.6
Steel,523.9,522.4,523.2
Steel,524.4,523.0,523.8
Steel,525.1,523.7,524.5
Steel,526.0,524.5,525.3
Steel,526.6,525.0,525.9
Steel,527.1,525.7,526.6
Steel,527.8,526.4,527.2
Steel,528.3,527.0,527.7
Steel,528.8,527.6,528.2
Steel,529.5,528.2,528.8
Steel,530.1,528.8,529.4
Steel,530.7,529.4,529.9
Steel,531.4,530.0,530.4
Steel,531.9,530.5,530.9
Steel,532.4,531.1,531.5
Steel,533.0,531.6,531.9
Steel,533.3,532.0,532.3
Steel,533.6,532.4,532.6
Steel,534.0,532.7,533.0
Steel,534.3,533.2,533.3
Steel,534.6,533.5,533.6
Steel,535.0,533.9,534.0
Steel,535.2,534.4,534.4
Steel,535.5,534.7,534.6
Steel,535.8,534.9,534.8
Steel,520.7,519.5,519.3
Steel,520.5,519.3,519.1
Steel,520.2,519.3,518.9
Steel,520.2,519.3,518.9
Steel,520.1,519.3,519.0
Steel,520.0,519.0,518.9
Steel,519.8,519.0,518.8
Steel,519.9,519.2,518.9
Steel,519.8,519.1,518.6
Steel,519.4,518.6,518.2
Steel,518.6,517.8,517.4
Steel,517.6,516.9,516.3
Steel,516.7,515.9,515.5
Steel,515.7,515.0,514.5
Steel,515.0,514.4,513.7
Steel,514.1,513.6,512.8
Steel,513.1,512.4,511.7
Steel,511.7,511.1,510.4
Steel,510.7,510.2,509.5
Steel,509.8,509.3,508.6
Steel,508.9,508.2,507.6
Steel,507.9,507.2,506.6
Steel,506.9,506.1,505.7
Steel,505.9,505.1,504.8
Steel,505.1,504.3,504.0
Steel,504.6,503.8,503.5
Steel,504.1,503.2,502.9
Steel,503.1,502.2,501.8
Steel,502.0,501.1,500.6
Steel,501.0,500.2,499.7
Steel,500.0,499.0,498.6
Steel,499.0,498.0,497.6
Steel,498.1,497.1,496.8
Steel,496.8,495.7,495.3
Steel,495.4,494.2,493.8
Steel,494.0,492.9,492.4
Steel,492.8,491.8,491.2
Steel,491.5,490.6,490.0
Steel,490.6,489.6,489.0
Steel,489.6,488.7,488.1
Steel,488.8,487.8,487.2
Steel,487.8,486.7,486.1
Steel,486.7,485.7,485.1
Steel,485.7,484.7,484.1
Steel,484.7,483.7,483.1
Steel,483.8,482.9,482.1
Steel,482.7,481.8,481.1
Steel,481.7,480.9,480.3
Steel,480.8,480.0,479.4
Steel,480.0,479.1,478.5
Steel,479.0,478.1,477.6
Steel,478.1,477.2,476.6
Steel,477.2,476.3,475.7
Steel,476.2,475.3,474.7
Steel,475.3,474.5,473.8
Steel,474.4,473.6,473.0
Steel,473.4,472.8,472.1
Steel,472.6,471.9,471.3
Steel,471.7,471.2,470.5
Steel,471.0,470.4,469.8
Steel,470.4,469.7,469.1
Steel,469.6,468.9,468.3
Steel,469.0,468.1,467.5
Steel,468.1,467.3,466.6
Steel,467.4,466.6,465.8
Steel,466.8,465.9,465.2
Steel,466.3,465.4,464.7
Steel,465.9,464.9,464.4
Steel,465.5,464.6,464.2
Steel,465.2,464.0,463.7
Steel,464.6,463.5,463.2
Steel,464.5,463.3,463.2
Steel,464.2,463.0,462.9
Steel,464.0,462.7,462.7
Steel,463.8,462.6,462.5
Steel,463.8,462.4,462.4
Steel,463.8,462.5,462.3
Steel,463.8,462.5,462.4
Steel,463.9,462.5,462.5
Steel,464.0,462.8,462.8
Steel,464.2,463.0,462.9
Steel,464.3,463.2,463.2
Steel,464.5,463.5,463.3
Steel,464.6,463.8,463.4
Steel,464.8,464.0,463.7
Steel,465.0,464.2,464.0
Steel,465.2,464.4,464.2
Steel,465.4,464.7,464.3
Steel,465.6,464.9,464.5
Steel,465.9,465.1,464.8
Steel,466.0,465.3,464.9
Steel,466.1,465.3,465.0
Steel,466.3,465.5,465.2
Steel,466.4,465.5,465.2
Steel,466.3,465.4,465.1
Steel,466.2,465.3,464.9
Steel,466.1,465.2,464.8
Steel,466.1,465.2,464.8
Steel,466.0,465.1,464.7
Steel,466.0,465.0,464.7
Steel,519.3,517.9,518.1
Steel,518.3,517.1,517.3
Steel,517.4,516.3,516.4
Steel,516.8,515.6,515.8
Steel,516.2,514.9,515.2
Steel,515.6,514.4,514.5
Steel,515.1,514.0,514.1
Steel,514.4,513.3,513.4
Steel,513.8,512.6,512.8
Steel,513.1,511.8,512.2
Steel,512.8,511.6,512.0
Steel,512.7,511.5,512.0
Steel,512.3,511.1,511.6
Steel,511.6,510.4,510.8
Steel,510.7,509.6,510.1
Steel,509.9,508.8,509.2
Steel,508.8,507.8,508.1
Steel,507.6,506.6,506.8
Steel,506.4,505.4,505.6
Steel,505.3,504.3,504.6
Steel,504.3,503.4,503.5
Steel,503.4,502.4,502.5
Steel,502.7,501.7,501.8
Steel,501.7,500.9,501.0
Steel,501.0,500.1,500.4
Steel,500.6,499.7,499.9
Steel,500.3,499.3,499.6
Steel,499.7,498.9,499.1
Steel,499.3,498.3,498.6
Steel,498.9,497.8,498.2
Steel,497.6,496.3,496.7
Steel,495.8,494.5,494.9
Steel,494.3,493.1,493.4
Steel,492.7,491.7,491.9
Steel,491.4,490.5,490.5
Steel,490.0,489.1,489.1
Steel,488.7,487.9,487.8
Steel,487.4,486.6,486.4
Steel,486.1,485.4,485.1
Steel,484.9,484.2,483.8
Steel,483.8,483.0,482.7
Steel,482.7,481.9,481.6
Steel,481.6,480.8,480.6
Steel,480.5,479.8,479.5
Steel,479.6,478.9,478.7
Steel,478.7,478.0,477.8
Steel,477.7,477.1,476.9
Steel,476.9,476.2,476.0
Steel,476.2,475.5,475.3
Steel,475.5,474.8,474.6
Steel,474.8,474.1,473.8
Steel,474.0,473.4,473.1
Steel,473.4,472.8,472.5
Steel,473.0,472.3,472.0
Steel,472.5,471.8,471.5
Steel,472.0,471.3,471.0
Steel,471.6,470.9,470.5
Steel,471.3,470.5,470.1
Steel,470.9,470.1,469.7
Steel,470.5,469.8,469.4
Steel,470.2,469.3,469.0
Steel,469.9,469.0,468.6
Steel,469.5,468.7,468.4
Steel,469.3,468.5,468.3
Steel,469.0,468.3,468.0
Steel,468.7,468.1,467.7
Steel,468.4,467.9,467.4
Steel,468.2,467.7,467.3
Steel,468.1,467.5,467.1
Steel,468.0,467.4,467.0
Steel,467.8,467.2,466.9
Steel,467.6,467.1,466.8
Steel,467.5,466.9,466.6
Steel,467.2,466.7,466.5
Steel,467.0,466.6,466.4
Steel,467.0,466.7,466.4
Steel,467.0,466.7,466.4
Steel,467.0,466.7,466.4
Steel,467.5,467.1,466.8
Steel,468.0,467.5,467.3
Steel,468.2,467.9,467.6
Steel,468.2,467.8,467.6
Steel,468.1,467.7,467.5
Steel,468.0,467.5,467.4
Steel,467.9,467.4,467.3
Steel,467.6,467.1,467.0
Steel,467.3,466.6,466.6
Steel,467.1,466.5,466.5
Steel,467.0,466.5,466.4
Steel,467.0,466.4,466.3
Steel,467.1,466.5,466.5
Steel,467.3,466.7,466.6
Steel,467.4,466.7,466.6
Steel,467.3,466.7,466.6
Steel,467.3,466.7,466.6
Steel,467.3,466.6,466.5
Steel,467.2,466.5,466.4
Steel,467.2,466.5,466.3
Steel,467.4,466.5,466.5
Steel,467.6,466.7,466.5
Steel,531.3,530.5,531.2
Steel,532.1,531.5,532.1
Steel,533.0,532.3,532.9
Steel,533.8,533.1,533.6
Steel,534.6,533.8,534.3
Steel,535.2,534.5,534.9
Steel,535.9,535.3,535.6
Steel,536.6,535.9,536.3
Steel,537.2,536.6,536.8
Steel,537.9,537.3,537.5
Steel,538.3,537.9,538.0
Steel,539.0,538.4,538.5
Steel,539.5,539.0,539.1
Steel,540.1,539.5,539.6
Steel,540.5,539.9,540.0
Steel,540.9,540.2,540.3
Steel,541.1,540.5,540.5
Steel,541.2,540.6,540.6
Steel,538.4,537.8,537.9
Steel,535.8,535.0,535.1
Steel,533.3,532.5,532.6
Steel,531.0,530.2,530.2
Steel,529.1,528.2,528.3
Steel,528.9,528.2,528.3
Steel,528.7,528.1,528.2
Steel,529.0,528.4,528.4
Steel,528.8,528.0,528.3
Steel,527.9,526.9,527.0
Steel,526.4,525.4,525.4
Steel,524.6,523.7,523.7
Steel,523.2,522.3,522.5
Steel,523.0,522.3,522.2
Steel,522.4,521.5,521.5
Steel,521.9,521.0,521.1
Steel,521.4,520.4,520.5
Steel,520.1,519.1,519.3
Steel,518.7,517.6,517.8
Steel,517.3,516.2,516.2
Steel,516.1,515.2,515.2
Steel,515.1,514.1,514.1
Steel,514.0,513.1,513.1
Steel,512.8,512.1,512.1
Steel,511.5,510.8,510.7
Steel,510.0,509.3,509.2
Steel,508.5,507.7,507.6
Steel,507.3,506.5,506.6
Steel,506.2,505.3,505.4
Steel,505.4,504.7,504.9
Steel,505.1,504.4,504.7
Steel,504.9,504.3,504.6
Steel,505.6,505.1,505.3
Steel,506.8,506.2,506.4
Steel,507.8,507.3,507.0
Steel,508.2,508.1,507.2
Steel,509.6,509.6,508.8
Steel,510.9,510.8,509.9
Steel,511.8,511.7,510.8
Steel,511.0,510.9,510.1
Steel,510.0,510.1,509.3
Steel,508.6,508.5,507.7
Steel,507.1,507.1,506.2
Steel,506.2,506.1,505.1
Steel,505.0,504.8,503.8
Steel,503.8,503.7,502.6
Steel,502.6,502.4,501.5
Steel,501.5,501.4,500.5
Steel,500.4,500.3,499.5
Steel,499.5,499.2,498.5
Steel,498.6,498.2,497.7
Steel,497.7,497.3,496.7
Steel,497.0,496.4,496.0
Steel,496.3,495.6,495.2
Steel,495.3,494.7,494.5
Steel,494.5,494.2,493.9
Steel,493.6,493.5,493.1
Steel,493.0,492.9,492.6
Steel,492.4,492.3,491.9
Steel,491.9,491.7,491.5
Steel,491.5,491.3,491.0
Steel,491.0,490.6,490.6
Steel,490.4,490.1,490.1
Steel,489.9,489.8,489.6
Steel,489.6,489.3,489.1
Steel,489.2,488.9,488.7
Steel,488.9,488.5,488.3
Steel,488.6,488.2,487.9
Steel,488.2,487.8,487.5
Steel,487.9,487.4,487.0
Steel,487.4,487.0,486.6
Steel,487.1,486.7,486.3
Steel,486.6,486.3,485.9
Steel,486.4,486.1,485.7
Steel,486.1,485.8,485.4
Steel,485.8,485.5,485.3
Steel,485.6,485.5,485.2
Steel,485.5,485.4,485.2
Steel,485.6,485.3,485.1
Steel,485.4,485.0,484.9
Steel,485.1,484.9,484.8
Steel,485.1,485.0,484.6
Steel,483.4,482.2,482.3
Steel,483.4,482.2,482.3
Steel,483.4,482.2,482.2
Steel,483.5,482.2,482.1
Steel,483.5,482.2,482.2
Steel,483.5,482.2,482.1
Steel,483.5,482.2,482.0
Steel,483.4,482.1,482.0
Steel,483.3,482.0,481.9
Steel,483.2,482.1,481.8
Steel,483.2,482.1,481.7
Steel,483.1,482.0,481.6
Steel,483.1,481.9,481.5
Steel,483.0,481.8,481.5
Steel,482.9,481.7,481.4
Steel,482.8,481.6,481.4
Steel,482.6,481.5,481.2
Steel,482.6,481.5,481.2
Steel,482.6,481.6,481.4
Steel,483.1,482.1,481.9
Steel,483.6,482.4,482.5
Steel,483.6,482.4,482.3
Steel,483.4,482.3,482.3
Steel,483.3,482.2,482.2
Steel,483.2,482.1,482.2
Steel,483.5,482.4,482.5
Steel,483.5,482.4,482.5
Steel,483.5,482.3,482.4
Steel,483.4,482.2,482.5
Steel,483.4,482.1,482.4
Steel,483.3,482.2,482.5
Steel,483.3,482.2,482.5
Steel,483.2,482.1,482.4
Steel,483.1,482.0,482.4
Steel,483.2,481.8,482.3
Steel,483.2,481.8,482.2
Steel,483.0,481.7,482.1
Steel,483.0,481.7,482.1
Steel,482.9,481.7,482.0
Steel,482.8,481.5,481.8
Steel,482.7,481.4,481.8
Steel,483.0,481.8,482.1
Steel,482.9,481.8,482.1
Steel,482.8,481.8,482.0
Steel,482.7,481.8,482.0
Steel,482.7,481.8,482.0
Steel,482.6,481.7,481.9
Steel,482.7,481.7,481.9
Steel,482.6,481.5,481.7
Steel,482.4,481.4,481.6
Steel,482.4,481.4,481.5
Steel,482.3,481.4,481.5
Steel,482.4,481.5,481.6
Steel,482.5,481.5,481.7
Steel,482.5,481.4,481.7
Steel,482.4,481.5,481.6
Steel,482.4,481.5,481.6
Steel,482.4,481.4,481.8
Steel,482.4,481.4,481.8
Steel,482.4,481.4,481.8
Steel,482.4,481.5,481.7
Steel,482.4,481.4,481.8
Steel,482.4,481.4,481.7
Steel,482.4,481.3,481.7
Steel,482.4,481.2,481.7
Steel,482.4,481.2,481.7
Steel,482.3,481.2,481.6
Steel,482.2,481.2,481.6
Steel,482.2,481.1,481.5
Steel,482.2,481.1,481.4
Steel,482.2,481.1,481.5
Steel,482.1,481.1,481.4
Steel,482.1,481.1,481.3
Steel,482.1,481.2,481.3
Steel,482.0,481.1,481.2
Steel,482.1,481.2,481.2
Steel,482.1,481.2,481.3
Steel,482.1,481.1,481.3
Steel,481.9,481.1,481.2
Steel,481.9,481.2,481.1
Steel,481.9,481.1,481.2
Steel,481.9,481.0,481.2
Steel,481.9,481.0,481.1
Steel,482.0,481.0,481.0
Steel,481.9,481.0,481.0
Steel,481.9,481.0,481.0
Steel,481.8,480.9,480.9
Steel,481.8,480.8,480.9
Steel,481.8,480.9,480.9
Steel,481.8,480.8,480.8
Steel,481.7,480.7,480.6
Steel,481.8,480.7,480.6
Steel,482.0,480.8,480.6
Steel,482.0,480.9,480.7
Steel,481.9,481.0,480.7
Steel,481.9,481.0,480.7
Steel,481.9,481.0,480.9
Steel,482.0,480.9,480.8
Steel,482.0,480.8,480.7
Steel,482.0,480.9,480.7
Steel,485.0,483.9,483.8
Steel,485.0,483.9,483.7
Steel,484.9,483.9,483.6
Steel,484.8,483.8,483.6
Steel,484.7,483.7,483.6
Steel,484.7,483.6,483.5
Steel,484.8,483.6,483.4
Steel,484.7,483.6,483.5
Steel,484.6,483.5,483.5
Steel,484.5,483.3,483.5
Steel,484.3,483.2,483.5
Steel,484.4,483.2,483.5
Steel,484.2,483.1,483.4
Steel,484.0,483.0,483.3
Steel,484.0,482.9,483.2
Steel,484.0,482.8,483.0
Steel,483.8,482.8,482.8
Steel,483.8,482.8,482.9
Steel,483.8,482.7,482.8
Steel,483.7,482.7,482.8
Steel,483.5,482.6,482.8
Steel,483.4,482.5,482.5
Steel,483.4,482.4,482.5
Steel,483.2,482.3,482.4
Steel,483.0,482.1,482.2
Steel,483.0,482.0,482.0
Steel,483.0,482.1,482.0
Steel,482.8,482.0,482.0
Steel,482.9,482.1,482.1
Steel,483.1,482.3,482.4
Steel,483.1,482.2,482.3
Steel,483.2,482.1,482.3
Steel,483.3,482.2,482.2
Steel,483.2,482.3,482.2
Steel,483.1,482.4,482.4
Steel,483.4,482.8,482.7
Steel,483.7,483.2,483.0
Steel,483.9,483.4,483.3
Steel,484.2,483.6,483.5
Steel,484.4,483.7,483.6
Steel,484.6,483.9,483.9
Steel,484.8,484.2,484.0
Steel,485.2,484.5,484.3
Steel,485.5,484.8,484.5
Steel,485.8,485.1,484.8
Steel,486.1,485.5,485.3
Steel,486.5,485.8,485.6
Steel,487.0,486.3,486.1
Steel,487.3,486.5,486.3
Steel,487.5,486.7,486.5
Steel,487.4,486.7,486.6
Steel,487.5,486.7,486.6
Steel,487.3,486.4,486.4
Steel,487.2,486.2,486.3
Steel,487.0,486.0,486.1
Steel,486.8,485.9,485.9
Steel,486.5,485.7,485.7
Steel,486.4,485.6,485.6
Steel,486.5,485.7,485.6
Steel,486.9,486.0,486.0
Steel,487.9,487.0,487.3
Steel,489.5,488.6,488.9
Steel,490.7,489.7,490.0
Steel,491.3,490.3,490.6
Steel,491.9,491.0,491.2
Steel,492.7,491.7,491.9
Steel,493.5,492.6,492.7
Steel,494.3,493.4,493.4
Steel,494.8,493.9,493.8
Steel,495.1,494.1,494.0
Steel,495.4,494.4,494.4
Steel,495.7,494.6,494.6
Steel,495.9,494.7,494.8
Steel,496.0,494.8,494.9
Steel,496.0,494.9,494.9
Steel,496.1,495.1,495.1
Steel,496.1,495.1,495.1
Steel,495.8,494.8,494.9
Steel,495.7,494.8,494.9
Steel,495.6,494.7,494.9
Steel,495.5,494.5,494.6
Steel,495.1,494.2,494.3
Steel,494.7,494.0,494.0
Steel,494.3,493.6,493.6
Steel,493.7,493.1,493.0
Steel,493.6,493.0,492.9
Steel,493.5,492.8,492.7
Steel,493.3,492.6,492.3
Steel,492.9,492.2,491.8
Steel,492.3,491.7,491.3
Steel,491.8,491.2,490.8
Steel,491.4,490.7,490.4
Steel,491.0,490.3,490.0
Steel,490.6,489.9,489.6
Steel,490.3,489.5,489.2
Steel,490.1,489.1,488.9
Steel,490.0,489.0,488.9
Steel,489.7,488.7,488.4
Steel,489.3,488.4,488.1
Steel,489.0,488.1,487.8
NonMetal,665.7,664.8,665.0
NonMetal,665.7,664.9,665.1
NonMetal,665.7,664.9,665.0
NonMetal,665.7,664.9,665.0
NonMetal,665.8,664.9,664.9
NonMetal,665.8,664.9,665.0
NonMetal,665.8,664.8,665.0
NonMetal,665.7,664.9,665.1
NonMetal,665.7,664.9,665.1
NonMetal,665.7,664.9,665.1
NonMetal,665.6,664.9,665.1
NonMetal,665.6,664.9,665.1
NonMetal,665.6,664.9,665.2
NonMetal,665.7,665.0,665.2
NonMetal,665.6,665.0,665.2
NonMetal,665.7,665.0,665.2
NonMetal,665.7,665.0,665.2
NonMetal,665.6,665.0,665.2
NonMetal,665.6,664.9,665.3
NonMetal,665.6,664.9,665.2
NonMetal,665.6,664.9,665.2
NonMetal,665.6,664.9,665.2
NonMetal,665.6,664.9,665.1
NonMetal,665.6,664.9,665.1
NonMetal,665.6,664.9,665.1
NonMetal,665.6,664.9,665.1
NonMetal,665.6,664.9,665.2
NonMetal,665.6,664.9,665.1
NonMetal,665.5,664.8,665.2
NonMetal,665.4,664.9,665.2
NonMetal,665.5,664.9,665.2
NonMetal,665.4,664.9,665.2
NonMetal,665.4,664.9,665.2
NonMetal,665.4,664.9,665.2
NonMetal,665.3,664.9,665.2
NonMetal,665.4,664.8,665.2
NonMetal,665.4,664.8,665.3
NonMetal,665.4,664.8,665.2
NonMetal,665.4,664.8,665.2
NonMetal,665.4,664.8,665.1
NonMetal,665.3,664.8,665.1
NonMetal,665.3,664.7,665.1
NonMetal,665.3,664.7,665.1
NonMetal,665.2,664.7,665.1
NonMetal,665.2,664.7,665.0
NonMetal,665.2,664.6,665.0
NonMetal,665.3,664.6,665.1
NonMetal,665.3,664.6,665.1
NonMetal,665.3,664.6,665.1
NonMetal,665.3,664.6,665.0
NonMetal,665.4,664.6,665.1
NonMetal,665.3,664.6,665.1
NonMetal,665.3,664.6,665.1
NonMetal,665.3,664.6,665.1
NonMetal,665.3,664.7,665.2
NonMetal,665.3,664.7,665.2
NonMetal,665.4,664.7,665.2
NonMetal,665.4,664.8,665.2
NonMetal,665.5,664.8,665.3
NonMetal,665.4,664.8,665.3
NonMetal,665.4,664.8,665.3
NonMetal,665.4,664.9,665.3
NonMetal,665.4,664.9,665.2
NonMetal,665.4,664.9,665.3
NonMetal,665.4,665.0,665.2
NonMetal,665.4,664.9,665.2
NonMetal,665.4,664.9,665.2
NonMetal,665.4,664.9,665.3
NonMetal,665.4,664.9,665.2
NonMetal,665.4,664.8,665.2
NonMetal,665.3,664.8,665.1
NonMetal,665.3,664.9,665.2
NonMetal,665.4,664.9,665.1
NonMetal,665.5,664.9,665.1
NonMetal,665.5,664.9,665.1
NonMetal,665.4,665.0,665.1
NonMetal,665.5,665.0,665.1
NonMetal,665.5,664.9,665.1
NonMetal,665.5,664.9,665.1
NonMetal,665.5,665.0,665.1
NonMetal,665.5,664.9,665.2
NonMetal,665.5,664.9,665.2
NonMetal,665.5,664.9,665.2
NonMetal,665.4,664.8,665.1
NonMetal,665.4,664.9,665.1
NonMetal,665.5,664.9,665.1
NonMetal,665.5,664.9,665.2
NonMetal,665.5,664.9,665.1
NonMetal,665.5,664.9,665.1
NonMetal,665.4,665.0,665.1
NonMetal,665.4,665.0,665.1
NonMetal,665.4,664.9,665.1
NonMetal,665.4,664.9,665.1
NonMetal,665.4,664.9,665.1
NonMetal,665.4,664.8,665.1
NonMetal,665.4,664.8,665.2
NonMetal,665.4,664.8,665.2
NonMetal,665.4,664.8,665.2
NonMetal,665.4,664.9,665.2
NonMetal,665.4,664.9,665.2
NonMetal,665.0,664.4,664.7
NonMetal,665.0,664.4,664.7
NonMetal,665.0,664.4,664.8
NonMetal,665.0,664.4,664.8
NonMetal,665.0,664.4,664.8
NonMetal,665.0,664.4,664.8
NonMetal,665.0,664.4,664.8
NonMetal,665.0,664.5,664.9
NonMetal,665.0,664.4,664.9
NonMetal,665.0,664.5,664.9
NonMetal,665.0,664.5,664.9
NonMetal,665.0,664.5,664.9
NonMetal,665.0,664.5,664.8
NonMetal,665.0,664.5,664.9
NonMetal,665.0,664.5,664.8
NonMetal,665.0,664.5,664.8
NonMetal,665.1,664.5,664.7
NonMetal,665.1,664.5,664.7
NonMetal,665.0,664.5,664.7
NonMetal,665.1,664.5,664.7
NonMetal,665.0,664.5,664.7
NonMetal,665.0,664.5,664.8
NonMetal,665.1,664.6,664.8
NonMetal,665.0,664.6,664.8
NonMetal,665.0,664.6,664.8
NonMetal,665.0,664.6,664.7
NonMetal,665.0,664.6,664.8
NonMetal,665.0,664.6,664.8
NonMetal,665.0,664.6,664.8
NonMetal,665.0,664.7,664.8
NonMetal,665.1,664.7,664.8
NonMetal,665.1,664.7,664.8
NonMetal,665.2,664.7,664.8
NonMetal,665.2,664.7,664.8
NonMetal,665.2,664.8,664.7
NonMetal,665.2,664.8,664.8
NonMetal,665.2,664.9,664.9
NonMetal,665.2,664.9,664.9
NonMetal,665.2,664.9,664.9
NonMetal,665.2,664.9,664.9
NonMetal,665.3,664.9,665.0
NonMetal,665.2,664.9,665.0
NonMetal,665.2,664.9,665.0
NonMetal,665.3,664.8,665.0
NonMetal,665.3,664.8,665.0
NonMetal,665.3,664.8,665.0
NonMetal,665.3,664.8,665.1
NonMetal,665.2,664.8,665.2
NonMetal,665.3,664.8,665.3
NonMetal,665.3,664.8,665.3
NonMetal,665.3,664.8,665.3
NonMetal,665.3,664.8,665.3
NonMetal,665.3,664.8,665.3
NonMetal,665.3,664.8,665.3
NonMetal,665.3,664.7,665.3
NonMetal,665.4,664.8,665.3
NonMetal,665.4,664.8,665.2
NonMetal,665.4,664.8,665.3
NonMetal,665.4,664.8,665.3
NonMetal,665.4,664.8,665.3
NonMetal,665.4,664.9,665.3
NonMetal,665.4,664.9,665.4
NonMetal,665.4,664.9,665.4
NonMetal,665.4,664.9,665.3
NonMetal,665.4,664.9,665.2
NonMetal,665.4,664.9,665.2
NonMetal,665.4,664.9,665.2
NonMetal,665.4,664.9,665.2
NonMetal,665.4,664.9,665.2
NonMetal,665.4,664.9,665.2
NonMetal,665.4,664.9,665.2
NonMetal,665.4,664.9,665.2
NonMetal,665.4,664.9,665.2
NonMetal,665.4,665.0,665.2
NonMetal,665.4,665.0,665.2
NonMetal,665.4,665.1,665.3
NonMetal,665.4,665.1,665.3
NonMetal,665.4,665.1,665.3
NonMetal,665.4,665.0,665.2
NonMetal,665.5,665.1,665.3
NonMetal,665.5,665.1,665.3
NonMetal,665.6,665.0,665.4
NonMetal,665.6,665.0,665.4
NonMetal,665.6,665.0,665.4
NonMetal,665.6,665.0,665.5
NonMetal,665.5,665.0,665.4
NonMetal,665.5,665.0,665.4
NonMetal,665.5,665.0,665.5
NonMetal,665.5,665.0,665.4
NonMetal,665.5,665.0,665.4
NonMetal,665.6,665.0,665.4
NonMetal,665.6,665.0,665.3
NonMetal,665.6,665.0,665.3
NonMetal,665.6,665.0,665.3
NonMetal,665.6,665.0,665.3
NonMetal,665.6,665.1,665.3
NonMetal,665.6,665.1,665.3
NonMetal,665.5,665.1,665.4
NonMetal,665.5,665.1,665.4
NonMetal,665.5,665.1,665.4
NonMetal,665.8,665.1,665.3
NonMetal,665.7,665.1,665.3
NonMetal,665.7,665.1,665.2
NonMetal,665.7,665.1,665.3
NonMetal,665.7,665.1,665.2
NonMetal,665.7,665.2,665.3
NonMetal,665.7,665.2,665.3
NonMetal,665.7,665.2,665.4
NonMetal,665.7,665.2,665.4
NonMetal,665.6,665.2,665.4
NonMetal,665.5,665.1,665.4
NonMetal,665.5,665.1,665.4
NonMetal,665.6,665.1,665.4
NonMetal,665.6,665.1,665.4
NonMetal,665.6,665.1,665.4
NonMetal,665.5,665.1,665.4
NonMetal,665.6,665.1,665.4
NonMetal,665.6,665.1,665.4
NonMetal,665.6,665.2,665.4
NonMetal,665.6,665.2,665.4
NonMetal,665.6,665.2,665.4
NonMetal,665.6,665.2,665.4
NonMetal,665.5,665.2,665.4
NonMetal,665.6,665.3,665.4
NonMetal,665.6,665.3,665.4
NonMetal,665.6,665.2,665.4
NonMetal,665.6,665.2,665.4
NonMetal,665.6,665.2,665.4
NonMetal,665.6,665.2,665.5
NonMetal,665.6,665.2,665.5
NonMetal,665.6,665.2,665.4
NonMetal,665.7,665.3,665.4
NonMetal,665.7,665.3,665.4
NonMetal,665.7,665.3,665.4
NonMetal,665.7,665.3,665.4
NonMetal,665.7,665.3,665.5
NonMetal,665.6,665.3,665.4
NonMetal,665.6,665.2,665.4
NonMetal,665.6,665.2,665.4
NonMetal,665.6,665.1,665.4
NonMetal,665.6,665.1,665.5
NonMetal,665.6,665.1,665.5
NonMetal,665.6,665.1,665.4
NonMetal,665.6,665.1,665.4
NonMetal,665.6,665.1,665.4
NonMetal,665.6,665.1,665.5
NonMetal,665.6,665.1,665.4
NonMetal,665.6,665.2,665.4
NonMetal,665.5,665.1,665.4
NonMetal,665.5,665.2,665.4
NonMetal,665.5,665.2,665.4
NonMetal,665.5,665.2,665.4
NonMetal,665.5,665.2,665.4
NonMetal,665.5,665.2,665.3
NonMetal,665.5,665.2,665.3
NonMetal,665.6,665.2,665.3
NonMetal,665.6,665.3,665.4
NonMetal,665.6,665.3,665.4
NonMetal,665.6,665.2,665.4
NonMetal,665.6,665.2,665.4
NonMetal,665.6,665.2,665.5
NonMetal,665.6,665.1,665.5
NonMetal,665.6,665.2,665.5
NonMetal,665.6,665.2,665.6
NonMetal,665.6,665.2,665.5
NonMetal,665.6,665.1,665.6
NonMetal,665.6,665.2,665.6
NonMetal,665.6,665.2,665.6
NonMetal,665.6,665.2,665.6
NonMetal,665.6,665.3,665.6
NonMetal,665.6,665.3,665.7
NonMetal,665.6,665.3,665.7
NonMetal,665.6,665.3,665.7
NonMetal,665.6,665.3,665.7
NonMetal,665.6,665.2,665.7
NonMetal,665.7,665.2,665.7
NonMetal,665.6,665.2,665.8
NonMetal,665.7,665.2,665.7
NonMetal,665.6,665.2,665.6
NonMetal,665.7,665.2,665.7
NonMetal,665.6,665.2,665.7
NonMetal,665.7,665.2,665.6
NonMetal,665.7,665.1,665.6
NonMetal,665.7,665.2,665.6
NonMetal,665.6,665.2,665.6
NonMetal,665.6,665.2,665.6
NonMetal,665.6,665.1,665.6
NonMetal,665.7,665.2,665.6
NonMetal,665.6,665.2,665.6
NonMetal,665.6,665.2,665.6
NonMetal,665.6,665.2,665.6
NonMetal,665.7,665.2,665.7
NonMetal,665.6,665.1,665.7
NonMetal,665.7,665.2,665.7
NonMetal,665.7,665.2,665.7
NonMetal,665.7,665.2,665.7
NonMetal,665.7,665.1,665.7
NonMetal,665.7,665.1,665.7
NonMetal,665.7,665.1,665.7
NonMetal,665.9,665.2,665.7
NonMetal,669.6,669.3,669.2
NonMetal,669.6,669.3,669.2
NonMetal,669.5,669.3,669.3
NonMetal,669.6,669.3,669.3
NonMetal,669.6,669.2,669.2
NonMetal,669.5,669.3,669.3
NonMetal,669.6,669.3,669.2
NonMetal,669.5,669.2,669.2
NonMetal,669.5,669.2,669.3
NonMetal,669.5,669.2,669.3
NonMetal,669.6,669.3,669.3
NonMetal,669.6,669.3,669.3
NonMetal,669.6,669.3,669.3
NonMetal,669.7,669.3,669.4
NonMetal,669.7,669.2,669.4
NonMetal,669.7,669.3,669.4
NonMetal,669.7,669.3,669.4
NonMetal,669.7,669.3,669.4
NonMetal,669.7,669.3,669.4
NonMetal,669.7,669.3,669.5
NonMetal,669.7,669.3,669.4
NonMetal,669.6,669.3,669.4
NonMetal,669.7,669.2,669.4
NonMetal,669.8,669.2,669.4
NonMetal,669.7,669.2,669.4
NonMetal,669.7,669.2,669.4
NonMetal,669.7,669.2,669.4
NonMetal,669.7,669.2,669.4
NonMetal,669.7,669.2,669.4
NonMetal,669.8,669.2,669.4
NonMetal,669.8,669.2,669.5
NonMetal,669.8,669.2,669.5
NonMetal,669.7,669.2,669.5
NonMetal,669.7,669.2,669.4
NonMetal,669.7,669.2,669.4
NonMetal,669.6,669.2,669.5
NonMetal,669.6,669.2,669.5
NonMetal,669.6,669.2,669.5
NonMetal,669.6,669.2,669.5
NonMetal,669.6,669.2,669.5
NonMetal,669.6,669.2,669.5
NonMetal,669.6,669.3,669.5
NonMetal,669.6,669.3,669.5
NonMetal,669.6,669.3,669.5
NonMetal,669.6,669.3,669.5
NonMetal,669.5,669.3,669.5
NonMetal,669.5,669.3,669.5
NonMetal,669.5,669.3,669.5
NonMetal,669.5,669.3,669.5
NonMetal,669.5,669.2,669.5
NonMetal,669.5,669.3,669.5
NonMetal,669.5,669.3,669.5
NonMetal,669.5,669.3,669.5
NonMetal,669.5,669.2,669.6
NonMetal,669.5,669.2,669.6
NonMetal,669.4,669.2,669.6
NonMetal,669.5,669.2,669.6
NonMetal,669.5,669.2,669.7
NonMetal,669.5,669.1,669.6
NonMetal,669.5,669.1,669.6
NonMetal,669.5,669.1,669.6
NonMetal,669.6,669.1,669.6
NonMetal,669.6,669.1,669.6
NonMetal,669.6,669.1,669.5
NonMetal,669.6,669.0,669.5
NonMetal,669.6,669.1,669.5
NonMetal,669.5,669.0,669.4
NonMetal,669.5,669.0,669.4
NonMetal,669.5,669.0,669.4
NonMetal,669.5,669.0,669.4
NonMetal,669.5,669.0,669.4
NonMetal,669.5,669.0,669.4
NonMetal,669.5,668.9,669.4
NonMetal,669.5,668.9,669.4
NonMetal,669.4,668.9,669.3
NonMetal,669.4,668.9,669.3
NonMetal,669.4,668.8,669.4
NonMetal,669.4,668.8,669.3
NonMetal,669.4,668.8,669.3
NonMetal,669.5,668.8,669.3
NonMetal,669.4,668.8,669.3
NonMetal,669.4,668.8,669.4
NonMetal,669.5,668.8,669.3
NonMetal,669.4,668.8,669.3
NonMetal,669.4,668.7,669.3
NonMetal,669.3,668.8,669.3
NonMetal,669.4,668.8,669.3
NonMetal,669.4,668.8,669.3
NonMetal,669.4,668.8,669.3
NonMetal,669.3,668.9,669.3
NonMetal,669.3,668.8,669.3
NonMetal,669.3,668.9,669.4
NonMetal,669.3,668.9,669.4
NonMetal,669.3,668.9,669.4
NonMetal,669.3,668.9,669.3
NonMetal,669.3,669.0,669.3
NonMetal,669.2,669.0,669.3
NonMetal,669.2,669.0,669.2
NonMetal,669.2,669.0,669.3
NonMetal,669.2,669.0,669.3
NonMetal,668.9,668.4,668.6
NonMetal,668.9,668.4,668.6
NonMetal,668.8,668.4,668.6
NonMetal,668.9,668.4,668.6
NonMetal,668.8,668.4,668.6
NonMetal,668.8,668.4,668.5
NonMetal,668.8,668.4,668.5
NonMetal,668.9,668.4,668.5
NonMetal,668.9,668.5,668.5
NonMetal,668.9,668.5,668.6
NonMetal,668.9,668.5,668.6
NonMetal,668.9,668.4,668.6
NonMetal,668.9,668.4,668.5
NonMetal,668.9,668.4,668.6
NonMetal,668.9,668.4,668.6
NonMetal,668.8,668.4,668.6
NonMetal,668.8,668.4,668.6
NonMetal,668.8,668.4,668.6
NonMetal,668.8,668.4,668.6
NonMetal,668.8,668.3,668.6
NonMetal,668.8,668.4,668.6
NonMetal,668.8,668.4,668.5
NonMetal,668.8,668.4,668.6
NonMetal,668.8,668.4,668.6
NonMetal,668.8,668.4,668.6
NonMetal,668.7,668.4,668.6
NonMetal,668.7,668.4,668.5
NonMetal,668.7,668.3,668.5
NonMetal,668.7,668.3,668.6
NonMetal,668.6,668.3,668.5
NonMetal,668.7,668.4,668.5
NonMetal,668.7,668.4,668.5
NonMetal,668.6,668.4,668.5
NonMetal,668.7,668.4,668.5
NonMetal,668.7,668.4,668.4
NonMetal,668.6,668.4,668.4
NonMetal,668.6,668.4,668.5
NonMetal,668.7,668.4,668.5
NonMetal,668.7,668.4,668.5
NonMetal,668.7,668.5,668.5
NonMetal,668.7,668.4,668.5
NonMetal,668.7,668.4,668.6
NonMetal,668.6,668.4,668.6
NonMetal,668.6,668.4,668.6
NonMetal,668.6,668.3,668.6
NonMetal,668.6,668.4,668.6
NonMetal,668.6,668.3,668.6
NonMetal,668.6,668.3,668.6
NonMetal,668.6,668.3,668.6
NonMetal,668.6,668.3,668.6
NonMetal,668.6,668.3,668.6
NonMetal,668.6,668.3,668.5
NonMetal,668.6,668.3,668.6
NonMetal,668.6,668.3,668.6
NonMetal,668.6,668.3,668.6
NonMetal,668.6,668.4,668.6
NonMetal,668.6,668.4,668.6
NonMetal,668.6,668.3,668.6
NonMetal,668.6,668.3,668.6
NonMetal,668.5,668.3,668.6
NonMetal,668.5,668.3,668.6
NonMetal,668.5,668.3,668.6
NonMetal,668.5,668.3,668.6
NonMetal,668.5,668.4,668.6
NonMetal,668.5,668.4,668.6
NonMetal,668.6,668.4,668.6
NonMetal,668.6,668.4,668.6
NonMetal,668.6,668.4,668.6
NonMetal,668.6,668.4,668.6
NonMetal,668.7,668.4,668.7
NonMetal,668.7,668.4,668.7
NonMetal,668.8,668.4,668.8
NonMetal,668.8,668.4,668.7
NonMetal,668.8,668.4,668.7
NonMetal,668.8,668.4,668.7
NonMetal,668.8,668.4,668.8
NonMetal,668.8,668.4,668.8
NonMetal,668.8,668.4,668.8
NonMetal,668.7,668.4,668.8
NonMetal,668.8,668.4,668.8
NonMetal,668.8,668.4,668.9
NonMetal,668.8,668.4,668.8
NonMetal,668.8,668.4,668.8
NonMetal,668.8,668.4,668.9
NonMetal,668.8,668.4,668.9
NonMetal,668.8,668.4,668.9
NonMetal,668.8,668.4,668.9
NonMetal,668.8,668.4,668.8
NonMetal,668.8,668.4,668.8
NonMetal,668.9,668.4,668.8
NonMetal,668.9,668.4,668.8
NonMetal,668.9,668.5,668.8
NonMetal,668.9,668.4,668.8
NonMetal,668.9,668.4,668.8
NonMetal,668.8,668.4,668.9
NonMetal,668.8,668.4,668.9
NonMetal,668.8,668.4,668.9
NonMetal,668.8,668.4,668.8
NonMetal,668.8,668.4,668.8
NonMetal,668.7,668.4,668.9
NonMetal,669.0,668.4,668.7
NonMetal,669.0,668.4,668.6
NonMetal,669.0,668.4,668.6
NonMetal,669.0,668.4,668.6
NonMetal,669.0,668.5,668.6
NonMetal,669.0,668.5,668.7
NonMetal,669.0,668.5,668.8
NonMetal,669.0,668.5,668.8
NonMetal,668.9,668.5,668.7
NonMetal,668.9,668.5,668.7
NonMetal,668.9,668.5,668.8
NonMetal,668.8,668.6,668.7
NonMetal,668.9,668.6,668.8
NonMetal,668.9,668.5,668.8
NonMetal,668.9,668.5,668.7
NonMetal,668.9,668.5,668.7
NonMetal,668.9,668.6,668.7
NonMetal,668.9,668.6,668.8
NonMetal,668.9,668.6,668.8
NonMetal,668.9,668.5,668.7
NonMetal,668.9,668.6,668.7
NonMetal,668.9,668.6,668.7
NonMetal,668.9,668.6,668.7
NonMetal,668.9,668.6,668.7
NonMetal,668.9,668.6,668.7
NonMetal,668.9,668.6,668.6
NonMetal,668.9,668.6,668.7
NonMetal,668.9,668.7,668.7
NonMetal,668.9,668.6,668.7
NonMetal,668.8,668.6,668.7
NonMetal,668.9,668.6,668.7
NonMetal,668.8,668.6,668.7
NonMetal,668.8,668.6,668.7
NonMetal,668.8,668.6,668.8
NonMetal,668.8,668.5,668.8
NonMetal,668.8,668.5,668.7
NonMetal,668.7,668.5,668.8
NonMetal,668.7,668.5,668.8
NonMetal,668.7,668.5,668.8
NonMetal,668.7,668.5,668.8
NonMetal,668.7,668.5,668.7
NonMetal,668.7,668.4,668.7
NonMetal,668.7,668.5,668.7
NonMetal,668.7,668.5,668.7
NonMetal,668.7,668.4,668.7
NonMetal,668.7,668.3,668.6
NonMetal,668.6,668.3,668.6
NonMetal,668.6,668.3,668.6
NonMetal,668.6,668.3,668.6
NonMetal,668.6,668.3,668.6
NonMetal,668.7,668.3,668.7
NonMetal,668.7,668.3,668.6
NonMetal,668.7,668.3,668.6
NonMetal,668.7,668.3,668.7
NonMetal,668.8,668.3,668.6
NonMetal,668.8,668.3,668.6
NonMetal,668.8,668.3,668.7
NonMetal,668.9,668.4,668.7
NonMetal,668.9,668.4,668.7
NonMetal,668.8,668.5,668.7
NonMetal,668.8,668.4,668.7
NonMetal,668.8,668.5,668.7
NonMetal,668.8,668.5,668.7
NonMetal,668.8,668.5,668.7
NonMetal,668.9,668.4,668.7
NonMetal,668.8,668.4,668.8
NonMetal,668.9,668.4,668.8
NonMetal,668.8,668.4,668.8
NonMetal,668.8,668.3,668.8
NonMetal,668.8,668.3,668.8
NonMetal,668.8,668.4,668.8
NonMetal,668.8,668.4,668.8
NonMetal,668.8,668.4,668.9
NonMetal,668.8,668.4,668.9
NonMetal,668.8,668.4,668.9
NonMetal,668.8,668.4,668.9
NonMetal,668.8,668.4,669.0
NonMetal,668.8,668.4,669.0
NonMetal,668.8,668.4,668.9
NonMetal,668.8,668.4,668.9
NonMetal,668.8,668.4,668.9
NonMetal,668.9,668.4,668.9
NonMetal,668.8,668.4,668.9
NonMetal,668.8,668.4,668.9
NonMetal,668.9,668.4,668.9
NonMetal,668.8,668.4,668.8
NonMetal,668.9,668.4,668.9
NonMetal,668.9,668.4,668.9
NonMetal,668.9,668.5,668.9
NonMetal,668.9,668.5,668.9
NonMetal,668.9,668.6,668.9
NonMetal,669.0,668.6,668.9
NonMetal,668.9,668.6,668.9
NonMetal,668.9,668.6,668.9
NonMetal,669.0,668.6,668.9
NonMetal,668.9,668.6,668.9
NonMetal,669.0,668.6,668.9
NonMetal,668.9,668.6,668.9
NonMetal,668.9,668.6,668.9
NonMetal,669.0,668.6,668.9
NonMetal,669.6,669.1,669.3
NonMetal,669.6,669.1,669.3
NonMetal,669.5,669.1,669.3
NonMetal,669.5,669.2,669.4
NonMetal,669.6,669.3,669.4
NonMetal,669.6,669.2,669.5
NonMetal,669.6,669.3,669.6
NonMetal,669.6,669.3,669.5
NonMetal,669.6,669.3,669.6
NonMetal,669.6,669.2,669.5
NonMetal,669.6,669.1,669.5
NonMetal,669.6,669.1,669.5
NonMetal,669.6,669.1,669.5
NonMetal,669.6,669.1,669.5
NonMetal,669.6,669.2,669.5
NonMetal,669.6,669.2,669.5
NonMetal,669.6,669.2,669.6
NonMetal,669.5,669.2,669.6
NonMetal,669.6,669.2,669.6
NonMetal,669.6,669.2,669.6
NonMetal,669.6,669.2,669.6
NonMetal,669.6,669.3,669.6
NonMetal,669.7,669.2,669.6
NonMetal,669.7,669.2,669.7
NonMetal,669.7,669.2,669.7
NonMetal,669.7,669.2,669.6
NonMetal,669.7,669.2,669.6
NonMetal,669.7,669.3,669.6
NonMetal,669.7,669.3,669.7
NonMetal,669.7,669.3,669.7
NonMetal,669.7,669.3,669.6
NonMetal,669.7,669.3,669.6
NonMetal,669.7,669.3,669.6
NonMetal,669.8,669.3,669.6
NonMetal,669.8,669.3,669.6
NonMetal,669.8,669.3,669.6
NonMetal,669.8,669.3,669.6
NonMetal,669.8,669.3,669.6
NonMetal,669.8,669.3,669.6
NonMetal,669.8,669.3,669.7
NonMetal,669.8,669.3,669.7
NonMetal,669.8,669.3,669.7
NonMetal,669.8,669.3,669.7
NonMetal,669.8,669.3,669.7
NonMetal,669.7,669.3,669.7
NonMetal,669.7,669.3,669.7
NonMetal,669.7,669.3,669.7
NonMetal,669.7,669.3,669.7
NonMetal,669.6,669.3,669.7
NonMetal,669.6,669.2,669.7
NonMetal,669.7,669.2,669.7
NonMetal,669.6,669.2,669.7
NonMetal,669.7,669.3,669.7
NonMetal,669.7,669.3,669.8
NonMetal,669.7,669.3,669.7
NonMetal,669.7,669.3,669.7
NonMetal,669.6,669.3,669.7
NonMetal,669.6,669.3,669.7
NonMetal,669.6,669.3,669.6
NonMetal,669.6,669.3,669.6
NonMetal,669.6,669.2,669.6
NonMetal,669.6,669.2,669.6
NonMetal,669.6,669.2,669.6
NonMetal,669.6,669.2,669.5
NonMetal,669.6,669.2,669.5
NonMetal,669.6,669.2,669.4
NonMetal,669.6,669.2,669.4
NonMetal,669.6,669.1,669.4
NonMetal,669.5,669.1,669.4
NonMetal,669.5,669.2,669.4
NonMetal,669.5,669.2,669.4
NonMetal,669.5,669.2,669.4
NonMetal,669.4,669.2,669.4
NonMetal,669.4,669.2,669.4
NonMetal,669.4,669.2,669.4
NonMetal,669.4,669.2,669.4
NonMetal,669.4,669.2,669.3
NonMetal,669.4,669.2,669.3
NonMetal,669.4,669.2,669.4
NonMetal,669.4,669.2,669.4
NonMetal,669.3,669.1,669.4
NonMetal,669.4,669.1,669.4
NonMetal,669.4,669.1,669.4
NonMetal,669.4,669.1,669.5
NonMetal,669.4,669.1,669.5
NonMetal,669.4,669.1,669.5
NonMetal,669.3,669.1,669.5
NonMetal,669.3,669.1,669.5
NonMetal,669.3,669.1,669.5
NonMetal,669.2,669.1,669.5
NonMetal,669.2,669.1,669.4
NonMetal,669.2,669.1,669.4
NonMetal,669.2,669.1,669.4
NonMetal,669.3,669.1,669.4
NonMetal,669.2,669.1,669.4
NonMetal,669.2,669.1,669.4
NonMetal,669.2,669.1,669.3
NonMetal,669.2,669.0,669.3
NonMetal,669.1,669.0,669.3
NonMetal,669.2,669.1,669.2
NonMetal,669.3,668.9,669.1
NonMetal,669.3,668.9,669.1
NonMetal,669.3,669.0,669.2
NonMetal,669.3,668.9,669.2
NonMetal,669.3,668.9,669.1
NonMetal,669.4,669.0,669.2
NonMetal,669.4,669.0,669.2
NonMetal,669.4,668.9,669.1
NonMetal,669.3,668.9,669.1
NonMetal,669.3,668.9,669.1
NonMetal,669.3,668.9,669.2
NonMetal,669.4,669.0,669.2
NonMetal,669.3,669.0,669.2
NonMetal,669.3,669.0,669.1
NonMetal,669.3,669.0,669.2
NonMetal,669.3,669.0,669.2
NonMetal,669.3,669.0,669.3
NonMetal,669.3,669.0,669.3
NonMetal,669.3,669.1,669.3
NonMetal,669.3,669.1,669.4
NonMetal,669.3,669.1,669.4
NonMetal,669.3,669.1,669.5
NonMetal,669.3,669.1,669.4
NonMetal,669.4,669.2,669.4
NonMetal,669.4,669.2,669.5
NonMetal,669.4,669.2,669.4
NonMetal,669.3,669.2,669.4
NonMetal,669.3,669.2,669.5
NonMetal,669.3,669.2,669.5
NonMetal,669.2,669.2,669.5
NonMetal,669.2,669.2,669.5
NonMetal,669.2,669.2,669.5
NonMetal,669.2,669.2,669.5
NonMetal,669.3,669.2,669.5
NonMetal,669.3,669.2,669.5
NonMetal,669.3,669.2,669.5
NonMetal,669.3,669.2,669.5
NonMetal,669.3,669.2,669.5
NonMetal,669.3,669.2,669.5
NonMetal,669.3,669.2,669.5
NonMetal,669.4,669.3,669.5
NonMetal,669.4,669.3,669.5
NonMetal,669.3,669.2,669.6
NonMetal,669.4,669.2,669.5
NonMetal,669.4,669.2,669.5
NonMetal,669.4,669.2,669.5
NonMetal,669.3,669.2,669.5
NonMetal,669.3,669.2,669.6
NonMetal,669.3,669.2,669.6
NonMetal,669.3,669.2,669.6
NonMetal,669.3,669.2,669.6
NonMetal,669.4,669.3,669.5
NonMetal,669.4,669.2,669.5
NonMetal,669.4,669.2,669.5
NonMetal,669.3,669.2,669.5
NonMetal,669.3,669.2,669.5
NonMetal,669.3,669.2,669.5
NonMetal,669.3,669.2,669.5
NonMetal,669.3,669.2,669.5
NonMetal,669.3,669.2,669.5
NonMetal,669.3,669.1,669.5
NonMetal,669.3,669.1,669.5
NonMetal,669.3,669.1,669.4
NonMetal,669.3,669.1,669.4
NonMetal,669.3,669.1,669.4
NonMetal,669.3,669.1,669.4
NonMetal,669.3,669.1,669.4
NonMetal,669.4,669.0,669.4
NonMetal,669.3,669.0,669.4
NonMetal,669.4,669.0,669.4
NonMetal,669.4,669.0,669.4
NonMetal,669.5,669.0,669.4
NonMetal,669.5,669.0,669.4
NonMetal,669.5,669.1,669.4
NonMetal,669.5,669.1,669.4
NonMetal,669.4,669.1,669.4
NonMetal,669.5,669.1,669.5
NonMetal,669.5,669.1,669.4
NonMetal,669.5,669.1,669.4
NonMetal,669.5,669.1,669.4
NonMetal,669.5,669.1,669.4
NonMetal,669.5,669.1,669.4
NonMetal,669.5,669.1,669.4
NonMetal,669.5,669.1,669.4
NonMetal,669.5,669.0,669.4
NonMetal,669.5,669.0,669.4
NonMetal,669.5,669.0,669.4
NonMetal,669.5,669.0,669.4
NonMetal,669.5,669.0,669.4
NonMetal,669.5,669.0,669.4
NonMetal,669.4,669.0,669.4
NonMetal,669.4,669.0,669.3
NonMetal,669.4,668.9,669.3
NonMetal,669.4,668.9,669.2
NonMetal,669.4,668.8,669.2
NonMetal,669.4,668.8,669.2
NonMetal,669.3,668.8,669.3
NonMetal,669.2,668.8,669.2
NonMetal,669.2,668.8,669.2
NonMetal,669.3,668.8,669.2
NonMetal,669.4,668.4,668.7
NonMetal,669.3,668.5,668.7
NonMetal,669.3,668.5,668.8
NonMetal,669.3,668.6,668.8
NonMetal,669.3,668.6,668.8
NonMetal,669.2,668.7,668.8
NonMetal,669.2,668.8,668.9
NonMetal,669.2,668.8,668.9
NonMetal,669.3,668.8,668.9
NonMetal,669.3,668.8,669.0
NonMetal,669.3,668.9,669.1
NonMetal,669.3,668.9,669.0
NonMetal,669.3,668.9,669.1
NonMetal,669.3,668.9,669.2
NonMetal,669.3,668.9,669.1
NonMetal,669.3,668.9,669.2
NonMetal,669.3,668.9,669.2
NonMetal,669.2,669.0,669.2
NonMetal,669.2,669.0,669.2
NonMetal,669.2,668.9,669.2
NonMetal,669.2,668.9,669.2
NonMetal,669.2,669.0,669.1
NonMetal,669.3,669.0,669.2
NonMetal,669.3,669.0,669.2
NonMetal,669.3,669.0,669.2
NonMetal,669.3,669.1,669.3
NonMetal,669.4,669.0,669.3
NonMetal,669.4,669.0,669.3
NonMetal,669.3,669.0,669.3
NonMetal,669.3,669.1,669.3
NonMetal,669.3,669.0,669.3
NonMetal,669.3,669.0,669.2
NonMetal,669.3,669.0,669.3
NonMetal,669.4,669.0,669.3
NonMetal,669.4,669.1,669.3
NonMetal,669.4,669.1,669.3
NonMetal,669.4,669.0,669.3
NonMetal,669.4,669.0,669.3
NonMetal,669.4,669.0,669.3
NonMetal,669.4,669.0,669.3
NonMetal,669.4,669.0,669.3
NonMetal,669.3,669.0,669.3
NonMetal,669.3,669.0,669.3
NonMetal,669.4,669.0,669.3
NonMetal,669.4,669.1,669.3
NonMetal,669.3,669.1,669.4
NonMetal,669.5,669.1,669.4
NonMetal,669.5,669.1,669.5
NonMetal,669.5,669.0,669.5
NonMetal,669.5,669.0,669.5
NonMetal,669.5,668.9,669.4
NonMetal,669.5,668.9,669.5
NonMetal,669.6,668.9,669.5
NonMetal,669.5,668.9,669.5
NonMetal,669.5,668.9,669.4
NonMetal,669.4,668.9,669.4
NonMetal,669.4,668.9,669.4
NonMetal,669.4,669.0,669.5
NonMetal,669.5,669.0,669.5
NonMetal,669.5,669.0,669.5
NonMetal,669.6,669.0,669.5
NonMetal,669.5,669.0,669.4
NonMetal,669.4,669.0,669.4
NonMetal,669.4,669.1,669.3
NonMetal,669.4,669.1,669.3
NonMetal,669.5,669.1,669.3
NonMetal,669.5,669.1,669.3
NonMetal,669.5,669.1,669.4
NonMetal,669.5,669.0,669.3
NonMetal,669.5,669.0,669.4
NonMetal,669.5,669.0,669.4
NonMetal,669.5,669.0,669.4
NonMetal,669.5,668.9,669.4
NonMetal,669.5,668.9,669.4
NonMetal,669.5,669.0,669.4
NonMetal,669.6,668.9,669.4
NonMetal,669.6,669.0,669.4
NonMetal,669.5,669.0,669.4
NonMetal,669.5,669.0,669.4
NonMetal,669.5,668.9,669.4
NonMetal,669.5,668.9,669.4
NonMetal,669.5,669.0,669.4
NonMetal,669.4,669.0,669.3
NonMetal,669.3,669.0,669.4
NonMetal,669.4,669.0,669.4
NonMetal,669.3,669.0,669.4
NonMetal,669.3,669.0,669.4
NonMetal,669.3,669.0,669.3
NonMetal,669.4,669.0,669.4
NonMetal,669.4,669.0,669.4
NonMetal,669.4,669.0,669.4
NonMetal,669.4,669.1,669.4
NonMetal,669.5,669.1,669.4
NonMetal,669.5,669.1,669.3
NonMetal,669.5,669.1,669.3
NonMetal,669.4,669.1,669.3
NonMetal,669.4,669.1,669.4
NonMetal,669.4,669.0,669.3
NonMetal,669.4,669.0,669.3
NonMetal,669.4,669.1,669.3
NonMetal,669.5,668.6,669.1
NonMetal,669.4,668.6,669.1
NonMetal,669.4,668.6,669.0
NonMetal,669.4,668.6,669.0
NonMetal,669.4,668.6,669.0
NonMetal,669.4,668.6,669.1
NonMetal,669.4,668.6,669.1
NonMetal,669.4,668.6,669.1
NonMetal,669.4,668.7,669.1
NonMetal,669.4,668.7,669.1
NonMetal,669.3,668.7,669.1
NonMetal,669.3,668.6,669.1
NonMetal,669.3,668.6,669.1
NonMetal,669.3,668.6,669.0
NonMetal,669.3,668.6,669.1
NonMetal,669.4,668.6,669.1
NonMetal,669.4,668.7,669.2
NonMetal,669.5,668.7,669.2
NonMetal,669.5,668.7,669.2
NonMetal,669.5,668.7,669.2
NonMetal,669.5,668.7,669.2
NonMetal,669.5,668.7,669.2
NonMetal,669.4,668.7,669.1
NonMetal,669.4,668.7,669.1
NonMetal,669.4,668.7,669.1
NonMetal,669.4,668.7,669.1
NonMetal,669.3,668.7,669.1
NonMetal,669.3,668.7,669.1
NonMetal,669.2,668.6,669.2
NonMetal,669.2,668.6,669.2
NonMetal,669.3,668.6,669.2
NonMetal,669.3,668.6,669.2
NonMetal,669.3,668.6,669.2
NonMetal,669.4,668.7,669.2
NonMetal,669.4,668.7,669.2
NonMetal,669.4,668.7,669.2
NonMetal,669.3,668.7,669.2
NonMetal,669.4,668.7,669.1
NonMetal,669.3,668.7,669.2
NonMetal,669.4,668.7,669.2
NonMetal,669.3,668.7,669.2
NonMetal,669.3,668.8,669.2
NonMetal,669.4,668.8,669.2
NonMetal,669.4,668.8,669.2
NonMetal,669.3,668.8,669.2
NonMetal,669.3,668.8,669.2
NonMetal,669.3,668.8,669.2
NonMetal,669.4,668.8,669.3
NonMetal,669.4,668.8,669.3
NonMetal,669.3,668.8,669.3
NonMetal,669.3,668.8,669.4
NonMetal,669.3,668.8,669.4
NonMetal,669.3,668.8,669.3
NonMetal,669.4,668.8,669.4
NonMetal,669.4,668.9,669.3
NonMetal,669.5,668.9,669.4
NonMetal,669.6,668.9,669.4
NonMetal,669.6,669.0,669.4
NonMetal,669.5,669.0,669.4
NonMetal,669.5,669.0,669.5
NonMetal,669.5,669.1,669.5
NonMetal,669.5,669.1,669.5
NonMetal,669.5,669.1,669.5
NonMetal,669.5,669.1,669.6
NonMetal,669.4,669.1,669.6
NonMetal,669.4,669.0,669.7
NonMetal,669.4,669.0,669.7
NonMetal,669.4,669.1,669.7
NonMetal,669.5,669.1,669.7
NonMetal,669.5,669.2,669.7
NonMetal,669.5,669.2,669.7
NonMetal,669.5,669.2,669.7
NonMetal,669.5,669.2,669.7
NonMetal,669.5,669.2,669.7
NonMetal,669.6,669.2,669.7
NonMetal,669.6,669.2,669.8
NonMetal,669.6,669.2,669.8
NonMetal,669.6,669.2,669.8
NonMetal,669.6,669.1,669.8
NonMetal,669.7,669.1,669.9
NonMetal,669.7,669.1,669.9
NonMetal,669.6,669.1,669.8
NonMetal,669.6,669.1,669.8
NonMetal,669.6,669.1,669.8
NonMetal,669.6,669.1,669.7
NonMetal,669.6,669.0,669.8
NonMetal,669.6,669.0,669.8
NonMetal,669.6,669.0,669.7
NonMetal,669.6,669.1,669.8
NonMetal,669.6,669.1,669.8
NonMetal,669.6,669.0,669.8
NonMetal,669.6,669.0,669.8
NonMetal,669.5,669.1,669.7
NonMetal,669.5,669.1,669.6
NonMetal,669.5,669.1,669.7
NonMetal,669.5,669.1,669.6
NonMetal,669.6,669.1,669.6
NonMetal,669.6,669.1,669.6
NonMetal,669.6,669.1,669.6
NonMetal,669.6,669.0,669.6
NonMetal,669.7,669.3,669.4
NonMetal,669.8,669.3,669.4
NonMetal,669.7,669.3,669.4
NonMetal,669.8,669.3,669.5
NonMetal,669.7,669.3,669.5
NonMetal,669.7,669.2,669.5
NonMetal,669.8,669.3,669.5
NonMetal,669.8,669.2,669.5
NonMetal,669.8,669.2,669.6
NonMetal,669.9,669.2,669.5
NonMetal,669.9,669.2,669.6
NonMetal,669.9,669.2,669.6
NonMetal,669.9,669.2,669.6
NonMetal,669.9,669.2,669.6
NonMetal,670.0,669.2,669.5
NonMetal,670.0,669.2,669.5
NonMetal,670.0,669.3,669.6
NonMetal,670.0,669.2,669.6
NonMetal,670.0,669.2,669.6
NonMetal,670.0,669.3,669.6
NonMetal,670.0,669.3,669.6
NonMetal,669.9,669.3,669.6
NonMetal,669.9,669.4,669.6
NonMetal,669.9,669.4,669.6
NonMetal,669.9,669.4,669.6
NonMetal,669.9,669.4,669.6
NonMetal,669.9,669.4,669.7
NonMetal,670.0,669.4,669.7
NonMetal,669.9,669.4,669.7
NonMetal,669.9,669.5,669.7
NonMetal,669.9,669.5,669.6
NonMetal,669.9,669.5,669.6
NonMetal,669.9,669.5,669.7
NonMetal,669.8,669.5,669.6
NonMetal,669.8,669.5,669.6
NonMetal,669.8,669.5,669.6
NonMetal,669.8,669.4,669.6
NonMetal,669.8,669.4,669.6
NonMetal,669.7,669.4,669.6
NonMetal,669.8,669.4,669.7
NonMetal,669.8,669.3,669.7
NonMetal,669.8,669.4,669.7
NonMetal,669.8,669.4,669.7
NonMetal,669.8,669.4,669.7
NonMetal,669.7,669.4,669.6
NonMetal,669.8,669.4,669.6
NonMetal,669.8,669.4,669.6
NonMetal,669.8,669.4,669.6
NonMetal,669.8,669.4,669.6
NonMetal,669.8,669.4,669.7
NonMetal,669.8,669.4,669.7
NonMetal,669.8,669.4,669.7
NonMetal,669.8,669.4,669.7
NonMetal,669.8,669.4,669.7
NonMetal,669.8,669.4,669.7
NonMetal,669.8,669.4,669.7
NonMetal,669.9,669.4,669.6
NonMetal,669.9,669.4,669.6
NonMetal,669.9,669.5,669.7
NonMetal,669.9,669.5,669.7
NonMetal,669.9,669.5,669.7
NonMetal,669.9,669.6,669.8
NonMetal,669.9,669.6,669.8
NonMetal,669.9,669.6,669.7
NonMetal,669.9,669.5,669.7
NonMetal,669.9,669.5,669.8
NonMetal,669.9,669.5,669.8
NonMetal,669.9,669.4,669.7
NonMetal,669.9,669.5,669.8
NonMetal,669.8,669.5,669.7
NonMetal,669.8,669.4,669.7
NonMetal,669.7,669.4,669.7
NonMetal,669.7,669.5,669.7
NonMetal,669.7,669.4,669.6
NonMetal,669.7,669.4,669.6
NonMetal,669.8,669.5,669.6
NonMetal,669.8,669.5,669.6
NonMetal,669.8,669.4,669.6
NonMetal,669.9,669.4,669.7
NonMetal,669.8,669.4,669.6
NonMetal,669.8,669.3,669.7
NonMetal,669.7,669.4,669.6
NonMetal,669.7,669.3,669.6
NonMetal,669.7,669.3,669.6
NonMetal,669.7,669.3,669.6
NonMetal,669.7,669.3,669.6
NonMetal,669.7,669.3,669.7
NonMetal,669.7,669.3,669.7
NonMetal,669.7,669.4,669.7
NonMetal,669.7,669.4,669.7
NonMetal,669.7,669.4,669.7
NonMetal,669.7,669.3,669.7
NonMetal,669.6,669.3,669.7
NonMetal,669.6,669.3,669.7
NonMetal,669.7,669.3,669.7
NonMetal,669.7,669.3,669.8
NonMetal,669.7,669.4,669.8
NonMetal,669.7,669.5,669.8
NonMetal,669.7,669.4,669.9
NonMetal,669.8,669.4,669.8
NonMetal,669.6,669.0,669.6
NonMetal,669.6,669.0,669.5
NonMetal,669.6,669.0,669.6
NonMetal,669.7,669.1,669.6
NonMetal,669.7,669.1,669.6
NonMetal,669.6,669.1,669.6
NonMetal,669.6,669.1,669.6
NonMetal,669.7,669.2,669.6
NonMetal,669.7,669.2,669.6
NonMetal,669.7,669.2,669.6
NonMetal,669.6,669.2,669.6
NonMetal,669.6,669.2,669.6
NonMetal,669.6,669.2,669.6
NonMetal,669.7,669.2,669.7
NonMetal,669.7,669.3,669.7
NonMetal,669.7,669.3,669.7
NonMetal,669.6,669.3,669.7
NonMetal,669.7,669.4,669.7
NonMetal,669.7,669.4,669.7
NonMetal,669.7,669.4,669.7
NonMetal,669.7,669.4,669.7
NonMetal,669.7,669.4,669.7
NonMetal,669.7,669.4,669.7
NonMetal,669.6,669.4,669.6
NonMetal,669.6,669.4,669.6
NonMetal,669.6,669.5,669.6
NonMetal,669.6,669.5,669.7
NonMetal,669.6,669.6,669.7
NonMetal,669.6,669.6,669.7
NonMetal,669.7,669.5,669.7
NonMetal,669.7,669.5,669.7
NonMetal,669.7,669.5,669.7
NonMetal,669.7,669.5,669.7
NonMetal,669.6,669.4,669.7
NonMetal,669.6,669.4,669.7
NonMetal,669.6,669.4,669.7
NonMetal,669.7,669.4,669.7
NonMetal,669.6,669.4,669.7
NonMetal,669.6,669.4,669.7
NonMetal,669.6,669.5,669.7
NonMetal,669.6,669.5,669.8
NonMetal,669.6,669.5,669.7
NonMetal,669.6,669.5,669.7
NonMetal,669.5,669.5,669.7
NonMetal,669.5,669.5,669.7
NonMetal,669.5,669.4,669.7
NonMetal,669.5,669.5,669.7
NonMetal,669.6,669.4,669.7
NonMetal,669.7,669.4,669.6
NonMetal,669.6,669.4,669.6
NonMetal,669.6,669.4,669.6
NonMetal,669.6,669.3,669.6
NonMetal,669.6,669.3,669.6
NonMetal,669.6,669.3,669.7
NonMetal,669.6,669.3,669.7
NonMetal,669.5,669.3,669.6
NonMetal,669.5,669.2,669.6
NonMetal,669.4,669.2,669.6
NonMetal,669.4,669.2,669.6
NonMetal,669.4,669.2,669.6
NonMetal,669.4,669.2,669.6
NonMetal,669.4,669.1,669.5
NonMetal,669.4,669.1,669.5
NonMetal,669.3,669.1,669.5
NonMetal,669.3,669.0,669.5
NonMetal,669.3,669.0,669.5
NonMetal,669.3,669.0,669.5
NonMetal,669.3,669.0,669.4
NonMetal,669.3,668.9,669.4
NonMetal,669.3,668.9,669.4
NonMetal,669.3,669.0,669.4
NonMetal,669.3,669.0,669.4
NonMetal,669.3,669.0,669.3
NonMetal,669.3,669.1,669.3
NonMetal,669.3,669.1,669.3
NonMetal,669.3,669.2,669.3
NonMetal,669.3,669.2,669.3
NonMetal,669.4,669.2,669.3
NonMetal,669.4,669.2,669.3
NonMetal,669.4,669.2,669.2
NonMetal,669.4,669.2,669.3
NonMetal,669.4,669.2,669.3
NonMetal,669.4,669.1,669.3
NonMetal,669.4,669.2,669.3
NonMetal,669.4,669.2,669.3
NonMetal,669.4,669.1,669.3
NonMetal,669.4,669.1,669.3
NonMetal,669.4,669.2,669.3
NonMetal,669.4,669.2,669.4
NonMetal,669.5,669.1,669.4
NonMetal,669.5,669.0,669.4
NonMetal,669.5,669.0,669.4
NonMetal,669.5,669.0,669.4
NonMetal,669.5,669.0,669.4
NonMetal,669.5,669.1,669.4
NonMetal,669.4,669.0,669.4
NonMetal,669.4,669.1,669.4
NonMetal,669.4,669.1,669.4
NonMetal,669.4,669.0,669.4
NonMetal,669.4,669.0,669.4
NonMetal,669.1,668.5,668.9
NonMetal,669.1,668.6,668.9
NonMetal,669.0,668.6,668.9
NonMetal,669.0,668.6,668.9
NonMetal,668.9,668.5,668.9
NonMetal,669.0,668.6,668.9
NonMetal,669.0,668.5,668.9
NonMetal,669.1,668.6,668.9
NonMetal,669.0,668.6,668.9
NonMetal,669.0,668.6,668.9
NonMetal,669.0,668.6,668.9
NonMetal,669.1,668.7,668.9
NonMetal,669.1,668.7,669.0
NonMetal,669.0,668.8,669.0
NonMetal,669.1,668.7,669.1
NonMetal,669.2,668.7,669.1
NonMetal,669.2,668.7,669.1
NonMetal,669.3,668.6,669.1
NonMetal,669.2,668.6,669.1
NonMetal,669.2,668.7,669.1
NonMetal,669.2,668.6,669.1
NonMetal,669.2,668.6,669.1
NonMetal,669.2,668.6,669.1
NonMetal,669.2,668.6,669.1
NonMetal,669.3,668.6,669.1
NonMetal,669.3,668.6,669.1
NonMetal,669.4,668.7,669.1
NonMetal,669.3,668.7,669.1
NonMetal,669.3,668.7,669.1
NonMetal,669.4,668.7,669.1
NonMetal,669.3,668.7,669.1
NonMetal,669.3,668.7,669.1
NonMetal,669.3,668.7,669.1
NonMetal,669.3,668.7,669.1
NonMetal,669.4,668.7,669.1
NonMetal,669.4,668.7,669.1
NonMetal,669.4,668.8,669.2
NonMetal,669.4,668.8,669.2
NonMetal,669.5,668.8,669.3
NonMetal,669.5,668.8,669.3
NonMetal,669.5,668.8,669.2
NonMetal,669.6,668.8,669.2
NonMetal,669.6,668.8,669.2
NonMetal,669.6,668.9,669.3
NonMetal,669.6,668.9,669.3
NonMetal,669.6,668.9,669.3
NonMetal,669.6,669.0,669.3
NonMetal,669.5,668.9,669.2
NonMetal,669.5,669.0,669.2
NonMetal,669.5,669.0,669.3
NonMetal,669.5,669.0,669.3
NonMetal,669.4,669.0,669.3
NonMetal,669.5,669.0,669.2
NonMetal,669.5,669.0,669.2
NonMetal,669.5,669.0,669.2
NonMetal,669.5,669.0,669.2
NonMetal,669.4,669.0,669.2
NonMetal,669.4,669.0,669.2
NonMetal,669.3,669.0,669.2
NonMetal,669.3,669.0,669.2
NonMetal,669.3,668.9,669.2
NonMetal,669.2,669.0,669.1
NonMetal,669.2,669.0,669.2
NonMetal,669.3,669.0,669.3
NonMetal,669.2,668.9,669.3
NonMetal,669.2,668.9,669.2
NonMetal,669.2,668.9,669.2
NonMetal,669.2,668.9,669.3
NonMetal,669.2,668.9,669.3
NonMetal,669.2,668.8,669.3
NonMetal,669.2,668.8,669.2
NonMetal,669.2,668.9,669.3
NonMetal,669.2,668.9,669.3
NonMetal,669.2,668.9,669.2
NonMetal,669.2,668.9,669.2
NonMetal,669.2,668.9,669.2
NonMetal,669.3,668.9,669.2
NonMetal,669.3,668.9,669.2
NonMetal,669.3,668.9,669.2
NonMetal,669.3,668.9,669.2
NonMetal,669.3,668.9,669.2
NonMetal,669.3,668.9,669.2
NonMetal,669.2,668.9,669.3
NonMetal,669.2,668.9,669.2
NonMetal,669.2,668.9,669.2
NonMetal,669.2,669.0,669.2
NonMetal,669.2,669.0,669.2
NonMetal,669.2,669.0,669.2
NonMetal,669.2,669.0,669.3
NonMetal,669.2,669.0,669.3
NonMetal,669.2,669.0,669.3
NonMetal,669.3,669.0,669.3
NonMetal,669.2,669.1,669.3
NonMetal,669.3,669.1,669.2
NonMetal,669.3,669.0,669.3
NonMetal,669.3,669.0,669.2
NonMetal,669.2,669.0,669.3
NonMetal,669.3,669.1,669.3
NonMetal,669.2,669.1,669.4
NonMetal,669.3,669.1,669.3
NonMetal,669.1,668.2,668.5
NonMetal,669.1,668.2,668.5
NonMetal,669.1,668.2,668.5
NonMetal,669.1,668.2,668.5
NonMetal,669.1,668.3,668.5
NonMetal,669.1,668.3,668.6
NonMetal,669.1,668.3,668.5
NonMetal,669.0,668.4,668.5
NonMetal,669.1,668.4,668.5
NonMetal,669.0,668.4,668.5
NonMetal,669.0,668.4,668.6
NonMetal,669.0,668.4,668.6
NonMetal,669.0,668.4,668.6
NonMetal,669.0,668.5,668.7
NonMetal,669.0,668.5,668.7
NonMetal,669.0,668.5,668.7
NonMetal,669.0,668.5,668.6
NonMetal,669.0,668.4,668.7
NonMetal,669.0,668.5,668.6
NonMetal,669.0,668.4,668.6
NonMetal,669.0,668.5,668.6
NonMetal,669.0,668.5,668.6
NonMetal,669.0,668.5,668.6
NonMetal,668.9,668.6,668.6
NonMetal,669.0,668.5,668.6
NonMetal,669.0,668.5,668.7
NonMetal,669.0,668.6,668.7
NonMetal,669.1,668.7,668.7
NonMetal,669.0,668.7,668.8
NonMetal,669.0,668.7,668.8
NonMetal,669.0,668.7,668.8
NonMetal,669.0,668.7,668.7
NonMetal,669.0,668.7,668.8
NonMetal,669.0,668.7,668.8
NonMetal,669.0,668.7,668.8
NonMetal,669.0,668.7,668.8
NonMetal,669.0,668.7,668.8
NonMetal,668.9,668.7,668.8
NonMetal,669.0,668.7,668.9
NonMetal,669.0,668.6,668.9
NonMetal,669.0,668.7,668.9
NonMetal,669.0,668.7,669.0
NonMetal,668.9,668.7,669.0
NonMetal,668.9,668.6,669.0
NonMetal,668.9,668.7,668.9
NonMetal,668.9,668.6,668.9
NonMetal,668.8,668.6,669.0
NonMetal,668.9,668.6,669.0
NonMetal,668.9,668.6,669.0
NonMetal,669.0,668.5,669.0
NonMetal,668.9,668.6,668.9
NonMetal,669.0,668.5,669.0
NonMetal,669.0,668.5,669.0
NonMetal,669.0,668.5,669.0
NonMetal,669.0,668.4,669.0
NonMetal,668.9,668.4,669.0
NonMetal,669.0,668.5,669.0
NonMetal,669.0,668.4,669.0
NonMetal,669.0,668.4,669.0
NonMetal,669.0,668.4,669.0
NonMetal,669.1,668.4,669.0
NonMetal,669.1,668.4,669.0
NonMetal,669.1,668.5,669.0
NonMetal,669.0,668.4,668.9
NonMetal,669.0,668.4,668.9
NonMetal,668.9,668.5,668.9
NonMetal,668.9,668.5,668.9
NonMetal,668.9,668.6,668.9
NonMetal,668.8,668.5,668.9
NonMetal,668.8,668.5,668.9
NonMetal,668.8,668.5,669.0
NonMetal,668.9,668.5,669.0
NonMetal,668.8,668.5,669.0
NonMetal,668.9,668.5,669.0
NonMetal,668.9,668.5,669.0
NonMetal,668.9,668.5,668.9
NonMetal,668.9,668.5,669.0
NonMetal,668.9,668.5,669.0
NonMetal,668.9,668.5,669.0
NonMetal,668.9,668.5,669.0
NonMetal,668.9,668.5,669.0
NonMetal,668.8,668.5,669.0
NonMetal,668.8,668.5,669.0
NonMetal,668.7,668.5,668.9
NonMetal,668.8,668.5,668.9
NonMetal,668.8,668.5,668.9
NonMetal,668.8,668.4,668.9
NonMetal,668.8,668.4,668.9
NonMetal,668.8,668.5,668.9
NonMetal,668.8,668.5,668.9
NonMetal,668.8,668.5,669.0
NonMetal,668.8,668.5,669.0
NonMetal,668.8,668.6,669.0
NonMetal,668.8,668.6,669.0
NonMetal,668.8,668.6,668.9
NonMetal,668.9,668.6,668.9
NonMetal,669.0,668.7,668.9
NonMetal,668.9,668.7,668.9
NonMetal,668.9,668.6,668.9
NonMetal,669.0,668.5,668.8
NonMetal,669.5,668.9,669.0
NonMetal,669.5,668.9,668.9
NonMetal,669.5,668.9,669.0
NonMetal,669.5,668.9,669.0
NonMetal,669.5,668.8,669.1
NonMetal,669.5,668.8,669.1
NonMetal,669.5,668.8,669.0
NonMetal,669.5,668.8,669.1
NonMetal,669.5,668.9,669.1
NonMetal,669.5,668.8,669.1
NonMetal,669.5,668.9,669.1
NonMetal,669.5,668.9,669.1
NonMetal,669.5,668.9,669.2
NonMetal,669.5,668.9,669.2
NonMetal,669.6,668.8,669.3
NonMetal,669.6,668.8,669.3
NonMetal,669.6,668.9,669.2
NonMetal,669.5,668.9,669.2
NonMetal,669.5,668.9,669.2
NonMetal,669.6,669.0,669.2
NonMetal,669.5,669.0,669.2
NonMetal,669.5,669.0,669.2
NonMetal,669.4,668.9,669.2
NonMetal,669.4,668.9,669.2
NonMetal,669.4,668.9,669.2
NonMetal,669.4,669.0,669.2
NonMetal,669.4,669.1,669.2
NonMetal,669.4,669.0,669.2
NonMetal,669.4,669.0,669.2
NonMetal,669.4,669.1,669.1
NonMetal,669.4,669.1,669.1
NonMetal,669.4,669.0,669.1
NonMetal,669.4,669.0,669.1
NonMetal,669.3,669.1,669.1
NonMetal,669.3,669.0,669.1
NonMetal,669.3,669.0,669.2
NonMetal,669.3,669.0,669.2
NonMetal,669.3,669.0,669.2
NonMetal,669.4,669.0,669.2
NonMetal,669.4,669.0,669.2
NonMetal,669.5,669.0,669.2
NonMetal,669.4,669.0,669.3
NonMetal,669.5,669.1,669.2
NonMetal,669.5,669.1,669.2
NonMetal,669.5,669.1,669.3
NonMetal,669.5,669.0,669.2
NonMetal,669.5,669.0,669.3
NonMetal,669.4,669.0,669.3
NonMetal,669.4,669.0,669.3
NonMetal,669.4,669.0,669.3
NonMetal,669.4,669.0,669.3
NonMetal,669.4,669.1,669.4
NonMetal,669.4,669.1,669.3
NonMetal,669.4,669.1,669.3
NonMetal,669.5,669.1,669.2
NonMetal,669.5,669.1,669.3
NonMetal,669.4,669.0,669.3
NonMetal,669.5,669.0,669.3
NonMetal,669.5,669.0,669.3
NonMetal,669.5,669.0,669.4
NonMetal,669.5,669.1,669.4
NonMetal,669.6,669.1,669.4
NonMetal,669.5,669.1,669.4
NonMetal,669.6,669.1,669.5
NonMetal,669.6,669.1,669.5
NonMetal,669.6,669.2,669.5
NonMetal,669.6,669.2,669.5
NonMetal,669.6,669.1,669.6
NonMetal,669.6,669.1,669.5
NonMetal,669.6,669.2,669.5
NonMetal,669.6,669.1,669.5
NonMetal,669.6,669.1,669.4
NonMetal,669.6,669.1,669.5
NonMetal,669.6,669.2,669.5
NonMetal,669.6,669.2,669.6
NonMetal,669.6,669.3,669.5
NonMetal,669.6,669.3,669.5
NonMetal,669.6,669.2,669.5
NonMetal,669.6,669.3,669.5
NonMetal,669.6,669.3,669.4
NonMetal,669.5,669.2,669.4
NonMetal,669.6,669.2,669.4
NonMetal,669.6,669.3,669.5
NonMetal,669.6,669.3,669.4
NonMetal,669.6,669.4,669.4
NonMetal,669.6,669.4,669.4
NonMetal,669.6,669.3,669.4
NonMetal,669.6,669.3,669.5
NonMetal,669.6,669.3,669.4
NonMetal,669.6,669.2,669.4
NonMetal,669.6,669.2,669.5
NonMetal,669.6,669.2,669.4
NonMetal,669.6,669.2,669.4
NonMetal,669.6,669.2,669.4
NonMetal,669.7,669.2,669.4
NonMetal,669.6,669.2,669.4
NonMetal,669.6,669.3,669.3
NonMetal,669.6,669.2,669.4
NonMetal,669.6,669.2,669.4
NonMetal,669.6,669.2,669.4
NonMetal,669.9,669.0,669.3
NonMetal,669.9,669.0,669.3
NonMetal,669.9,669.0,669.3
NonMetal,669.9,668.9,669.4
NonMetal,669.8,669.0,669.3
NonMetal,669.8,668.9,669.3
NonMetal,669.7,668.9,669.3
NonMetal,669.7,668.9,669.3
NonMetal,669.7,668.9,669.4
NonMetal,669.7,668.9,669.4
NonMetal,669.6,668.8,669.3
NonMetal,669.6,668.9,669.4
NonMetal,669.6,668.9,669.3
NonMetal,669.6,668.9,669.3
NonMetal,669.6,669.0,669.4
NonMetal,669.5,669.0,669.4
NonMetal,669.5,668.9,669.4
NonMetal,669.6,668.9,669.4
NonMetal,669.6,668.9,669.4
NonMetal,669.6,669.0,669.4
NonMetal,669.6,668.9,669.4
NonMetal,669.6,669.0,669.4
NonMetal,669.6,669.0,669.4
NonMetal,669.6,669.0,669.4
NonMetal,669.6,669.0,669.5
NonMetal,669.6,669.1,669.5
NonMetal,669.6,669.1,669.5
NonMetal,669.7,669.1,669.6
NonMetal,669.7,669.2,669.6
NonMetal,669.7,669.1,669.6
NonMetal,669.7,669.2,669.6
NonMetal,669.7,669.2,669.6
NonMetal,669.8,669.2,669.6
NonMetal,669.8,669.3,669.6
NonMetal,669.8,669.3,669.6
NonMetal,669.8,669.4,669.7
NonMetal,669.8,669.4,669.7
NonMetal,669.8,669.5,669.6
NonMetal,669.8,669.4,669.7
NonMetal,669.7,669.5,669.7
NonMetal,669.8,669.5,669.7
NonMetal,669.7,669.5,669.7
NonMetal,669.7,669.5,669.7
NonMetal,669.7,669.6,669.7
NonMetal,669.7,669.6,669.7
NonMetal,669.8,669.6,669.7
NonMetal,669.8,669.6,669.7
NonMetal,669.7,669.6,669.7
NonMetal,669.7,669.6,669.7
NonMetal,669.7,669.7,669.7
NonMetal,669.8,669.7,669.6
NonMetal,669.8,669.6,669.7
NonMetal,669.8,669.6,669.7
NonMetal,669.8,669.6,669.7
NonMetal,669.9,669.6,669.7
NonMetal,669.9,669.6,669.7
NonMetal,669.9,669.6,669.7
NonMetal,669.9,669.5,669.7
NonMetal,669.9,669.5,669.7
NonMetal,669.9,669.5,669.7
NonMetal,669.9,669.5,669.7
NonMetal,670.0,669.5,669.7
NonMetal,670.0,669.4,669.8
NonMetal,670.0,669.5,669.8
NonMetal,670.0,669.5,669.8
NonMetal,669.9,669.5,669.8
NonMetal,670.0,669.5,669.8
NonMetal,669.9,669.5,669.9
NonMetal,670.0,669.6,669.9
NonMetal,670.0,669.6,669.9
NonMetal,670.0,669.6,669.9
NonMetal,670.0,669.6,669.8
NonMetal,670.0,669.6,669.8
NonMetal,670.0,669.6,669.8
NonMetal,670.0,669.7,669.8
NonMetal,670.0,669.7,669.8
NonMetal,670.0,669.6,669.8
NonMetal,670.0,669.6,669.8
NonMetal,670.0,669.6,669.8
NonMetal,670.0,669.6,669.8
NonMetal,670.0,669.6,669.7
NonMetal,670.0,669.6,669.7
NonMetal,670.0,669.6,669.7
NonMetal,670.0,669.5,669.7
NonMetal,670.0,669.5,669.7
NonMetal,670.0,669.5,669.7
NonMetal,670.0,669.5,669.7
NonMetal,670.0,669.5,669.7
NonMetal,670.0,669.5,669.8
NonMetal,670.0,669.5,669.8
NonMetal,670.0,669.5,669.8
NonMetal,670.0,669.6,669.8
NonMetal,669.9,669.5,669.8
NonMetal,669.9,669.5,669.9
NonMetal,669.9,669.5,669.9
NonMetal,670.0,669.6,669.9
NonMetal,670.0,669.6,669.9
NonMetal,670.0,669.6,669.9
NonMetal,670.0,669.6,669.9
NonMetal,670.1,669.6,670.0
NonMetal,669.5,668.8,669.0
NonMetal,669.5,668.8,669.0
NonMetal,669.5,668.8,669.0
NonMetal,669.5,668.8,669.0
NonMetal,669.5,668.9,669.0
NonMetal,669.5,668.8,669.1
NonMetal,669.5,668.8,669.1
NonMetal,669.5,668.9,669.1
NonMetal,669.5,668.9,669.2
NonMetal,669.5,668.9,669.2
NonMetal,669.5,668.9,669.2
NonMetal,669.6,668.9,669.2
NonMetal,669.6,668.9,669.3
NonMetal,669.6,669.0,669.3
NonMetal,669.5,669.0,669.3
NonMetal,669.6,669.0,669.3
NonMetal,669.6,669.0,669.3
NonMetal,669.6,669.0,669.3
NonMetal,669.6,669.0,669.3
NonMetal,669.6,669.0,669.4
NonMetal,669.5,669.0,669.4
NonMetal,669.5,669.0,669.5
NonMetal,669.5,669.1,669.5
NonMetal,669.6,669.1,669.5
NonMetal,669.7,669.2,669.7
NonMetal,669.7,669.2,669.7
NonMetal,669.7,669.3,669.7
NonMetal,669.9,669.3,669.7
NonMetal,669.8,669.2,669.7
NonMetal,669.9,669.2,669.7
NonMetal,669.9,669.2,669.7
NonMetal,669.9,669.2,669.7
NonMetal,669.9,669.2,669.7
NonMetal,670.0,669.2,669.7
NonMetal,670.0,669.3,669.7
NonMetal,670.0,669.3,669.7
NonMetal,669.9,669.3,669.7
NonMetal,669.9,669.3,669.7
NonMetal,670.0,669.3,669.8
NonMetal,670.0,669.3,669.8
NonMetal,670.0,669.4,669.8
NonMetal,670.0,669.4,669.7
NonMetal,670.0,669.4,669.8
NonMetal,670.0,669.4,669.8
NonMetal,669.9,669.4,669.8
NonMetal,670.0,669.5,669.9
NonMetal,670.0,669.5,669.8
NonMetal,670.0,669.6,669.9
NonMetal,670.0,669.6,669.9
NonMetal,670.1,669.6,669.9
NonMetal,670.0,669.6,669.9
NonMetal,670.0,669.5,669.9
NonMetal,670.0,669.5,669.9
NonMetal,670.0,669.5,670.0
NonMetal,670.0,669.5,670.0
NonMetal,669.9,669.5,669.9
NonMetal,670.0,669.5,669.9
NonMetal,670.0,669.6,669.9
NonMetal,670.0,669.6,669.9
NonMetal,670.1,669.6,669.9
NonMetal,670.0,669.6,670.0
NonMetal,670.0,669.6,670.0
NonMetal,670.1,669.6,670.0
NonMetal,670.1,669.5,670.0
NonMetal,670.1,669.6,670.0
NonMetal,670.1,669.6,670.0
NonMetal,670.0,669.6,670.0
NonMetal,670.0,669.6,670.0
NonMetal,670.0,669.5,670.0
NonMetal,670.0,669.5,670.0
NonMetal,670.0,669.5,670.0
NonMetal,670.0,669.5,670.0
NonMetal,670.0,669.5,670.0
NonMetal,669.9,669.5,670.0
NonMetal,669.9,669.5,670.1
NonMetal,669.9,669.5,670.1
NonMetal,669.9,669.5,670.1
NonMetal,669.9,669.5,670.1
NonMetal,670.0,669.5,670.1
NonMetal,669.9,669.5,670.0
NonMetal,669.9,669.4,670.0
NonMetal,669.9,669.4,670.0
NonMetal,669.9,669.4,670.0
NonMetal,669.9,669.5,670.0
NonMetal,669.9,669.5,669.9
NonMetal,669.9,669.4,669.9
NonMetal,669.9,669.5,669.9
NonMetal,669.9,669.5,669.8
NonMetal,669.9,669.5,669.9
NonMetal,670.0,669.5,669.8
NonMetal,669.9,669.5,669.8
NonMetal,670.0,669.5,669.8
NonMetal,670.0,669.5,669.8
NonMetal,670.0,669.5,669.8
NonMetal,670.0,669.5,669.8
NonMetal,670.0,669.5,669.8
NonMetal,670.0,669.5,669.8
NonMetal,670.1,669.5,669.8
NonMetal,670.1,669.5,669.8
NonMetal,670.0,669.6,669.8
PreciousMetals,593.7,593.2,593.1
PreciousMetals,593.6,593.1,593.1
PreciousMetals,593.6,593.1,593.0
PreciousMetals,593.5,593.0,592.9
PreciousMetals,593.4,592.9,592.9
PreciousMetals,593.3,592.8,592.8
PreciousMetals,593.2,592.8,592.7
PreciousMetals,593.1,592.7,592.6
PreciousMetals,593.1,592.7,592.6
PreciousMetals,593.1,592.6,592.5
PreciousMetals,593.1,592.7,592.6
PreciousMetals,593.2,592.8,592.8
PreciousMetals,593.3,592.9,592.9
PreciousMetals,593.4,592.9,593.0
PreciousMetals,593.5,593.1,593.0
PreciousMetals,593.5,593.2,593.1
PreciousMetals,593.6,593.3,593.2
PreciousMetals,593.7,593.3,593.3
PreciousMetals,593.8,593.3,593.4
PreciousMetals,593.8,593.5,593.4
PreciousMetals,593.8,593.6,593.4
PreciousMetals,593.9,593.6,593.5
PreciousMetals,594.0,593.6,593.5
PreciousMetals,594.1,593.7,593.6
PreciousMetals,594.4,594.0,594.0
PreciousMetals,594.8,594.6,594.5
PreciousMetals,595.4,595.1,595.1
PreciousMetals,595.9,595.6,595.5
PreciousMetals,596.3,596.0,595.9
PreciousMetals,596.7,596.3,596.3
PreciousMetals,597.1,596.8,596.8
PreciousMetals,597.5,597.2,597.2
PreciousMetals,597.9,597.5,597.4
PreciousMetals,598.1,597.7,597.7
PreciousMetals,598.3,597.9,597.9
PreciousMetals,598.5,598.1,598.1
PreciousMetals,598.6,598.3,598.4
PreciousMetals,598.8,598.5,598.6
PreciousMetals,598.9,598.6,598.7
PreciousMetals,599.0,598.8,598.9
PreciousMetals,599.1,598.9,599.0
PreciousMetals,599.1,598.9,599.0
PreciousMetals,599.1,599.0,599.0
PreciousMetals,599.0,598.9,598.9
PreciousMetals,599.0,598.9,598.9
PreciousMetals,599.0,598.9,598.9
PreciousMetals,599.0,598.7,598.8
PreciousMetals,598.9,598.6,598.7
PreciousMetals,598.7,598.5,598.6
PreciousMetals,598.7,598.5,598.5
PreciousMetals,598.8,598.6,598.5
PreciousMetals,598.8,598.5,598.5
PreciousMetals,599.0,598.7,598.8
PreciousMetals,599.4,599.1,599.4
PreciousMetals,600.1,599.8,600.0
PreciousMetals,600.9,600.6,600.7
PreciousMetals,601.7,601.3,601.6
PreciousMetals,602.4,602.1,602.3
PreciousMetals,603.1,602.9,603.1
PreciousMetals,604.2,603.9,604.2
PreciousMetals,606.0,605.8,606.0
PreciousMetals,607.9,607.6,607.8
PreciousMetals,609.5,609.4,609.6
PreciousMetals,611.5,611.3,611.5
PreciousMetals,613.5,613.4,613.5
PreciousMetals,615.5,615.2,615.4
PreciousMetals,617.3,617.1,617.2
PreciousMetals,618.9,618.7,618.7
PreciousMetals,618.9,618.1,617.5
PreciousMetals,617.8,617.2,616.7
PreciousMetals,617.0,616.3,615.8
PreciousMetals,616.2,615.4,615.0
PreciousMetals,615.3,614.6,614.1
PreciousMetals,614.5,613.7,613.4
PreciousMetals,613.7,612.8,612.6
PreciousMetals,612.9,611.9,611.9
PreciousMetals,612.0,611.1,611.1
PreciousMetals,611.2,610.3,610.3
PreciousMetals,610.5,609.6,609.6
PreciousMetals,609.7,608.9,608.9
PreciousMetals,609.0,608.2,608.3
PreciousMetals,608.4,607.5,607.6
PreciousMetals,607.7,606.9,606.9
PreciousMetals,607.2,606.3,606.3
PreciousMetals,606.5,605.6,605.7
PreciousMetals,606.0,605.1,605.2
PreciousMetals,605.5,604.5,604.7
PreciousMetals,604.9,604.0,604.2
PreciousMetals,604.4,603.5,603.6
PreciousMetals,603.9,603.0,603.2
PreciousMetals,603.4,602.5,602.7
PreciousMetals,603.1,602.2,602.4
PreciousMetals,603.0,602.0,602.3
PreciousMetals,602.8,601.9,602.1
PreciousMetals,602.7,601.6,601.8
PreciousMetals,602.6,601.5,601.6
PreciousMetals,602.4,601.3,601.5
PreciousMetals,602.3,601.2,601.4
PreciousMetals,602.2,601.0,601.2
PreciousMetals,602.0,600.9,600.9
PreciousMetals,493.4,492.3,492.3
PreciousMetals,493.5,492.4,492.5
PreciousMetals,493.6,492.5,492.6
PreciousMetals,493.6,492.6,492.7
PreciousMetals,493.7,492.6,492.9
PreciousMetals,493.8,492.7,493.0
PreciousMetals,493.8,492.8,493.1
PreciousMetals,493.9,492.9,493.2
PreciousMetals,494.0,493.0,493.3
PreciousMetals,494.0,493.0,493.3
PreciousMetals,494.1,493.0,493.4
PreciousMetals,494.1,493.1,493.4
PreciousMetals,494.1,493.2,493.4
PreciousMetals,494.1,493.4,493.5
PreciousMetals,494.2,493.4,493.5
PreciousMetals,494.1,493.4,493.5
PreciousMetals,494.1,493.5,493.6
PreciousMetals,494.2,493.5,493.6
PreciousMetals,494.2,493.6,493.6
PreciousMetals,494.1,493.6,493.5
PreciousMetals,494.1,493.6,493.5
PreciousMetals,494.1,493.6,493.5
PreciousMetals,494.2,493.7,493.5
PreciousMetals,494.3,493.7,493.6
PreciousMetals,494.4,493.8,493.7
PreciousMetals,494.4,493.8,493.7
PreciousMetals,494.5,493.8,493.8
PreciousMetals,494.5,493.8,493.9
PreciousMetals,494.6,493.9,494.0
PreciousMetals,494.7,494.1,494.1
PreciousMetals,494.7,494.1,494.1
PreciousMetals,494.7,494.1,494.2
PreciousMetals,494.9,494.2,494.3
PreciousMetals,494.9,494.3,494.3
PreciousMetals,494.9,494.4,494.2
PreciousMetals,494.9,494.3,494.2
PreciousMetals,495.6,495.0,494.9
PreciousMetals,497.2,496.7,496.8
PreciousMetals,499.5,499.0,498.9
PreciousMetals,501.3,500.7,500.6
PreciousMetals,502.7,502.2,502.0
PreciousMetals,504.0,503.4,503.2
PreciousMetals,505.1,504.6,504.4
PreciousMetals,506.3,505.7,505.7
PreciousMetals,507.8,507.1,507.1
PreciousMetals,509.7,508.9,508.9
PreciousMetals,511.5,510.8,510.8
PreciousMetals,513.0,512.2,512.3
PreciousMetals,513.7,512.6,512.9
PreciousMetals,516.3,516.3,517.0
PreciousMetals,520.1,520.0,520.6
PreciousMetals,523.5,523.4,524.0
PreciousMetals,526.8,526.7,527.2
PreciousMetals,529.8,529.7,530.2
PreciousMetals,532.7,532.6,533.0
PreciousMetals,535.5,535.4,535.9
PreciousMetals,538.2,538.0,538.5
PreciousMetals,540.7,540.4,541.0
PreciousMetals,543.0,542.8,543.2
PreciousMetals,545.3,545.0,545.4
PreciousMetals,547.4,547.1,547.5
PreciousMetals,549.5,549.2,549.5
PreciousMetals,551.5,551.1,551.4
PreciousMetals,553.3,553.0,553.3
PreciousMetals,555.1,554.7,555.1
PreciousMetals,556.7,556.4,556.8
PreciousMetals,558.3,558.0,558.4
PreciousMetals,559.8,559.5,559.9
PreciousMetals,561.3,560.9,561.4
PreciousMetals,562.6,562.3,562.6
PreciousMetals,563.9,563.6,563.8
PreciousMetals,565.1,564.8,564.9
PreciousMetals,566.2,566.0,566.0
PreciousMetals,567.4,567.0,567.0
PreciousMetals,568.5,568.1,568.1
PreciousMetals,569.5,569.1,568.9
PreciousMetals,570.4,570.1,569.9
PreciousMetals,571.1,570.9,570.8
PreciousMetals,571.9,571.8,571.6
PreciousMetals,572.7,572.6,572.3
PreciousMetals,573.4,573.3,573.0
PreciousMetals,574.0,573.8,573.5
PreciousMetals,574.3,574.1,573.9
PreciousMetals,574.7,574.4,574.2
PreciousMetals,575.0,574.7,574.5
PreciousMetals,575.3,575.0,574.9
PreciousMetals,575.6,575.2,575.1
PreciousMetals,575.9,575.6,575.4
PreciousMetals,576.1,575.7,575.7
PreciousMetals,576.4,576.0,576.0
PreciousMetals,576.6,576.1,576.3
PreciousMetals,576.8,576.3,576.5
PreciousMetals,577.0,576.5,576.7
PreciousMetals,577.2,576.7,577.0
PreciousMetals,577.4,577.0,577.2
PreciousMetals,577.6,577.1,577.4
PreciousMetals,577.9,577.3,577.6
PreciousMetals,578.1,577.4,577.7
PreciousMetals,578.2,577.4,578.0
PreciousMetals,578.2,577.4,577.8
PreciousMetals,529.5,528.7,528.8
PreciousMetals,529.5,528.8,528.9
PreciousMetals,529.6,528.8,529.1
PreciousMetals,529.8,529.1,529.4
PreciousMetals,530.0,529.2,529.6
PreciousMetals,530.3,529.4,529.8
PreciousMetals,530.3,529.5,529.9
PreciousMetals,530.4,529.6,530.1
PreciousMetals,530.5,529.6,530.1
PreciousMetals,530.5,529.7,530.1
PreciousMetals,530.7,529.9,530.2
PreciousMetals,530.9,530.1,530.5
PreciousMetals,531.2,530.5,530.8
PreciousMetals,531.5,530.8,531.1
PreciousMetals,531.8,531.0,531.3
PreciousMetals,531.8,531.1,531.4
PreciousMetals,532.0,531.2,531.5
PreciousMetals,532.1,531.4,531.6
PreciousMetals,532.0,531.5,531.6
PreciousMetals,532.0,531.3,531.6
PreciousMetals,532.0,531.4,531.5
PreciousMetals,532.0,531.4,531.4
PreciousMetals,531.9,531.3,531.3
PreciousMetals,531.9,531.3,531.2
PreciousMetals,531.8,531.3,531.1
PreciousMetals,531.7,531.2,531.1
PreciousMetals,531.6,531.1,531.0
PreciousMetals,531.4,530.9,530.8
PreciousMetals,531.0,530.5,530.5
PreciousMetals,530.5,529.9,529.9
PreciousMetals,529.8,529.2,529.2
PreciousMetals,528.8,528.5,528.4
PreciousMetals,528.1,527.8,527.6
PreciousMetals,527.3,527.0,526.8
PreciousMetals,526.6,526.3,526.1
PreciousMetals,526.0,525.5,525.5
PreciousMetals,525.2,524.8,524.7
PreciousMetals,524.6,524.1,524.0
PreciousMetals,523.7,523.3,523.1
PreciousMetals,523.0,522.5,522.3
PreciousMetals,522.2,521.7,521.5
PreciousMetals,521.6,520.9,520.8
PreciousMetals,521.0,520.4,520.3
PreciousMetals,520.5,519.9,519.8
PreciousMetals,520.2,519.5,519.4
PreciousMetals,520.0,519.3,519.2
PreciousMetals,520.0,519.0,519.1
PreciousMetals,519.9,519.1,519.1
PreciousMetals,519.8,519.0,518.9
PreciousMetals,519.5,518.6,518.7
PreciousMetals,519.4,518.4,518.6
PreciousMetals,519.6,518.5,518.6
PreciousMetals,520.1,519.0,519.1
PreciousMetals,520.6,519.5,519.5
PreciousMetals,521.0,520.1,520.0
PreciousMetals,521.4,520.5,520.5
PreciousMetals,521.9,520.8,520.9
PreciousMetals,522.2,521.2,521.2
PreciousMetals,522.6,521.6,521.6
PreciousMetals,522.9,521.9,521.9
PreciousMetals,523.2,522.2,522.2
PreciousMetals,523.3,522.3,522.2
PreciousMetals,523.5,522.5,522.5
PreciousMetals,523.8,522.8,522.8
PreciousMetals,524.3,523.1,523.2
PreciousMetals,524.7,523.5,523.5
PreciousMetals,525.1,524.0,524.1
PreciousMetals,525.7,524.6,524.7
PreciousMetals,526.2,525.2,525.2
PreciousMetals,526.6,525.6,525.6
PreciousMetals,526.9,526.0,526.0
PreciousMetals,527.2,526.4,526.3
PreciousMetals,527.6,526.6,526.6
PreciousMetals,527.9,527.0,527.0
PreciousMetals,528.3,527.5,527.4
PreciousMetals,528.8,528.0,528.0
PreciousMetals,529.5,528.6,528.6
PreciousMetals,530.1,529.4,529.2
PreciousMetals,530.7,530.1,529.9
PreciousMetals,531.3,530.7,530.5
PreciousMetals,532.0,531.3,531.1
PreciousMetals,532.7,532.1,531.9
PreciousMetals,533.4,532.8,532.6
PreciousMetals,534.1,533.3,533.2
PreciousMetals,534.6,533.8,533.7
PreciousMetals,534.9,534.2,534.1
PreciousMetals,535.7,535.0,534.9
PreciousMetals,537.1,536.5,536.5
PreciousMetals,538.5,537.9,537.9
PreciousMetals,539.6,538.9,538.8
PreciousMetals,540.2,539.4,539.5
PreciousMetals,540.5,539.8,539.8
PreciousMetals,540.7,540.0,540.0
PreciousMetals,540.6,539.8,539.9
PreciousMetals,540.2,539.4,539.5
PreciousMetals,539.8,539.1,539.1
PreciousMetals,539.7,538.8,539.0
PreciousMetals,539.4,538.6,538.9
PreciousMetals,539.0,538.3,538.6
PreciousMetals,538.6,537.8,538.1
PreciousMetals,542.7,542.0,541.8
PreciousMetals,543.9,543.1,542.8
PreciousMetals,544.4,543.4,543.1
PreciousMetals,543.2,542.1,541.6
PreciousMetals,541.0,539.9,539.4
PreciousMetals,539.1,537.9,537.4
PreciousMetals,537.4,536.3,535.8
PreciousMetals,535.5,534.4,534.0
PreciousMetals,533.7,532.6,532.1
PreciousMetals,531.9,530.7,530.4
PreciousMetals,530.1,529.0,528.7
PreciousMetals,528.4,527.4,527.1
PreciousMetals,526.8,525.8,525.5
PreciousMetals,525.3,524.3,524.1
PreciousMetals,523.8,522.8,522.6
PreciousMetals,522.5,521.5,521.3
PreciousMetals,521.2,520.2,520.0
PreciousMetals,520.0,519.0,518.8
PreciousMetals,518.8,517.8,517.6
PreciousMetals,517.7,516.7,516.5
PreciousMetals,516.7,515.7,515.5
PreciousMetals,515.7,514.7,514.6
PreciousMetals,514.8,513.8,513.8
PreciousMetals,513.9,512.9,513.0
PreciousMetals,513.1,512.0,512.1
PreciousMetals,512.3,511.2,511.2
PreciousMetals,511.4,510.3,510.5
PreciousMetals,510.6,509.5,509.7
PreciousMetals,509.8,508.8,508.9
PreciousMetals,509.1,508.1,508.1
PreciousMetals,508.4,507.4,507.5
PreciousMetals,507.7,506.8,506.8
PreciousMetals,507.2,506.1,506.2
PreciousMetals,506.7,505.6,505.8
PreciousMetals,506.3,505.2,505.3
PreciousMetals,506.1,505.0,505.3
PreciousMetals,506.4,505.3,505.5
PreciousMetals,506.6,505.5,505.6
PreciousMetals,506.5,505.4,505.5
PreciousMetals,506.2,505.2,505.3
PreciousMetals,506.0,505.0,505.1
PreciousMetals,505.8,504.8,504.9
PreciousMetals,505.6,504.5,504.6
PreciousMetals,505.5,504.3,504.3
PreciousMetals,505.3,504.0,504.1
PreciousMetals,505.1,503.8,503.9
PreciousMetals,504.9,503.6,503.7
PreciousMetals,504.7,503.4,503.5
PreciousMetals,504.4,503.3,503.3
PreciousMetals,504.0,503.0,503.1
PreciousMetals,503.8,502.7,502.9
PreciousMetals,503.6,502.5,502.6
PreciousMetals,503.4,502.3,502.4
PreciousMetals,503.2,502.1,502.1
PreciousMetals,503.0,501.9,501.9
PreciousMetals,502.8,501.7,501.7
PreciousMetals,502.6,501.6,501.5
PreciousMetals,502.4,501.4,501.3
PreciousMetals,502.2,501.2,501.1
PreciousMetals,501.9,501.0,500.9
PreciousMetals,501.6,500.7,500.7
PreciousMetals,501.4,500.5,500.5
PreciousMetals,501.2,500.2,500.3
PreciousMetals,501.0,500.1,500.2
PreciousMetals,500.9,499.9,500.0
PreciousMetals,500.8,499.8,500.0
PreciousMetals,500.6,499.5,499.8
PreciousMetals,500.5,499.4,499.7
PreciousMetals,500.3,499.2,499.5
PreciousMetals,500.3,499.1,499.5
PreciousMetals,500.2,499.1,499.4
PreciousMetals,500.1,499.0,499.2
PreciousMetals,500.0,498.9,499.2
PreciousMetals,499.9,498.8,499.1
PreciousMetals,499.8,498.7,499.0
PreciousMetals,499.5,498.6,498.9
PreciousMetals,499.6,498.5,498.8
PreciousMetals,499.4,498.5,498.8
PreciousMetals,499.4,498.4,498.8
PreciousMetals,499.3,498.4,498.8
PreciousMetals,499.2,498.3,498.7
PreciousMetals,499.2,498.2,498.6
PreciousMetals,499.0,498.1,498.5
PreciousMetals,499.0,498.1,498.4
PreciousMetals,498.8,497.9,498.2
PreciousMetals,498.7,497.8,498.1
PreciousMetals,498.5,497.6,497.9
PreciousMetals,498.3,497.4,497.9
PreciousMetals,498.2,497.3,497.8
PreciousMetals,498.1,497.2,497.6
PreciousMetals,498.0,497.0,497.5
PreciousMetals,497.9,496.9,497.3
PreciousMetals,497.8,496.8,497.3
PreciousMetals,497.7,496.7,497.2
PreciousMetals,497.6,496.6,497.0
PreciousMetals,497.5,496.5,496.8
PreciousMetals,497.4,496.3,496.7
PreciousMetals,497.3,496.3,496.5
PreciousMetals,497.2,496.1,496.4
PreciousMetals,497.1,496.0,496.2
PreciousMetals,590.9,589.9,590.1
PreciousMetals,590.4,589.3,589.5
PreciousMetals,589.8,588.8,589.0
PreciousMetals,589.3,588.3,588.4
PreciousMetals,588.8,587.8,588.0
PreciousMetals,588.3,587.3,587.4
PreciousMetals,587.8,586.8,587.0
PreciousMetals,587.4,586.3,586.5
PreciousMetals,587.0,586.0,586.1
PreciousMetals,586.6,585.6,585.7
PreciousMetals,586.2,585.2,585.2
PreciousMetals,585.9,584.8,584.9
PreciousMetals,585.6,584.4,584.6
PreciousMetals,585.2,584.1,584.3
PreciousMetals,584.9,583.7,584.0
PreciousMetals,584.6,583.4,583.7
PreciousMetals,584.2,583.0,583.4
PreciousMetals,583.9,582.7,583.1
PreciousMetals,583.5,582.3,582.9
PreciousMetals,582.8,581.6,582.1
PreciousMetals,582.5,581.5,581.8
PreciousMetals,582.4,581.3,581.6
PreciousMetals,582.2,581.1,581.4
PreciousMetals,582.0,581.0,581.2
PreciousMetals,581.9,580.8,580.9
PreciousMetals,581.7,580.6,580.7
PreciousMetals,581.5,580.4,580.5
PreciousMetals,581.2,580.2,580.4
PreciousMetals,580.9,580.0,580.2
PreciousMetals,580.8,579.8,580.0
PreciousMetals,580.6,579.5,579.8
PreciousMetals,580.4,579.3,579.6
PreciousMetals,580.2,579.1,579.5
PreciousMetals,580.0,578.9,579.3
PreciousMetals,579.9,578.7,579.0
PreciousMetals,579.7,578.6,578.8
PreciousMetals,579.5,578.6,578.6
PreciousMetals,579.4,578.4,578.5
PreciousMetals,579.3,578.3,578.4
PreciousMetals,579.3,578.2,578.3
PreciousMetals,579.2,578.1,578.3
PreciousMetals,579.1,578.1,578.3
PreciousMetals,579.1,578.0,578.3
PreciousMetals,578.9,578.0,578.3
PreciousMetals,578.9,578.1,578.3
PreciousMetals,578.9,578.1,578.3
PreciousMetals,578.9,578.1,578.3
PreciousMetals,578.9,578.1,578.3
PreciousMetals,578.9,578.1,578.3
PreciousMetals,578.9,578.2,578.3
PreciousMetals,578.9,578.2,578.3
PreciousMetals,578.9,578.2,578.3
PreciousMetals,578.9,578.2,578.2
PreciousMetals,579.0,578.2,578.2
PreciousMetals,579.0,578.2,578.1
PreciousMetals,579.0,578.1,578.1
PreciousMetals,578.9,578.0,578.0
PreciousMetals,578.7,578.1,578.0
PreciousMetals,578.6,578.0,578.1
PreciousMetals,578.6,578.0,578.1
PreciousMetals,578.6,577.9,578.1
PreciousMetals,578.6,577.9,578.0
PreciousMetals,578.6,578.0,578.0
PreciousMetals,578.5,578.0,577.9
PreciousMetals,578.5,578.0,577.9
PreciousMetals,578.4,577.9,577.9
PreciousMetals,578.5,577.9,577.8
PreciousMetals,578.5,577.9,577.8
PreciousMetals,578.5,577.9,577.9
PreciousMetals,578.5,578.0,577.8
PreciousMetals,578.6,578.0,577.9
PreciousMetals,578.6,578.1,577.9
PreciousMetals,578.6,578.1,577.9
PreciousMetals,578.7,578.1,577.9
PreciousMetals,578.7,578.1,578.0
PreciousMetals,578.8,578.2,578.2
PreciousMetals,578.7,578.2,578.2
PreciousMetals,578.8,578.3,578.2
PreciousMetals,578.9,578.4,578.3
PreciousMetals,579.0,578.4,578.4
PreciousMetals,579.0,578.4,578.5
PreciousMetals,579.1,578.5,578.6
PreciousMetals,579.3,578.5,578.7
PreciousMetals,579.3,578.6,578.7
PreciousMetals,579.4,578.7,578.8
PreciousMetals,579.6,578.8,578.9
PreciousMetals,579.7,578.9,579.0
PreciousMetals,579.8,578.9,579.1
PreciousMetals,579.8,579.0,579.1
PreciousMetals,579.8,579.1,579.2
PreciousMetals,579.8,579.2,579.2
PreciousMetals,579.9,579.2,579.3
PreciousMetals,579.9,579.1,579.5
PreciousMetals,580.0,579.3,579.5
PreciousMetals,580.0,579.4,579.6
PreciousMetals,580.1,579.4,579.6
PreciousMetals,580.0,579.3,579.6
PreciousMetals,580.0,579.3,579.5
PreciousMetals,580.0,579.3,579.5
PreciousMetals,580.0,579.3,579.5
PreciousMetals,589.0,588.2,588.4
PreciousMetals,589.8,589.0,589.2
PreciousMetals,590.7,589.8,590.0
PreciousMetals,591.4,590.5,590.7
PreciousMetals,592.0,591.0,591.4
PreciousMetals,592.5,591.5,591.9
PreciousMetals,592.9,591.9,592.4
PreciousMetals,593.2,592.2,592.7
PreciousMetals,593.6,592.6,593.1
PreciousMetals,594.1,593.0,593.6
PreciousMetals,594.5,593.5,594.0
PreciousMetals,594.9,594.0,594.6
PreciousMetals,595.4,594.6,595.0
PreciousMetals,596.0,595.1,595.6
PreciousMetals,596.5,595.7,596.1
PreciousMetals,597.2,596.2,596.6
PreciousMetals,597.9,596.9,597.3
PreciousMetals,598.4,597.5,598.0
PreciousMetals,599.1,598.1,598.7
PreciousMetals,599.8,598.8,599.4
PreciousMetals,600.3,599.3,599.9
PreciousMetals,600.9,599.9,600.5
PreciousMetals,601.5,600.4,601.1
PreciousMetals,602.0,601.0,601.6
PreciousMetals,602.5,601.5,602.1
PreciousMetals,603.0,601.9,602.5
PreciousMetals,603.3,602.3,602.9
PreciousMetals,603.7,602.7,603.2
PreciousMetals,604.1,603.1,603.5
PreciousMetals,604.4,603.5,603.9
PreciousMetals,604.8,603.9,604.4
PreciousMetals,605.2,604.3,604.7
PreciousMetals,605.6,604.6,605.0
PreciousMetals,605.9,604.9,605.3
PreciousMetals,606.1,605.1,605.6
PreciousMetals,606.4,605.4,605.8
PreciousMetals,606.6,605.7,606.1
PreciousMetals,606.8,605.9,606.2
PreciousMetals,607.0,606.1,606.4
PreciousMetals,607.2,606.3,606.6
PreciousMetals,607.4,606.6,606.8
PreciousMetals,607.4,606.7,606.9
PreciousMetals,607.6,606.8,607.1
PreciousMetals,607.9,607.1,607.3
PreciousMetals,608.4,607.6,607.9
PreciousMetals,608.9,608.2,608.4
PreciousMetals,609.3,608.6,608.8
PreciousMetals,609.6,608.9,609.2
PreciousMetals,609.9,609.1,609.5
PreciousMetals,610.1,609.4,609.6
PreciousMetals,610.3,609.5,609.8
PreciousMetals,610.5,609.7,610.0
PreciousMetals,610.7,609.9,610.2
PreciousMetals,610.9,610.2,610.4
PreciousMetals,611.1,610.3,610.6
PreciousMetals,611.3,610.6,610.7
PreciousMetals,611.3,610.8,610.8
PreciousMetals,611.5,611.0,611.0
PreciousMetals,611.6,611.2,611.2
PreciousMetals,611.7,611.3,611.3
PreciousMetals,611.8,611.4,611.4
PreciousMetals,612.0,611.6,611.6
PreciousMetals,612.1,611.7,611.6
PreciousMetals,612.3,611.8,611.8
PreciousMetals,612.5,611.9,611.9
PreciousMetals,612.6,611.9,611.9
PreciousMetals,612.7,612.0,612.0
PreciousMetals,612.7,612.0,612.1
PreciousMetals,612.9,612.2,612.1
PreciousMetals,612.9,612.3,612.2
PreciousMetals,613.0,612.3,612.2
PreciousMetals,613.1,612.4,612.2
PreciousMetals,613.2,612.4,612.3
PreciousMetals,613.4,612.5,612.5
PreciousMetals,613.4,612.6,612.5
PreciousMetals,613.6,612.7,612.8
PreciousMetals,613.7,612.7,612.9
PreciousMetals,613.7,612.8,613.0
PreciousMetals,613.7,612.8,613.0
PreciousMetals,613.6,612.8,613.1
PreciousMetals,613.6,612.8,613.1
PreciousMetals,613.5,612.8,613.0
PreciousMetals,613.5,612.8,612.9
PreciousMetals,613.4,612.8,612.8
PreciousMetals,613.5,612.7,612.7
PreciousMetals,613.4,612.7,612.6
PreciousMetals,613.4,612.8,612.6
PreciousMetals,613.4,612.8,612.6
PreciousMetals,613.3,612.8,612.5
PreciousMetals,613.2,612.6,612.3
PreciousMetals,613.0,612.5,612.2
PreciousMetals,612.7,612.2,611.9
PreciousMetals,611.9,611.3,611.1
PreciousMetals,610.8,610.1,609.9
PreciousMetals,609.3,608.6,608.4
PreciousMetals,607.8,607.1,606.9
PreciousMetals,606.7,606.1,605.9
PreciousMetals,605.9,605.2,605.1
PreciousMetals,605.2,604.5,604.5
PreciousMetals,604.6,604.0,603.9
PreciousMetals,593.2,592.8,593.0
PreciousMetals,593.2,592.7,593.0
PreciousMetals,593.1,592.7,592.9
PreciousMetals,593.1,592.6,592.8
PreciousMetals,593.0,592.6,592.8
PreciousMetals,592.9,592.5,592.7
PreciousMetals,592.9,592.5,592.6
PreciousMetals,592.9,592.5,592.6
PreciousMetals,592.8,592.4,592.6
PreciousMetals,592.7,592.3,592.5
PreciousMetals,592.7,592.4,592.5
PreciousMetals,592.7,592.4,592.5
PreciousMetals,592.7,592.4,592.5
PreciousMetals,592.7,592.4,592.6
PreciousMetals,592.8,592.4,592.6
PreciousMetals,593.0,592.6,592.7
PreciousMetals,593.1,592.8,592.8
PreciousMetals,593.2,592.8,592.8
PreciousMetals,593.2,592.8,592.9
PreciousMetals,593.2,592.9,592.8
PreciousMetals,593.1,592.9,592.8
PreciousMetals,593.0,592.7,592.6
PreciousMetals,592.8,592.5,592.4
PreciousMetals,592.7,592.3,592.2
PreciousMetals,592.6,592.2,592.1
PreciousMetals,592.4,592.0,592.0
PreciousMetals,592.3,592.0,591.9
PreciousMetals,592.2,592.0,591.8
PreciousMetals,592.3,592.0,591.9
PreciousMetals,592.3,592.1,592.0
PreciousMetals,593.0,592.8,592.9
PreciousMetals,593.9,593.5,593.7
PreciousMetals,594.3,594.0,594.1
PreciousMetals,594.7,594.4,594.5
PreciousMetals,595.2,594.9,595.0
PreciousMetals,595.7,595.4,595.5
PreciousMetals,596.1,595.9,595.9
PreciousMetals,596.6,596.3,596.4
PreciousMetals,597.0,596.8,596.8
PreciousMetals,597.5,597.1,597.3
PreciousMetals,597.9,597.6,597.6
PreciousMetals,598.2,597.8,598.0
PreciousMetals,598.7,598.1,598.4
PreciousMetals,598.9,598.6,598.7
PreciousMetals,599.3,598.8,599.0
PreciousMetals,599.5,599.1,599.4
PreciousMetals,599.8,599.5,599.6
PreciousMetals,600.1,599.8,600.0
PreciousMetals,600.4,600.1,600.4
PreciousMetals,600.6,600.3,600.6
PreciousMetals,600.9,600.6,600.9
PreciousMetals,601.2,600.8,601.2
PreciousMetals,601.4,601.1,601.6
PreciousMetals,601.6,601.3,601.8
PreciousMetals,601.9,601.6,601.9
PreciousMetals,602.2,601.8,602.2
PreciousMetals,602.4,602.1,602.5
PreciousMetals,602.7,602.4,602.8
PreciousMetals,603.0,602.6,602.9
PreciousMetals,603.3,602.9,603.2
PreciousMetals,603.7,603.2,603.5
PreciousMetals,604.1,603.7,603.9
PreciousMetals,604.5,604.1,604.3
PreciousMetals,604.8,604.5,604.7
PreciousMetals,605.2,604.8,605.0
PreciousMetals,605.5,605.2,605.3
PreciousMetals,605.8,605.5,605.5
PreciousMetals,605.9,605.6,605.7
PreciousMetals,606.1,605.7,605.8
PreciousMetals,606.0,605.6,605.7
PreciousMetals,605.9,605.3,605.5
PreciousMetals,605.9,605.3,605.2
PreciousMetals,605.7,605.1,605.0
PreciousMetals,605.5,604.9,604.8
PreciousMetals,605.4,604.7,604.6
PreciousMetals,605.3,604.6,604.6
PreciousMetals,605.1,604.5,604.4
PreciousMetals,604.9,604.3,604.1
PreciousMetals,604.7,603.9,603.9
PreciousMetals,604.3,603.6,603.4
PreciousMetals,603.8,603.1,602.9
PreciousMetals,603.3,602.6,602.5
PreciousMetals,602.9,602.1,602.0
PreciousMetals,602.4,601.7,601.6
PreciousMetals,602.0,601.2,601.1
PreciousMetals,601.7,600.9,600.8
PreciousMetals,601.4,600.7,600.5
PreciousMetals,601.0,600.4,600.2
PreciousMetals,600.7,600.2,600.1
PreciousMetals,600.6,600.0,600.0
PreciousMetals,600.5,599.9,599.8
PreciousMetals,600.4,599.8,599.6
PreciousMetals,600.2,599.7,599.4
PreciousMetals,600.0,599.5,599.4
PreciousMetals,599.8,599.4,599.3
PreciousMetals,599.7,599.2,599.2
PreciousMetals,599.6,599.1,599.1
PreciousMetals,599.4,599.0,599.0
PreciousMetals,599.4,598.9,598.9
PreciousMetals,599.3,598.8,598.8
PreciousMetals,564.7,563.8,563.7
PreciousMetals,564.5,563.6,563.5
PreciousMetals,564.3,563.4,563.4
PreciousMetals,564.0,563.1,563.1
PreciousMetals,563.9,562.9,562.9
PreciousMetals,563.7,562.7,562.7
PreciousMetals,563.4,562.5,562.5
PreciousMetals,563.2,562.3,562.3
PreciousMetals,562.9,562.2,562.2
PreciousMetals,562.7,562.0,562.1
PreciousMetals,562.5,561.8,561.9
PreciousMetals,562.4,561.7,561.7
PreciousMetals,562.2,561.6,561.6
PreciousMetals,562.1,561.4,561.4
PreciousMetals,561.9,561.2,561.3
PreciousMetals,561.8,561.1,561.2
PreciousMetals,561.8,561.1,561.1
PreciousMetals,561.7,561.1,561.1
PreciousMetals,561.6,561.0,561.0
PreciousMetals,561.6,560.9,561.0
PreciousMetals,561.6,561.0,561.0
PreciousMetals,561.6,561.0,561.0
PreciousMetals,561.7,561.1,561.2
PreciousMetals,561.9,561.2,561.3
PreciousMetals,561.9,561.2,561.3
PreciousMetals,561.9,561.2,561.3
PreciousMetals,561.9,561.3,561.4
PreciousMetals,562.0,561.2,561.5
PreciousMetals,562.0,561.2,561.5
PreciousMetals,561.9,561.1,561.4
PreciousMetals,561.8,561.1,561.3
PreciousMetals,561.8,561.0,561.2
PreciousMetals,561.7,561.1,561.2
PreciousMetals,561.7,561.0,561.1
PreciousMetals,561.7,561.0,561.1
PreciousMetals,561.7,561.0,561.2
PreciousMetals,561.6,561.0,561.2
PreciousMetals,561.6,561.0,561.2
PreciousMetals,561.7,561.0,561.1
PreciousMetals,561.6,561.1,561.1
PreciousMetals,561.7,561.1,561.2
PreciousMetals,561.8,561.3,561.4
PreciousMetals,562.0,561.4,561.5
PreciousMetals,562.0,561.4,561.5
PreciousMetals,561.9,561.4,561.6
PreciousMetals,562.0,561.5,561.7
PreciousMetals,562.0,561.6,561.8
PreciousMetals,562.0,561.5,561.7
PreciousMetals,561.8,561.4,561.5
PreciousMetals,561.8,561.2,561.4
PreciousMetals,561.6,561.1,561.3
PreciousMetals,561.6,561.0,561.2
PreciousMetals,561.4,560.9,561.1
PreciousMetals,561.3,560.8,561.0
PreciousMetals,561.3,560.7,560.9
PreciousMetals,561.1,560.7,560.8
PreciousMetals,561.1,560.7,560.7
PreciousMetals,560.9,560.6,560.6
PreciousMetals,560.9,560.4,560.5
PreciousMetals,560.7,560.2,560.4
PreciousMetals,560.4,560.1,560.1
PreciousMetals,560.1,559.8,559.9
PreciousMetals,559.9,559.6,559.7
PreciousMetals,559.9,559.5,559.5
PreciousMetals,559.8,559.4,559.5
PreciousMetals,559.8,559.4,559.5
PreciousMetals,559.9,559.5,559.6
PreciousMetals,559.9,559.7,559.8
PreciousMetals,560.1,559.8,559.8
PreciousMetals,560.2,560.0,560.0
PreciousMetals,560.4,560.2,560.1
PreciousMetals,560.7,560.4,560.3
PreciousMetals,560.9,560.6,560.5
PreciousMetals,561.1,560.9,560.7
PreciousMetals,561.3,561.1,561.0
PreciousMetals,561.6,561.3,561.2
PreciousMetals,561.8,561.3,561.4
PreciousMetals,561.9,561.6,561.6
PreciousMetals,562.2,561.8,561.8
PreciousMetals,562.3,561.9,562.0
PreciousMetals,562.4,562.0,562.2
PreciousMetals,562.6,562.1,562.4
PreciousMetals,562.9,562.4,562.5
PreciousMetals,563.1,562.6,562.5
PreciousMetals,563.1,562.7,562.7
PreciousMetals,563.3,562.8,562.8
PreciousMetals,563.4,562.9,562.9
PreciousMetals,563.4,563.0,563.1
PreciousMetals,563.5,563.1,563.2
PreciousMetals,563.6,563.2,563.3
PreciousMetals,563.7,563.3,563.4
PreciousMetals,563.9,563.4,563.5
PreciousMetals,564.1,563.5,563.7
PreciousMetals,564.2,563.6,563.8
PreciousMetals,564.2,563.7,563.9
PreciousMetals,564.2,563.8,564.0
PreciousMetals,564.3,563.9,564.1
PreciousMetals,564.4,564.1,564.1
PreciousMetals,564.6,564.2,564.3
PreciousMetals,564.7,564.2,564.3
PreciousMetals,559.8,559.2,559.2
PreciousMetals,559.8,559.2,559.1
PreciousMetals,559.8,559.2,559.2
PreciousMetals,559.8,559.3,559.3
PreciousMetals,559.9,559.4,559.5
PreciousMetals,559.9,559.5,559.6
PreciousMetals,560.0,559.5,559.6
PreciousMetals,560.1,559.6,559.7
PreciousMetals,560.2,559.7,559.7
PreciousMetals,560.3,559.8,559.8
PreciousMetals,560.4,559.9,559.8
PreciousMetals,560.4,560.0,560.0
PreciousMetals,560.5,560.0,560.0
PreciousMetals,560.6,560.1,560.1
PreciousMetals,560.6,560.2,560.1
PreciousMetals,560.8,560.4,560.3
PreciousMetals,561.0,560.7,560.6
PreciousMetals,561.3,560.9,560.8
PreciousMetals,561.7,561.3,561.1
PreciousMetals,561.9,561.7,561.5
PreciousMetals,562.2,562.0,561.9
PreciousMetals,562.6,562.3,562.2
PreciousMetals,562.8,562.6,562.5
PreciousMetals,563.1,562.7,562.7
PreciousMetals,563.2,562.9,562.9
PreciousMetals,563.5,563.1,563.1
PreciousMetals,563.9,563.3,563.4
PreciousMetals,564.0,563.4,563.5
PreciousMetals,564.2,563.5,563.7
PreciousMetals,564.4,563.6,563.8
PreciousMetals,564.5,563.8,563.9
PreciousMetals,564.5,563.9,564.0
PreciousMetals,564.6,564.1,564.0
PreciousMetals,564.5,564.0,563.9
PreciousMetals,564.4,564.0,563.9
PreciousMetals,564.3,563.8,563.7
PreciousMetals,564.2,563.7,563.6
PreciousMetals,564.1,563.5,563.5
PreciousMetals,563.9,563.3,563.4
PreciousMetals,563.6,563.1,563.2
PreciousMetals,563.5,563.0,563.1
PreciousMetals,563.4,562.8,563.0
PreciousMetals,563.3,562.7,562.8
PreciousMetals,563.1,562.5,562.6
PreciousMetals,562.9,562.3,562.5
PreciousMetals,562.8,562.2,562.4
PreciousMetals,562.6,562.0,562.2
PreciousMetals,562.6,562.0,562.2
PreciousMetals,562.6,561.8,562.1
PreciousMetals,562.4,561.7,561.9
PreciousMetals,562.2,561.5,561.7
PreciousMetals,562.0,561.4,561.5
PreciousMetals,561.8,561.2,561.4
PreciousMetals,561.7,561.0,561.3
PreciousMetals,561.5,560.8,561.1
PreciousMetals,561.3,560.7,561.0
PreciousMetals,561.2,560.7,560.9
PreciousMetals,561.1,560.6,560.7
PreciousMetals,561.0,560.5,560.7
PreciousMetals,561.0,560.5,560.6
PreciousMetals,560.9,560.3,560.4
PreciousMetals,560.8,560.2,560.3
PreciousMetals,560.7,560.2,560.3
PreciousMetals,560.7,560.2,560.2
PreciousMetals,560.6,560.0,560.0
PreciousMetals,560.5,560.0,560.0
PreciousMetals,560.4,559.9,559.9
PreciousMetals,560.3,559.9,559.9
PreciousMetals,560.2,559.8,559.8
PreciousMetals,560.2,559.7,559.8
PreciousMetals,560.1,559.6,559.7
PreciousMetals,560.1,559.5,559.7
PreciousMetals,559.9,559.4,559.7
PreciousMetals,559.9,559.5,559.7
PreciousMetals,560.0,559.5,559.7
PreciousMetals,560.0,559.6,559.8
PreciousMetals,560.1,559.7,559.8
PreciousMetals,560.2,559.7,559.8
PreciousMetals,560.2,559.7,559.9
PreciousMetals,560.3,559.8,559.9
PreciousMetals,560.3,559.9,559.9
PreciousMetals,560.4,560.0,560.0
PreciousMetals,560.5,560.0,560.1
PreciousMetals,560.6,560.0,560.1
PreciousMetals,560.6,560.0,560.2
PreciousMetals,560.7,560.1,560.2
PreciousMetals,560.7,560.1,560.2
PreciousMetals,560.7,560.1,560.2
PreciousMetals,560.7,560.0,560.3
PreciousMetals,560.6,560.0,560.3
PreciousMetals,560.6,560.0,560.2
PreciousMetals,560.6,560.0,560.2
PreciousMetals,560.6,560.0,560.2
PreciousMetals,560.6,560.1,560.2
PreciousMetals,560.6,560.1,560.3
PreciousMetals,560.5,560.0,560.3
PreciousMetals,560.5,560.0,560.3
PreciousMetals,560.5,560.1,560.3
PreciousMetals,560.5,560.0,560.3
PreciousMetals,560.5,560.0,560.2
PreciousMetals,558.5,557.6,557.6
PreciousMetals,558.4,557.6,557.5
PreciousMetals,558.3,557.6,557.5
PreciousMetals,558.4,557.7,557.5
PreciousMetals,558.4,557.7,557.5
PreciousMetals,558.4,557.7,557.5
PreciousMetals,558.4,557.5,557.4
PreciousMetals,558.3,557.5,557.4
PreciousMetals,558.2,557.4,557.3
PreciousMetals,558.1,557.3,557.4
PreciousMetals,558.0,557.4,557.3
PreciousMetals,558.1,557.4,557.3
PreciousMetals,558.2,557.4,557.4
PreciousMetals,558.2,557.6,557.4
PreciousMetals,558.4,557.8,557.6
PreciousMetals,558.5,557.9,557.8
PreciousMetals,558.6,558.1,557.9
PreciousMetals,558.7,558.3,558.1
PreciousMetals,558.9,558.4,558.3
PreciousMetals,559.0,558.5,558.4
PreciousMetals,559.1,558.6,558.5
PreciousMetals,559.3,558.7,558.7
PreciousMetals,559.4,558.8,558.8
PreciousMetals,559.5,559.0,558.9
PreciousMetals,559.6,559.1,559.0
PreciousMetals,559.7,559.2,559.1
PreciousMetals,559.8,559.3,559.2
PreciousMetals,559.8,559.4,559.2
PreciousMetals,559.9,559.4,559.2
PreciousMetals,560.0,559.4,559.3
PreciousMetals,560.1,559.5,559.4
PreciousMetals,560.1,559.6,559.5
PreciousMetals,560.1,559.6,559.5
PreciousMetals,560.1,559.6,559.5
PreciousMetals,560.0,559.5,559.5
PreciousMetals,560.0,559.4,559.4
PreciousMetals,559.9,559.3,559.3
PreciousMetals,559.9,559.3,559.2
PreciousMetals,559.7,559.3,559.3
PreciousMetals,559.7,559.2,559.3
PreciousMetals,559.6,559.2,559.2
PreciousMetals,559.5,559.1,559.1
PreciousMetals,559.4,559.0,559.0
PreciousMetals,559.3,559.0,558.9
PreciousMetals,559.4,559.0,558.9
PreciousMetals,559.4,559.0,558.9
PreciousMetals,559.4,559.0,558.9
PreciousMetals,559.4,559.1,559.0
PreciousMetals,559.4,559.1,559.0
PreciousMetals,559.5,559.2,559.1
PreciousMetals,559.6,559.3,559.2
PreciousMetals,559.8,559.4,559.4
PreciousMetals,559.9,559.5,559.5
PreciousMetals,560.0,559.6,559.7
PreciousMetals,560.1,559.7,559.9
PreciousMetals,560.2,559.8,559.9
PreciousMetals,560.2,559.8,559.9
PreciousMetals,560.2,559.8,559.9
PreciousMetals,560.2,559.9,559.8
PreciousMetals,560.2,559.9,559.8
PreciousMetals,560.3,559.9,559.9
PreciousMetals,560.3,559.9,559.9
PreciousMetals,560.3,559.9,560.0
PreciousMetals,560.3,559.9,560.0
PreciousMetals,560.3,559.9,560.0
PreciousMetals,560.3,559.9,560.0
PreciousMetals,560.4,559.9,560.1
PreciousMetals,560.5,560.0,560.2
PreciousMetals,560.5,560.0,560.3
PreciousMetals,560.5,560.0,560.3
PreciousMetals,560.5,560.1,560.3
PreciousMetals,560.7,560.1,560.4
PreciousMetals,560.8,560.2,560.5
PreciousMetals,560.8,560.3,560.5
PreciousMetals,560.8,560.3,560.4
PreciousMetals,560.8,560.3,560.5
PreciousMetals,560.9,560.5,560.5
PreciousMetals,560.8,560.5,560.5
PreciousMetals,560.8,560.5,560.6
PreciousMetals,560.9,560.5,560.5
PreciousMetals,560.8,560.5,560.6
PreciousMetals,560.8,560.5,560.6
PreciousMetals,560.8,560.6,560.6
PreciousMetals,560.7,560.6,560.6
PreciousMetals,560.7,560.6,560.6
PreciousMetals,560.7,560.5,560.5
PreciousMetals,560.7,560.5,560.5
PreciousMetals,560.7,560.5,560.4
PreciousMetals,560.7,560.5,560.4
PreciousMetals,560.7,560.5,560.4
PreciousMetals,560.6,560.4,560.3
PreciousMetals,560.6,560.4,560.3
PreciousMetals,560.6,560.3,560.2
PreciousMetals,560.6,560.3,560.2
PreciousMetals,560.7,560.3,560.2
PreciousMetals,560.7,560.3,560.2
PreciousMetals,560.6,560.3,560.2
PreciousMetals,560.6,560.3,560.2
PreciousMetals,560.7,560.3,560.2
PreciousMetals,560.7,560.3,560.3
PreciousMetals,559.6,558.8,558.9
PreciousMetals,559.4,558.7,558.8
PreciousMetals,559.3,558.7,558.8
PreciousMetals,559.3,558.6,558.7
PreciousMetals,559.2,558.5,558.6
PreciousMetals,559.2,558.4,558.6
PreciousMetals,559.1,558.4,558.6
PreciousMetals,559.0,558.4,558.4
PreciousMetals,558.9,558.4,558.3
PreciousMetals,558.9,558.4,558.3
PreciousMetals,558.9,558.3,558.3
PreciousMetals,558.8,558.3,558.2
PreciousMetals,558.9,558.3,558.1
PreciousMetals,558.8,558.2,558.2
PreciousMetals,558.8,558.1,558.2
PreciousMetals,558.8,558.1,558.2
PreciousMetals,558.8,558.1,558.2
PreciousMetals,558.7,558.1,558.2
PreciousMetals,558.6,558.1,558.1
PreciousMetals,558.5,558.1,558.2
PreciousMetals,558.5,558.1,558.2
PreciousMetals,558.5,558.2,558.2
PreciousMetals,558.5,558.2,558.1
PreciousMetals,558.4,558.2,558.1
PreciousMetals,558.4,558.2,558.2
PreciousMetals,558.5,558.2,558.1
PreciousMetals,558.5,558.2,558.1
PreciousMetals,558.4,558.2,558.1
PreciousMetals,558.4,558.2,558.1
PreciousMetals,558.5,558.2,558.1
PreciousMetals,558.5,558.1,558.0
PreciousMetals,558.4,558.1,558.0
PreciousMetals,558.4,558.1,558.0
PreciousMetals,558.5,558.1,558.0
PreciousMetals,558.5,558.1,558.0
PreciousMetals,558.4,558.0,557.9
PreciousMetals,558.4,558.0,558.0
PreciousMetals,558.4,558.0,557.9
PreciousMetals,558.5,558.0,558.0
PreciousMetals,558.5,558.0,558.0
PreciousMetals,558.5,558.0,558.1
PreciousMetals,558.6,558.1,558.2
PreciousMetals,558.7,558.2,558.3
PreciousMetals,558.8,558.3,558.4
PreciousMetals,558.9,558.4,558.5
PreciousMetals,559.0,558.6,558.6
PreciousMetals,559.2,558.7,558.7
PreciousMetals,559.3,558.8,558.9
PreciousMetals,559.4,558.8,559.0
PreciousMetals,559.4,558.9,559.0
PreciousMetals,559.4,558.8,559.0
PreciousMetals,559.3,558.9,559.0
PreciousMetals,559.2,558.7,558.8
PreciousMetals,559.1,558.6,558.7
PreciousMetals,559.0,558.5,558.6
PreciousMetals,559.0,558.4,558.5
PreciousMetals,558.9,558.3,558.5
PreciousMetals,558.8,558.3,558.4
PreciousMetals,558.7,558.2,558.4
PreciousMetals,558.5,558.2,558.4
PreciousMetals,558.4,558.1,558.3
PreciousMetals,558.4,558.1,558.2
PreciousMetals,558.3,558.0,558.2
PreciousMetals,558.2,557.9,558.2
PreciousMetals,558.1,557.9,558.2
PreciousMetals,558.1,557.8,558.1
PreciousMetals,558.0,557.7,558.1
PreciousMetals,558.0,557.7,558.0
PreciousMetals,558.0,557.6,557.9
PreciousMetals,558.1,557.6,557.9
PreciousMetals,558.1,557.5,557.8
PreciousMetals,558.1,557.5,557.9
PreciousMetals,558.1,557.5,557.9
PreciousMetals,558.1,557.5,557.9
PreciousMetals,558.2,557.6,557.9
PreciousMetals,558.2,557.6,558.0
PreciousMetals,558.3,557.7,558.1
PreciousMetals,558.4,557.8,558.0
PreciousMetals,558.4,557.8,558.1
PreciousMetals,558.6,557.9,558.1
PreciousMetals,558.5,558.0,558.1
PreciousMetals,558.6,558.0,558.1
PreciousMetals,558.6,558.1,558.2
PreciousMetals,558.6,558.1,558.2
PreciousMetals,558.7,558.1,558.2
PreciousMetals,558.7,558.2,558.2
PreciousMetals,558.7,558.2,558.2
PreciousMetals,558.8,558.2,558.3
PreciousMetals,558.8,558.2,558.2
PreciousMetals,558.8,558.3,558.2
PreciousMetals,558.8,558.2,558.2
PreciousMetals,558.7,558.2,558.1
PreciousMetals,558.6,558.1,558.1
PreciousMetals,558.6,558.1,558.1
PreciousMetals,558.5,558.0,558.0
PreciousMetals,558.4,558.0,558.0
PreciousMetals,558.4,557.9,558.0
PreciousMetals,558.4,557.9,558.0
PreciousMetals,558.4,557.9,558.0
PreciousMetals,558.5,557.8,558.0
PreciousMetals,557.8,556.7,556.8
PreciousMetals,557.6,556.5,556.8
PreciousMetals,557.3,556.2,556.4
PreciousMetals,557.0,555.9,556.1
PreciousMetals,556.7,555.7,555.8
PreciousMetals,556.6,555.6,555.6
PreciousMetals,556.5,555.4,555.5
PreciousMetals,556.4,555.4,555.5
PreciousMetals,556.3,555.3,555.5
PreciousMetals,556.2,555.1,555.3
PreciousMetals,555.9,554.9,555.1
PreciousMetals,555.6,554.5,554.9
PreciousMetals,555.3,554.2,554.4
PreciousMetals,555.2,554.2,554.4
PreciousMetals,555.3,554.1,554.4
PreciousMetals,555.1,554.1,554.3
PreciousMetals,555.1,554.1,554.3
PreciousMetals,555.1,554.2,554.2
PreciousMetals,555.0,554.0,554.0
PreciousMetals,554.8,553.8,553.8
PreciousMetals,554.6,553.8,553.6
PreciousMetals,554.4,553.6,553.5
PreciousMetals,554.2,553.4,553.3
PreciousMetals,554.1,553.2,553.3
PreciousMetals,554.0,553.2,553.1
PreciousMetals,553.8,553.0,552.9
PreciousMetals,553.7,552.9,552.7
PreciousMetals,553.5,552.6,552.5
PreciousMetals,553.3,552.5,552.2
PreciousMetals,553.1,552.3,552.1
PreciousMetals,553.1,552.3,552.1
PreciousMetals,553.1,552.4,552.0
PreciousMetals,553.2,552.4,552.1
PreciousMetals,553.2,552.5,552.1
PreciousMetals,553.1,552.5,552.1
PreciousMetals,553.0,552.4,552.0
PreciousMetals,553.0,552.2,551.8
PreciousMetals,552.9,552.1,551.7
PreciousMetals,552.8,552.0,551.5
PreciousMetals,552.7,551.9,551.5
PreciousMetals,552.7,551.9,551.5
PreciousMetals,552.7,551.9,551.5
PreciousMetals,552.6,551.8,551.5
PreciousMetals,552.6,551.8,551.5
PreciousMetals,552.6,551.7,551.7
PreciousMetals,552.6,551.8,551.7
PreciousMetals,552.6,551.8,551.7
PreciousMetals,552.6,551.8,551.8
PreciousMetals,552.7,551.8,551.9
PreciousMetals,552.7,551.8,551.9
PreciousMetals,552.9,551.9,552.0
PreciousMetals,552.9,552.0,552.1
PreciousMetals,553.0,552.1,552.1
PreciousMetals,553.0,552.1,552.2
PreciousMetals,553.1,552.2,552.2
PreciousMetals,553.3,552.2,552.3
PreciousMetals,553.3,552.2,552.4
PreciousMetals,553.3,552.3,552.3
PreciousMetals,553.4,552.3,552.5
PreciousMetals,553.4,552.3,552.5
PreciousMetals,553.4,552.2,552.6
PreciousMetals,553.5,552.2,552.5
PreciousMetals,553.5,552.2,552.6
PreciousMetals,553.5,552.2,552.5
PreciousMetals,553.6,552.2,552.7
PreciousMetals,553.7,552.3,552.6
PreciousMetals,553.7,552.3,552.6
PreciousMetals,553.7,552.4,552.6
PreciousMetals,553.8,552.5,552.7
PreciousMetals,553.8,552.6,552.8
PreciousMetals,553.9,552.5,552.8
PreciousMetals,554.0,552.6,552.8
PreciousMetals,554.2,552.8,553.0
PreciousMetals,554.3,552.8,553.0
PreciousMetals,554.3,552.9,553.2
PreciousMetals,554.4,553.0,553.2
PreciousMetals,554.5,553.0,553.3
PreciousMetals,554.6,553.2,553.4
PreciousMetals,554.7,553.4,553.5
PreciousMetals,554.8,553.5,553.5
PreciousMetals,554.8,553.5,553.5
PreciousMetals,554.9,553.7,553.5
PreciousMetals,555.0,553.7,553.6
PreciousMetals,555.0,553.7,553.6
PreciousMetals,555.0,553.6,553.6
PreciousMetals,554.8,553.6,553.7
PreciousMetals,554.7,553.6,553.7
PreciousMetals,554.6,553.6,553.5
PreciousMetals,554.5,553.6,553.5
PreciousMetals,554.5,553.5,553.5
PreciousMetals,554.4,553.5,553.5
PreciousMetals,554.4,553.5,553.4
PreciousMetals,554.4,553.5,553.4
PreciousMetals,554.4,553.5,553.4
PreciousMetals,554.4,553.4,553.5
PreciousMetals,554.4,553.4,553.5
PreciousMetals,554.5,553.6,553.6
PreciousMetals,554.7,553.7,553.6
PreciousMetals,554.8,553.7,553.7
PreciousMetals,554.8,553.7,553.6
PreciousMetals,552.3,550.9,551.1
PreciousMetals,552.7,551.3,551.5
PreciousMetals,552.8,551.4,551.7
PreciousMetals,553.0,551.6,551.9
PreciousMetals,553.1,551.8,552.0
PreciousMetals,553.2,551.8,552.1
PreciousMetals,553.3,551.8,552.2
PreciousMetals,553.4,552.0,552.2
PreciousMetals,553.5,552.0,552.3
PreciousMetals,553.5,552.2,552.5
PreciousMetals,553.7,552.5,552.7
PreciousMetals,553.9,552.6,552.9
PreciousMetals,554.0,552.7,553.0
PreciousMetals,554.1,552.8,553.1
PreciousMetals,554.2,552.7,553.0
PreciousMetals,554.1,552.8,552.9
PreciousMetals,554.0,552.8,552.9
PreciousMetals,553.9,552.8,552.9
PreciousMetals,553.9,552.7,552.8
PreciousMetals,553.8,552.6,552.8
PreciousMetals,553.7,552.6,552.7
PreciousMetals,553.6,552.5,552.6
PreciousMetals,553.5,552.5,552.6
PreciousMetals,553.4,552.5,552.5
PreciousMetals,553.3,552.4,552.6
PreciousMetals,553.1,552.3,552.5
PreciousMetals,553.0,552.2,552.4
PreciousMetals,553.0,552.0,552.4
PreciousMetals,552.9,552.0,552.3
PreciousMetals,552.8,552.0,552.3
PreciousMetals,552.8,551.9,552.3
PreciousMetals,552.7,551.9,552.2
PreciousMetals,552.7,551.9,552.2
PreciousMetals,552.7,551.9,552.2
PreciousMetals,552.7,551.9,552.3
PreciousMetals,553.1,552.3,552.7
PreciousMetals,553.4,552.6,553.1
PreciousMetals,553.5,552.7,553.1
PreciousMetals,553.4,552.6,552.9
PreciousMetals,553.3,552.4,552.7
PreciousMetals,553.3,552.4,552.6
PreciousMetals,553.2,552.2,552.5
PreciousMetals,553.1,552.1,552.5
PreciousMetals,553.1,552.1,552.4
PreciousMetals,553.0,552.1,552.3
PreciousMetals,553.0,551.9,552.2
PreciousMetals,552.9,551.9,552.2
PreciousMetals,552.8,551.8,552.1
PreciousMetals,552.6,551.8,552.0
PreciousMetals,552.6,551.7,551.9
PreciousMetals,552.5,551.6,551.7
PreciousMetals,552.5,551.4,551.7
PreciousMetals,552.4,551.4,551.7
PreciousMetals,552.5,551.5,551.8
PreciousMetals,552.8,551.7,552.1
PreciousMetals,553.1,552.1,552.5
PreciousMetals,553.4,552.5,552.9
PreciousMetals,553.7,552.8,553.2
PreciousMetals,554.0,553.0,553.4
PreciousMetals,554.1,553.1,553.5
PreciousMetals,554.2,553.3,553.4
PreciousMetals,554.3,553.4,553.6
PreciousMetals,554.3,553.5,553.6
PreciousMetals,554.4,553.6,553.7
PreciousMetals,554.5,553.6,553.8
PreciousMetals,554.6,553.7,553.8
PreciousMetals,554.4,553.6,553.7
PreciousMetals,554.3,553.5,553.6
PreciousMetals,554.1,553.4,553.5
PreciousMetals,554.1,553.3,553.5
PreciousMetals,554.1,553.2,553.4
PreciousMetals,553.9,553.1,553.3
PreciousMetals,553.9,553.1,553.2
PreciousMetals,553.8,553.0,553.2
PreciousMetals,553.7,553.0,553.1
PreciousMetals,553.7,552.9,553.1
PreciousMetals,553.6,552.9,552.9
PreciousMetals,553.5,552.8,552.9
PreciousMetals,553.4,552.7,552.7
PreciousMetals,553.3,552.5,552.6
PreciousMetals,553.2,552.4,552.5
PreciousMetals,553.2,552.3,552.3
PreciousMetals,553.0,552.3,552.2
PreciousMetals,553.0,552.3,552.1
PreciousMetals,552.9,552.2,552.0
PreciousMetals,552.9,552.2,552.0
PreciousMetals,552.8,552.2,552.0
PreciousMetals,552.9,552.1,552.0
PreciousMetals,553.0,552.2,552.1
PreciousMetals,553.0,552.2,552.0
PreciousMetals,553.0,552.1,551.9
PreciousMetals,553.0,552.2,552.0
PreciousMetals,553.0,552.3,552.1
PreciousMetals,553.1,552.3,552.2
PreciousMetals,553.1,552.3,552.2
PreciousMetals,553.0,552.2,552.1
PreciousMetals,553.0,552.2,552.2
PreciousMetals,553.0,552.2,552.1
PreciousMetals,553.0,552.2,552.1
PreciousMetals,552.9,552.1,552.0
PreciousMetals,556.1,555.2,555.3
PreciousMetals,556.1,555.3,555.3
PreciousMetals,556.0,555.3,555.3
PreciousMetals,556.1,555.3,555.2
PreciousMetals,556.1,555.2,555.2
PreciousMetals,556.2,555.2,555.3
PreciousMetals,556.2,555.3,555.3
PreciousMetals,556.3,555.3,555.4
PreciousMetals,556.2,555.3,555.3
PreciousMetals,556.2,555.4,555.4
PreciousMetals,556.1,555.3,555.4
PreciousMetals,556.2,555.3,555.4
PreciousMetals,556.2,555.3,555.3
PreciousMetals,556.3,555.4,555.4
PreciousMetals,556.2,555.5,555.4
PreciousMetals,556.1,555.4,555.5
PreciousMetals,556.1,555.6,555.5
PreciousMetals,556.2,555.6,555.5
PreciousMetals,556.2,555.6,555.5
PreciousMetals,556.1,555.7,555.6
PreciousMetals,556.1,555.7,555.6
PreciousMetals,556.1,555.7,555.7
PreciousMetals,556.2,555.7,555.6
PreciousMetals,556.2,555.7,555.6
PreciousMetals,556.3,555.5,555.6
PreciousMetals,556.2,555.4,555.7
PreciousMetals,556.4,555.4,555.8
PreciousMetals,556.5,555.6,555.9
PreciousMetals,556.7,555.7,556.1
PreciousMetals,556.8,555.9,556.2
PreciousMetals,556.9,556.1,556.4
PreciousMetals,557.0,556.2,556.5
PreciousMetals,557.3,556.5,556.7
PreciousMetals,557.6,556.8,556.9
PreciousMetals,557.8,557.0,557.2
PreciousMetals,558.1,557.4,557.6
PreciousMetals,558.6,557.8,557.9
PreciousMetals,559.0,558.1,558.3
PreciousMetals,559.4,558.4,558.6
PreciousMetals,559.6,558.7,558.9
PreciousMetals,559.8,558.9,559.1
PreciousMetals,559.9,559.0,559.2
PreciousMetals,560.0,559.2,559.3
PreciousMetals,560.2,559.3,559.4
PreciousMetals,560.3,559.4,559.5
PreciousMetals,560.3,559.5,559.6
PreciousMetals,560.3,559.5,559.6
PreciousMetals,560.4,559.5,559.7
PreciousMetals,560.4,559.6,559.7
PreciousMetals,560.4,559.6,559.7
PreciousMetals,560.4,559.6,559.7
PreciousMetals,560.5,559.5,559.7
PreciousMetals,560.4,559.6,559.7
PreciousMetals,560.4,559.6,559.6
PreciousMetals,560.4,559.6,559.6
PreciousMetals,560.4,559.5,559.5
PreciousMetals,560.3,559.5,559.5
PreciousMetals,560.3,559.5,559.5
PreciousMetals,560.2,559.4,559.4
PreciousMetals,560.1,559.4,559.4
PreciousMetals,560.1,559.3,559.4
PreciousMetals,560.1,559.3,559.3
PreciousMetals,560.1,559.3,559.3
PreciousMetals,560.0,559.2,559.3
PreciousMetals,560.0,559.2,559.3
PreciousMetals,560.0,559.2,559.3
PreciousMetals,559.9,559.1,559.2
PreciousMetals,559.8,559.2,559.2
PreciousMetals,559.8,559.2,559.2
PreciousMetals,559.8,559.2,559.1
PreciousMetals,559.8,559.2,559.1
PreciousMetals,559.7,559.2,559.1
PreciousMetals,559.6,559.2,559.1
PreciousMetals,559.6,559.2,559.1
PreciousMetals,559.6,559.1,559.1
PreciousMetals,559.6,559.1,559.1
PreciousMetals,559.6,559.2,559.1
PreciousMetals,559.7,559.1,559.1
PreciousMetals,559.7,559.1,559.1
PreciousMetals,559.6,559.1,559.1
PreciousMetals,559.6,559.2,559.1
PreciousMetals,559.6,559.1,559.1
PreciousMetals,559.7,559.1,559.1
PreciousMetals,559.7,559.1,559.1
PreciousMetals,559.7,559.1,559.1
PreciousMetals,559.7,559.0,559.1
PreciousMetals,559.6,559.0,559.2
PreciousMetals,559.6,559.0,559.1
PreciousMetals,559.5,558.9,559.0
PreciousMetals,559.5,558.9,559.0
PreciousMetals,559.4,558.9,559.0
PreciousMetals,559.4,558.9,558.9
PreciousMetals,559.4,558.9,558.9
PreciousMetals,559.3,558.9,558.9
PreciousMetals,559.3,558.8,558.9
PreciousMetals,559.2,558.7,558.8
PreciousMetals,559.3,558.7,558.8
PreciousMetals,559.4,558.7,558.8
PreciousMetals,559.3,558.6,558.8
PreciousMetals,559.3,558.6,558.8
PreciousMetals,559.3,558.5,558.5
PreciousMetals,559.2,558.5,558.6
PreciousMetals,559.3,558.5,558.6
PreciousMetals,559.3,558.4,558.6
PreciousMetals,559.2,558.4,558.6
PreciousMetals,559.1,558.5,558.5
PreciousMetals,559.1,558.5,558.6
PreciousMetals,559.1,558.5,558.6
PreciousMetals,559.1,558.5,558.6
PreciousMetals,559.2,558.4,558.6
PreciousMetals,559.1,558.4,558.6
PreciousMetals,559.2,558.4,558.6
PreciousMetals,559.2,558.3,558.6
PreciousMetals,559.2,558.3,558.6
PreciousMetals,559.3,558.3,558.6
PreciousMetals,559.2,558.3,558.6
PreciousMetals,559.2,558.2,558.5
PreciousMetals,559.2,558.2,558.5
PreciousMetals,559.2,558.2,558.5
PreciousMetals,559.2,558.3,558.6
PreciousMetals,559.2,558.2,558.6
PreciousMetals,559.3,558.2,558.7
PreciousMetals,559.2,558.3,558.8
PreciousMetals,559.3,558.3,558.7
PreciousMetals,559.2,558.3,558.7
PreciousMetals,559.2,558.3,558.6
PreciousMetals,559.2,558.3,558.7
PreciousMetals,559.2,558.4,558.7
PreciousMetals,559.2,558.4,558.7
PreciousMetals,559.2,558.3,558.6
PreciousMetals,559.2,558.3,558.6
PreciousMetals,559.1,558.3,558.7
PreciousMetals,559.2,558.3,558.6
PreciousMetals,559.2,558.3,558.6
PreciousMetals,559.3,558.4,558.6
PreciousMetals,559.2,558.4,558.6
PreciousMetals,559.2,558.5,558.6
PreciousMetals,559.2,558.5,558.6
PreciousMetals,559.2,558.6,558.6
PreciousMetals,559.2,558.5,558.6
PreciousMetals,559.2,558.5,558.6
PreciousMetals,559.2,558.4,558.5
PreciousMetals,559.2,558.4,558.5
PreciousMetals,559.2,558.4,558.5
PreciousMetals,559.2,558.4,558.6
PreciousMetals,559.2,558.4,558.6
PreciousMetals,559.3,558.5,558.6
PreciousMetals,559.4,558.6,558.7
PreciousMetals,559.5,558.8,559.0
PreciousMetals,559.6,558.9,559.0
PreciousMetals,559.7,559.1,559.2
PreciousMetals,560.0,559.3,559.6
PreciousMetals,560.3,559.7,560.0
PreciousMetals,560.6,560.1,560.2
PreciousMetals,560.9,560.3,560.4
PreciousMetals,561.1,560.6,560.6
PreciousMetals,561.3,560.8,560.8
PreciousMetals,561.5,561.0,561.0
PreciousMetals,561.7,561.3,561.1
PreciousMetals,561.8,561.4,561.2
PreciousMetals,562.0,561.5,561.3
PreciousMetals,562.1,561.5,561.4
PreciousMetals,562.1,561.6,561.5
PreciousMetals,562.1,561.7,561.6
PreciousMetals,562.2,561.9,561.7
PreciousMetals,562.4,562.0,561.9
PreciousMetals,562.5,562.1,561.9
PreciousMetals,562.5,562.1,561.9
PreciousMetals,562.5,562.2,562.1
PreciousMetals,562.5,562.1,562.0
PreciousMetals,562.4,562.1,562.0
PreciousMetals,562.4,562.1,561.9
PreciousMetals,562.4,562.1,561.9
PreciousMetals,562.4,562.1,561.9
PreciousMetals,562.5,562.0,561.9
PreciousMetals,562.4,562.0,561.9
PreciousMetals,562.3,561.9,561.9
PreciousMetals,562.2,561.8,561.8
PreciousMetals,562.0,561.7,561.7
PreciousMetals,562.0,561.6,561.6
PreciousMetals,561.9,561.5,561.5
PreciousMetals,561.8,561.5,561.5
PreciousMetals,561.6,561.3,561.2
PreciousMetals,561.4,561.1,561.0
PreciousMetals,561.2,560.9,560.9
PreciousMetals,561.2,560.8,560.9
PreciousMetals,561.1,560.7,560.8
PreciousMetals,561.1,560.6,560.8
PreciousMetals,561.1,560.6,560.8
PreciousMetals,561.1,560.7,560.8
PreciousMetals,561.1,560.8,560.9
PreciousMetals,561.2,560.9,560.9
PreciousMetals,561.4,561.0,561.1
PreciousMetals,561.5,561.2,561.2
PreciousMetals,561.6,561.3,561.4
PreciousMetals,561.8,561.5,561.6
PreciousMetals,561.9,561.6,561.7
PreciousMetals,562.1,561.8,561.8
PreciousMetals,562.4,562.0,562.0
PreciousMetals,562.5,562.2,562.1
PreciousMetals,558.2,557.4,557.4
PreciousMetals,558.3,557.5,557.5
PreciousMetals,558.4,557.5,557.6
PreciousMetals,558.4,557.5,557.6
PreciousMetals,558.4,557.6,557.5
PreciousMetals,558.4,557.6,557.6
PreciousMetals,558.4,557.7,557.6
PreciousMetals,558.4,557.8,557.7
PreciousMetals,558.5,557.8,557.6
PreciousMetals,558.6,557.9,557.7
PreciousMetals,558.5,557.9,557.6
PreciousMetals,558.5,557.9,557.6
PreciousMetals,558.4,557.8,557.6
PreciousMetals,558.4,557.9,557.6
PreciousMetals,558.4,557.9,557.6
PreciousMetals,558.4,557.9,557.5
PreciousMetals,558.3,557.8,557.5
PreciousMetals,558.3,557.8,557.5
PreciousMetals,558.3,557.8,557.5
PreciousMetals,558.4,557.8,557.6
PreciousMetals,558.6,558.1,558.0
PreciousMetals,559.0,558.5,558.3
PreciousMetals,559.4,558.8,558.6
PreciousMetals,559.7,559.0,558.9
PreciousMetals,559.9,559.2,559.1
PreciousMetals,560.0,559.3,559.2
PreciousMetals,560.1,559.4,559.3
PreciousMetals,560.2,559.5,559.4
PreciousMetals,560.3,559.5,559.5
PreciousMetals,560.3,559.5,559.5
PreciousMetals,560.3,559.6,559.5
PreciousMetals,560.3,559.7,559.7
PreciousMetals,560.4,559.7,559.7
PreciousMetals,560.4,559.8,559.8
PreciousMetals,560.5,559.9,559.8
PreciousMetals,560.5,559.9,559.9
PreciousMetals,560.5,559.9,559.9
PreciousMetals,560.5,560.0,560.0
PreciousMetals,560.6,560.0,560.0
PreciousMetals,560.6,560.1,560.0
PreciousMetals,560.5,560.0,560.0
PreciousMetals,560.4,559.9,559.9
PreciousMetals,560.2,559.6,559.7
PreciousMetals,560.1,559.5,559.6
PreciousMetals,559.9,559.4,559.5
PreciousMetals,559.8,559.3,559.3
PreciousMetals,559.7,559.1,559.1
PreciousMetals,559.6,559.1,559.0
PreciousMetals,559.5,559.0,558.8
PreciousMetals,559.3,558.8,558.7
PreciousMetals,559.2,558.7,558.6
PreciousMetals,559.1,558.5,558.6
PreciousMetals,559.0,558.4,558.4
PreciousMetals,558.9,558.4,558.3
PreciousMetals,558.8,558.3,558.2
PreciousMetals,558.7,558.2,558.2
PreciousMetals,558.7,558.1,558.1
PreciousMetals,558.6,558.1,558.0
PreciousMetals,558.4,558.0,557.9
PreciousMetals,558.3,557.9,557.9
PreciousMetals,558.3,557.8,557.7
PreciousMetals,558.2,557.9,557.7
PreciousMetals,558.2,557.8,557.6
PreciousMetals,558.1,557.7,557.6
PreciousMetals,558.1,557.7,557.5
PreciousMetals,558.0,557.7,557.5
PreciousMetals,557.9,557.6,557.6
PreciousMetals,557.9,557.6,557.6
PreciousMetals,558.0,557.5,557.6
PreciousMetals,557.9,557.4,557.6
PreciousMetals,557.9,557.5,557.5
PreciousMetals,557.9,557.6,557.5
PreciousMetals,558.0,557.6,557.4
PreciousMetals,558.0,557.5,557.4
PreciousMetals,558.1,557.6,557.5
PreciousMetals,558.1,557.4,557.5
PreciousMetals,558.1,557.4,557.5
PreciousMetals,558.0,557.4,557.5
PreciousMetals,558.0,557.4,557.5
PreciousMetals,557.9,557.4,557.4
PreciousMetals,557.9,557.4,557.4
PreciousMetals,557.9,557.3,557.4
PreciousMetals,557.9,557.4,557.5
PreciousMetals,557.9,557.4,557.5
PreciousMetals,557.9,557.4,557.4
PreciousMetals,558.0,557.4,557.4
PreciousMetals,558.0,557.4,557.4
PreciousMetals,557.9,557.4,557.4
PreciousMetals,557.9,557.3,557.3
PreciousMetals,558.0,557.3,557.4
PreciousMetals,558.0,557.3,557.4
PreciousMetals,558.0,557.3,557.5
PreciousMetals,557.9,557.3,557.5
PreciousMetals,557.8,557.3,557.4
PreciousMetals,557.8,557.3,557.4
PreciousMetals,557.7,557.1,557.4
PreciousMetals,557.7,557.2,557.4
PreciousMetals,557.8,557.2,557.4
PreciousMetals,557.8,557.2,557.5
PreciousMetals,557.8,557.1,557.4
PreciousMetals,594.9,594.4,594.3
PreciousMetals,594.5,594.1,594.0
PreciousMetals,594.2,593.8,593.7
PreciousMetals,593.8,593.4,593.3
PreciousMetals,593.4,593.0,592.9
PreciousMetals,592.9,592.7,592.5
PreciousMetals,592.5,592.3,592.2
PreciousMetals,592.2,592.1,592.0
PreciousMetals,592.0,591.7,591.6
PreciousMetals,591.6,591.4,591.3
PreciousMetals,591.3,591.1,591.0
PreciousMetals,591.1,590.9,591.0
PreciousMetals,590.9,590.8,590.7
PreciousMetals,590.9,590.6,590.6
PreciousMetals,590.7,590.4,590.4
PreciousMetals,590.5,590.3,590.2
PreciousMetals,590.2,590.0,589.9
PreciousMetals,590.0,589.8,589.7
PreciousMetals,589.8,589.6,589.6
PreciousMetals,589.8,589.6,589.5
PreciousMetals,589.7,589.4,589.4
PreciousMetals,589.6,589.2,589.2
PreciousMetals,589.6,589.3,589.2
PreciousMetals,589.5,589.3,589.1
PreciousMetals,589.6,589.2,589.1
PreciousMetals,589.4,589.2,589.1
PreciousMetals,589.4,589.2,588.9
PreciousMetals,589.3,588.8,588.6
PreciousMetals,588.9,588.5,588.3
PreciousMetals,588.6,588.2,587.9
PreciousMetals,588.2,587.9,587.7
PreciousMetals,587.9,587.7,587.4
PreciousMetals,587.6,587.4,587.1
PreciousMetals,587.3,587.2,587.0
PreciousMetals,587.3,587.0,586.9
PreciousMetals,587.0,586.8,586.8
PreciousMetals,586.8,586.7,586.5
PreciousMetals,587.0,586.8,586.6
PreciousMetals,587.2,587.0,586.7
PreciousMetals,587.4,587.2,586.9
PreciousMetals,587.5,587.3,587.0
PreciousMetals,587.7,587.4,587.2
PreciousMetals,587.8,587.6,587.3
PreciousMetals,587.8,587.5,587.3
PreciousMetals,587.8,587.4,587.3
PreciousMetals,587.8,587.3,587.3
PreciousMetals,587.7,587.2,587.3
PreciousMetals,587.5,587.1,587.1
PreciousMetals,587.3,587.0,586.9
PreciousMetals,587.3,587.0,587.0
PreciousMetals,587.2,587.0,586.8
PreciousMetals,587.2,587.0,586.7
PreciousMetals,587.3,587.1,586.8
PreciousMetals,587.4,587.1,586.9
PreciousMetals,587.4,587.1,586.8
PreciousMetals,587.4,587.1,586.8
PreciousMetals,587.4,587.1,586.7
PreciousMetals,587.3,587.0,586.5
PreciousMetals,587.3,586.9,586.6
PreciousMetals,587.3,586.9,586.7
PreciousMetals,587.3,586.8,586.6
PreciousMetals,587.3,586.7,586.6
PreciousMetals,587.3,586.6,586.5
PreciousMetals,587.2,586.4,586.5
PreciousMetals,587.0,586.3,586.3
PreciousMetals,586.9,586.1,586.1
PreciousMetals,586.9,586.0,586.1
PreciousMetals,586.9,586.0,586.1
PreciousMetals,586.7,585.9,586.1
PreciousMetals,586.8,585.7,586.0
PreciousMetals,586.6,585.8,586.1
PreciousMetals,586.6,585.8,586.1
PreciousMetals,586.7,585.7,586.1
PreciousMetals,586.7,585.8,586.3
PreciousMetals,586.8,585.8,586.3
PreciousMetals,586.7,585.8,586.2
PreciousMetals,586.7,585.7,586.2
PreciousMetals,586.7,585.8,586.2
PreciousMetals,586.8,585.8,586.2
PreciousMetals,586.8,585.8,586.1
PreciousMetals,586.8,585.9,586.2
PreciousMetals,586.8,585.8,585.9
PreciousMetals,586.6,585.6,585.7
PreciousMetals,586.5,585.4,585.6
PreciousMetals,586.3,585.2,585.4
PreciousMetals,586.2,585.0,585.3
PreciousMetals,586.0,584.9,585.0
PreciousMetals,585.8,584.7,584.8
PreciousMetals,585.6,584.5,584.7
PreciousMetals,585.4,584.4,584.6
PreciousMetals,585.3,584.3,584.4
PreciousMetals,585.0,584.2,584.3
PreciousMetals,584.9,584.0,584.2
PreciousMetals,584.7,583.9,584.1
PreciousMetals,584.7,583.8,583.9
PreciousMetals,584.6,583.7,583.8
PreciousMetals,584.5,583.6,583.7
PreciousMetals,584.4,583.6,583.7
PreciousMetals,584.3,583.5,583.6
PreciousMetals,584.1,583.4,583.5
PreciousMetals,571.8,571.2,571.0
PreciousMetals,571.7,571.0,570.9
PreciousMetals,571.7,571.0,570.9
PreciousMetals,571.7,570.9,570.8
PreciousMetals,571.7,570.8,570.7
PreciousMetals,571.6,570.7,570.7
PreciousMetals,571.6,570.7,570.7
PreciousMetals,571.6,570.7,570.7
PreciousMetals,571.7,570.7,570.6
PreciousMetals,571.6,570.6,570.7
PreciousMetals,571.6,570.5,570.6
PreciousMetals,571.5,570.4,570.6
PreciousMetals,571.5,570.4,570.5
PreciousMetals,571.4,570.4,570.5
PreciousMetals,571.4,570.3,570.5
PreciousMetals,571.3,570.2,570.5
PreciousMetals,571.3,570.2,570.5
PreciousMetals,571.2,570.1,570.4
PreciousMetals,571.1,570.1,570.3
PreciousMetals,571.1,570.0,570.2
PreciousMetals,571.1,569.9,570.1
PreciousMetals,571.0,569.8,570.1
PreciousMetals,570.9,569.8,570.0
PreciousMetals,570.9,569.8,570.0
PreciousMetals,570.8,569.8,570.1
PreciousMetals,570.8,569.9,570.0
PreciousMetals,570.8,569.9,570.0
PreciousMetals,570.8,569.9,570.0
PreciousMetals,570.7,569.8,569.9
PreciousMetals,570.7,569.8,569.9
PreciousMetals,570.7,569.8,569.9
PreciousMetals,570.6,569.8,569.9
PreciousMetals,570.5,569.8,569.9
PreciousMetals,570.6,569.7,569.9
PreciousMetals,570.5,569.7,569.9
PreciousMetals,570.5,569.8,569.9
PreciousMetals,570.5,569.7,570.0
PreciousMetals,570.4,569.7,569.9
PreciousMetals,570.4,569.6,569.8
PreciousMetals,570.3,569.6,569.8
PreciousMetals,570.4,569.7,569.9
PreciousMetals,570.6,569.9,570.2
PreciousMetals,570.7,570.0,570.2
PreciousMetals,570.8,570.1,570.2
PreciousMetals,570.9,570.3,570.3
PreciousMetals,570.9,570.3,570.4
PreciousMetals,571.0,570.3,570.5
PreciousMetals,571.2,570.5,570.7
PreciousMetals,571.4,570.7,570.9
PreciousMetals,571.7,570.9,571.1
PreciousMetals,571.8,571.1,571.3
PreciousMetals,572.0,571.3,571.5
PreciousMetals,572.0,571.4,571.5
PreciousMetals,572.0,571.3,571.5
PreciousMetals,572.1,571.3,571.5
PreciousMetals,572.1,571.3,571.5
PreciousMetals,572.1,571.2,571.5
PreciousMetals,572.0,571.2,571.4
PreciousMetals,572.0,571.2,571.4
PreciousMetals,571.9,571.1,571.3
PreciousMetals,571.8,571.0,571.2
PreciousMetals,571.8,570.8,571.1
PreciousMetals,571.6,570.6,571.1
PreciousMetals,571.4,570.5,570.9
PreciousMetals,571.3,570.5,570.9
PreciousMetals,571.4,570.5,570.9
PreciousMetals,571.4,570.5,570.9
PreciousMetals,571.4,570.5,570.9
PreciousMetals,571.4,570.5,571.0
PreciousMetals,571.5,570.5,571.1
PreciousMetals,571.7,570.7,571.2
PreciousMetals,572.0,571.0,571.5
PreciousMetals,572.2,571.1,571.7
PreciousMetals,572.3,571.4,571.8
PreciousMetals,572.4,571.5,571.9
PreciousMetals,572.5,571.6,572.1
PreciousMetals,572.6,571.6,572.1
PreciousMetals,572.6,571.6,572.0
PreciousMetals,572.7,571.7,572.0
PreciousMetals,572.8,571.7,572.1
PreciousMetals,572.9,571.7,572.2
PreciousMetals,572.8,571.6,572.2
PreciousMetals,572.7,571.7,572.2
PreciousMetals,572.6,571.7,572.1
PreciousMetals,572.5,571.7,572.1
PreciousMetals,572.4,571.6,572.0
PreciousMetals,572.3,571.4,571.8
PreciousMetals,572.2,571.3,571.8
PreciousMetals,572.0,571.2,571.7
PreciousMetals,571.8,571.0,571.6
PreciousMetals,571.7,570.9,571.5
PreciousMetals,571.6,570.8,571.3
PreciousMetals,571.6,570.8,571.3
PreciousMetals,571.5,570.7,571.1
PreciousMetals,571.4,570.5,571.1
PreciousMetals,571.3,570.5,571.1
PreciousMetals,571.2,570.5,571.0
PreciousMetals,571.2,570.4,570.9
PreciousMetals,571.2,570.4,570.8
PreciousMetals,571.2,570.3,570.8
PreciousMetals,572.0,570.8,571.1
PreciousMetals,571.9,570.8,571.1
PreciousMetals,571.9,570.6,570.9
PreciousMetals,571.7,570.4,570.8
PreciousMetals,571.7,570.2,570.6
PreciousMetals,571.6,570.2,570.5
PreciousMetals,571.5,570.2,570.4
PreciousMetals,571.5,570.2,570.5
PreciousMetals,571.6,570.3,570.5
PreciousMetals,571.5,570.2,570.4
PreciousMetals,571.4,570.2,570.4
PreciousMetals,571.4,570.1,570.3
PreciousMetals,571.3,570.2,570.1
PreciousMetals,571.2,570.1,570.1
PreciousMetals,571.2,570.1,570.0
PreciousMetals,571.2,570.1,570.0
PreciousMetals,571.1,570.0,570.0
PreciousMetals,571.0,569.9,570.0
PreciousMetals,571.0,569.9,570.0
PreciousMetals,570.8,569.7,569.8
PreciousMetals,570.7,569.7,569.7
PreciousMetals,570.6,569.7,569.7
PreciousMetals,570.5,569.6,569.6
PreciousMetals,570.5,569.6,569.5
PreciousMetals,570.4,569.6,569.6
PreciousMetals,570.4,569.6,569.5
PreciousMetals,570.5,569.7,569.5
PreciousMetals,570.4,569.6,569.5
PreciousMetals,570.4,569.6,569.5
PreciousMetals,570.4,569.7,569.6
PreciousMetals,570.4,569.7,569.6
PreciousMetals,570.4,569.7,569.7
PreciousMetals,570.4,569.8,569.6
PreciousMetals,570.3,569.8,569.6
PreciousMetals,570.4,569.7,569.6
PreciousMetals,570.3,569.6,569.7
PreciousMetals,570.3,569.7,569.7
PreciousMetals,570.3,569.8,569.7
PreciousMetals,570.5,569.8,569.7
PreciousMetals,570.5,569.7,569.8
PreciousMetals,570.5,569.8,569.8
PreciousMetals,570.6,569.8,569.8
PreciousMetals,570.6,570.0,569.8
PreciousMetals,570.7,570.1,569.9
PreciousMetals,570.7,570.2,569.9
PreciousMetals,570.8,570.2,569.9
PreciousMetals,570.8,570.2,569.8
PreciousMetals,570.9,570.2,569.8
PreciousMetals,571.0,570.3,569.8
PreciousMetals,571.1,570.3,569.8
PreciousMetals,571.0,570.3,569.8
PreciousMetals,570.9,570.3,569.9
PreciousMetals,571.0,570.3,569.9
PreciousMetals,571.1,570.2,569.9
PreciousMetals,571.1,570.3,569.9
PreciousMetals,571.0,570.2,569.8
PreciousMetals,571.0,570.2,569.8
PreciousMetals,571.0,570.2,569.9
PreciousMetals,571.0,570.1,569.9
PreciousMetals,571.1,570.2,569.9
PreciousMetals,571.1,570.1,569.9
PreciousMetals,571.1,570.1,570.0
PreciousMetals,571.1,570.2,570.1
PreciousMetals,571.1,570.2,570.2
PreciousMetals,571.1,570.4,570.3
PreciousMetals,571.1,570.5,570.2
PreciousMetals,571.1,570.5,570.2
PreciousMetals,571.3,570.5,570.3
PreciousMetals,571.2,570.6,570.3
PreciousMetals,571.2,570.5,570.2
PreciousMetals,571.2,570.6,570.3
PreciousMetals,571.2,570.6,570.3
PreciousMetals,571.2,570.7,570.3
PreciousMetals,571.1,570.7,570.3
PreciousMetals,571.2,570.6,570.3
PreciousMetals,571.2,570.7,570.3
PreciousMetals,571.3,570.7,570.2
PreciousMetals,571.3,570.7,570.2
PreciousMetals,571.2,570.8,570.3
PreciousMetals,571.2,570.8,570.3
PreciousMetals,571.1,570.7,570.3
PreciousMetals,571.1,570.7,570.3
PreciousMetals,570.9,570.7,570.4
PreciousMetals,570.9,570.7,570.4
PreciousMetals,570.9,570.7,570.6
PreciousMetals,570.9,570.6,570.5
PreciousMetals,570.7,570.6,570.5
PreciousMetals,570.8,570.7,570.5
PreciousMetals,570.9,570.8,570.6
PreciousMetals,570.8,570.7,570.6
PreciousMetals,570.8,570.6,570.5
PreciousMetals,570.8,570.7,570.5
PreciousMetals,570.8,570.6,570.5
PreciousMetals,570.8,570.6,570.5
PreciousMetals,570.9,570.6,570.5
PreciousMetals,570.9,570.5,570.6
PreciousMetals,570.9,570.5,570.8
PreciousMetals,570.9,570.5,570.8
PreciousMetals,570.9,570.6,570.9
PreciousMetals,571.0,570.5,571.0
PreciousMetals,572.9,572.3,572.4
PreciousMetals,572.9,572.3,572.5
PreciousMetals,573.0,572.3,572.5
PreciousMetals,573.1,572.5,572.6
PreciousMetals,573.1,572.6,572.7
PreciousMetals,573.3,572.7,572.8
PreciousMetals,573.4,572.9,573.1
PreciousMetals,573.4,573.0,573.1
PreciousMetals,573.4,573.0,573.1
PreciousMetals,573.5,573.0,573.2
PreciousMetals,573.6,573.1,573.4
PreciousMetals,573.7,573.2,573.4
PreciousMetals,573.5,572.9,573.2
PreciousMetals,573.3,572.7,573.1
PreciousMetals,573.1,572.6,572.9
PreciousMetals,572.9,572.5,572.9
PreciousMetals,572.9,572.5,572.9
PreciousMetals,572.8,572.3,572.7
PreciousMetals,572.6,572.1,572.5
PreciousMetals,572.5,572.0,572.4
PreciousMetals,572.5,572.0,572.3
PreciousMetals,572.4,571.9,572.3
PreciousMetals,572.3,571.7,572.1
PreciousMetals,572.0,571.6,571.8
PreciousMetals,571.8,571.3,571.5
PreciousMetals,571.6,571.3,571.2
PreciousMetals,571.5,571.1,571.0
PreciousMetals,571.4,570.9,570.8
PreciousMetals,571.1,570.8,570.6
PreciousMetals,571.0,570.7,570.6
PreciousMetals,570.9,570.6,570.4
PreciousMetals,570.8,570.4,570.3
PreciousMetals,570.6,570.3,570.1
PreciousMetals,570.5,570.3,570.0
PreciousMetals,570.4,570.1,570.0
PreciousMetals,570.2,570.1,570.0
PreciousMetals,570.2,570.1,569.9
PreciousMetals,570.1,569.9,569.8
PreciousMetals,570.0,569.8,569.7
PreciousMetals,570.0,569.7,569.8
PreciousMetals,570.0,569.7,569.7
PreciousMetals,569.9,569.6,569.6
PreciousMetals,569.9,569.6,569.6
PreciousMetals,569.9,569.5,569.6
PreciousMetals,569.9,569.5,569.5
PreciousMetals,569.8,569.5,569.5
PreciousMetals,569.8,569.5,569.5
PreciousMetals,569.7,569.4,569.5
PreciousMetals,569.7,569.3,569.4
PreciousMetals,569.8,569.3,569.5
PreciousMetals,569.8,569.3,569.3
PreciousMetals,569.8,569.2,569.3
PreciousMetals,569.8,569.2,569.3
PreciousMetals,569.8,569.3,569.4
PreciousMetals,569.8,569.3,569.5
PreciousMetals,569.8,569.3,569.3
PreciousMetals,569.9,569.4,569.4
PreciousMetals,569.9,569.4,569.5
PreciousMetals,570.0,569.5,569.6
PreciousMetals,570.2,569.7,569.8
PreciousMetals,570.2,569.7,569.8
PreciousMetals,570.4,569.9,570.0
PreciousMetals,570.6,569.9,570.1
PreciousMetals,570.7,569.9,570.1
PreciousMetals,570.9,570.1,570.3
PreciousMetals,571.0,570.3,570.5
PreciousMetals,571.2,570.4,570.5
PreciousMetals,571.2,570.4,570.6
PreciousMetals,571.3,570.6,570.7
PreciousMetals,571.4,570.7,570.7
PreciousMetals,571.3,570.7,570.6
PreciousMetals,571.4,570.8,570.7
PreciousMetals,571.4,570.9,570.8
PreciousMetals,571.5,570.9,570.8
PreciousMetals,571.8,571.0,571.1
PreciousMetals,572.0,571.3,571.3
PreciousMetals,572.2,571.5,571.5
PreciousMetals,572.5,571.7,571.7
PreciousMetals,572.6,571.9,571.8
PreciousMetals,572.7,572.0,572.0
PreciousMetals,572.8,572.1,572.0
PreciousMetals,572.9,572.2,572.1
PreciousMetals,573.1,572.4,572.2
PreciousMetals,573.2,572.5,572.3
PreciousMetals,573.3,572.5,572.4
PreciousMetals,573.3,572.6,572.4
PreciousMetals,573.5,572.7,572.5
PreciousMetals,573.5,572.7,572.5
PreciousMetals,573.5,572.7,572.5
PreciousMetals,573.6,572.8,572.6
PreciousMetals,573.7,572.8,572.7
PreciousMetals,573.7,572.9,572.8
PreciousMetals,573.9,573.0,572.9
PreciousMetals,573.9,573.2,573.1
PreciousMetals,574.1,573.2,573.3
PreciousMetals,574.2,573.3,573.5
PreciousMetals,574.3,573.5,573.7
PreciousMetals,574.5,573.6,573.9
PreciousMetals,574.6,573.6,573.9
PreciousMetals,574.6,573.5,573.9
PreciousMetals,570.3,569.2,569.0
PreciousMetals,570.3,569.2,569.0
PreciousMetals,570.4,569.1,569.0
PreciousMetals,570.4,569.0,569.0
PreciousMetals,570.4,569.0,569.1
PreciousMetals,570.4,569.0,569.1
PreciousMetals,570.4,569.0,569.1
PreciousMetals,570.3,569.0,569.1
PreciousMetals,570.3,569.0,569.1
PreciousMetals,570.3,569.0,569.2
PreciousMetals,570.2,569.1,569.2
PreciousMetals,570.2,569.1,569.2
PreciousMetals,570.2,569.1,569.3
PreciousMetals,570.2,569.0,569.4
PreciousMetals,570.2,569.0,569.4
PreciousMetals,570.1,569.0,569.3
PreciousMetals,570.0,569.0,569.4
PreciousMetals,570.0,569.0,569.3
PreciousMetals,570.1,569.0,569.2
PreciousMetals,570.1,569.0,569.2
PreciousMetals,570.0,569.0,569.1
PreciousMetals,570.0,569.0,569.1
PreciousMetals,569.9,569.0,569.2
PreciousMetals,569.9,569.0,569.2
PreciousMetals,569.9,568.9,569.2
PreciousMetals,569.8,568.9,569.0
PreciousMetals,569.8,568.9,569.0
PreciousMetals,569.8,569.0,569.0
PreciousMetals,569.7,568.9,569.0
PreciousMetals,569.8,568.9,569.0
PreciousMetals,569.8,569.0,569.1
PreciousMetals,569.9,569.1,569.2
PreciousMetals,569.9,569.1,569.2
PreciousMetals,570.0,569.2,569.3
PreciousMetals,569.9,569.1,569.3
PreciousMetals,569.9,569.1,569.2
PreciousMetals,570.0,569.0,569.2
PreciousMetals,569.8,568.9,569.2
PreciousMetals,569.8,568.8,569.2
PreciousMetals,569.8,568.7,569.2
PreciousMetals,569.8,568.7,569.2
PreciousMetals,569.8,568.6,569.1
PreciousMetals,569.8,568.6,569.0
PreciousMetals,569.7,568.6,569.0
PreciousMetals,569.7,568.7,569.0
PreciousMetals,569.7,568.7,569.0
PreciousMetals,569.5,568.8,568.9
PreciousMetals,569.5,568.8,568.8
PreciousMetals,569.7,569.0,569.1
PreciousMetals,569.9,569.2,569.3
PreciousMetals,570.1,569.4,569.6
PreciousMetals,570.5,569.8,569.9
PreciousMetals,570.7,570.0,570.2
PreciousMetals,571.0,570.4,570.4
PreciousMetals,571.4,570.7,570.7
PreciousMetals,571.6,571.0,571.0
PreciousMetals,571.9,571.3,571.2
PreciousMetals,572.1,571.6,571.6
PreciousMetals,572.5,571.9,571.8
PreciousMetals,572.6,571.9,571.9
PreciousMetals,572.9,572.1,572.2
PreciousMetals,573.2,572.5,572.5
PreciousMetals,573.3,572.5,572.6
PreciousMetals,573.2,572.4,572.4
PreciousMetals,573.3,572.4,572.6
PreciousMetals,573.6,572.7,572.8
PreciousMetals,573.7,572.8,572.9
PreciousMetals,573.4,572.7,572.9
PreciousMetals,573.6,572.8,573.1
PreciousMetals,573.8,572.9,573.2
PreciousMetals,573.8,572.9,573.2
PreciousMetals,573.9,573.0,573.2
PreciousMetals,574.0,573.2,573.4
PreciousMetals,574.1,573.3,573.4
PreciousMetals,574.2,573.4,573.6
PreciousMetals,574.2,573.5,573.6
PreciousMetals,574.3,573.5,573.7
PreciousMetals,574.3,573.5,573.7
PreciousMetals,574.3,573.6,573.7
PreciousMetals,574.3,573.6,573.7
PreciousMetals,574.4,573.6,573.8
PreciousMetals,574.3,573.6,573.8
PreciousMetals,574.2,573.5,573.8
PreciousMetals,574.2,573.6,573.9
PreciousMetals,574.2,573.6,573.8
PreciousMetals,574.1,573.5,573.8
PreciousMetals,574.1,573.6,573.8
PreciousMetals,574.1,573.7,573.9
PreciousMetals,574.1,573.7,573.9
PreciousMetals,574.2,573.8,574.0
PreciousMetals,574.2,573.8,574.0
PreciousMetals,574.3,574.0,574.2
PreciousMetals,574.3,574.0,574.3
PreciousMetals,574.4,574.2,574.4
PreciousMetals,574.6,574.3,574.4
PreciousMetals,574.6,574.3,574.4
PreciousMetals,574.7,574.3,574.4
PreciousMetals,574.7,574.3,574.4
PreciousMetals,574.7,574.3,574.3
PreciousMetals,574.7,574.2,574.2
PreciousMetals,569.1,568.1,568.6
PreciousMetals,569.5,568.5,568.9
PreciousMetals,569.8,568.8,569.2
PreciousMetals,570.0,569.0,569.5
PreciousMetals,570.3,569.2,569.7
PreciousMetals,570.5,569.4,570.0
PreciousMetals,570.7,569.6,570.1
PreciousMetals,570.9,569.7,570.3
PreciousMetals,571.0,569.9,570.4
PreciousMetals,571.2,570.0,570.5
PreciousMetals,571.3,570.1,570.7
PreciousMetals,571.4,570.3,570.8
PreciousMetals,571.3,570.3,570.6
PreciousMetals,571.3,570.3,570.6
PreciousMetals,571.1,570.2,570.4
PreciousMetals,571.0,570.2,570.3
PreciousMetals,570.9,570.1,570.2
PreciousMetals,570.9,570.0,570.0
PreciousMetals,570.9,570.1,570.0
PreciousMetals,570.9,570.0,569.9
PreciousMetals,570.9,569.9,569.9
PreciousMetals,571.0,570.0,569.9
PreciousMetals,571.1,570.1,569.9
PreciousMetals,571.1,570.1,570.0
PreciousMetals,571.1,570.1,570.0
PreciousMetals,571.2,570.2,570.1
PreciousMetals,571.2,570.3,570.2
PreciousMetals,571.1,570.3,570.1
PreciousMetals,570.9,570.0,569.9
PreciousMetals,570.7,569.9,569.8
PreciousMetals,570.5,569.7,569.6
PreciousMetals,570.4,569.6,569.4
PreciousMetals,570.3,569.4,569.4
PreciousMetals,570.1,569.2,569.4
PreciousMetals,569.9,569.1,569.2
PreciousMetals,569.7,569.0,569.1
PreciousMetals,569.6,568.8,568.9
PreciousMetals,569.5,568.6,568.7
PreciousMetals,569.3,568.5,568.5
PreciousMetals,569.2,568.4,568.4
PreciousMetals,569.2,568.3,568.4
PreciousMetals,569.0,568.1,568.3
PreciousMetals,568.8,568.1,568.2
PreciousMetals,568.6,567.9,568.2
PreciousMetals,568.5,567.8,567.9
PreciousMetals,568.3,567.7,567.8
PreciousMetals,568.2,567.6,567.6
PreciousMetals,568.0,567.5,567.5
PreciousMetals,567.9,567.4,567.4
PreciousMetals,567.8,567.3,567.2
PreciousMetals,567.7,567.3,567.1
PreciousMetals,567.7,567.4,567.1
PreciousMetals,567.6,567.4,567.1
PreciousMetals,567.6,567.3,567.1
PreciousMetals,567.5,567.2,567.0
PreciousMetals,567.5,567.2,567.0
PreciousMetals,567.5,567.1,567.0
PreciousMetals,567.4,567.1,567.0
PreciousMetals,567.3,567.0,566.9
PreciousMetals,567.2,566.9,566.8
PreciousMetals,567.1,566.9,566.6
PreciousMetals,567.1,566.8,566.6
PreciousMetals,567.2,566.8,566.5
PreciousMetals,567.2,566.7,566.3
PreciousMetals,567.1,566.7,566.3
PreciousMetals,567.1,566.6,566.4
PreciousMetals,567.0,566.6,566.4
PreciousMetals,566.9,566.6,566.4
PreciousMetals,566.8,566.6,566.3
PreciousMetals,566.8,566.6,566.2
PreciousMetals,566.8,566.6,566.2
PreciousMetals,566.7,566.6,566.3
PreciousMetals,566.6,566.6,566.3
PreciousMetals,566.7,566.5,566.3
PreciousMetals,566.7,566.5,566.3
PreciousMetals,566.7,566.5,566.2
PreciousMetals,566.7,566.5,566.2
PreciousMetals,566.7,566.5,566.2
PreciousMetals,566.7,566.5,566.3
PreciousMetals,566.7,566.4,566.3
PreciousMetals,566.7,566.4,566.2
PreciousMetals,566.7,566.4,566.1
PreciousMetals,566.7,566.4,566.1
PreciousMetals,566.7,566.3,566.1
PreciousMetals,566.8,566.3,566.0
PreciousMetals,566.7,566.2,566.0
PreciousMetals,566.7,566.2,566.0
PreciousMetals,566.7,566.2,566.0
PreciousMetals,566.6,566.2,565.9
PreciousMetals,566.7,566.2,565.9
PreciousMetals,566.7,566.2,565.8
PreciousMetals,566.7,566.1,565.8
PreciousMetals,566.8,566.1,565.8
PreciousMetals,566.8,566.0,565.9
PreciousMetals,566.8,566.1,565.9
PreciousMetals,566.8,566.1,565.8
PreciousMetals,566.8,566.0,565.8
PreciousMetals,566.8,566.0,565.9
PreciousMetals,566.8,566.1,566.0
PreciousMetals,566.8,566.0,566.0























